DATETIME,price
2021-10-21 23:00:00,2783.0
2021-10-22 23:00:00,2784.0
2021-10-25 23:00:00,2777.0
2021-10-26 23:00:00,2754.0
2021-10-27 23:00:00,2784.0
2021-10-28 23:00:00,2879.0
2021-10-29 23:00:00,2880.0
2021-11-01 23:00:00,2874.0
2021-11-02 23:00:00,2866.0
2021-11-03 23:00:00,2865.0
2021-11-04 23:00:00,2875.0
2021-11-05 23:00:00,2894.0
2021-11-08 23:00:00,2927.0
2021-11-15 23:00:00,2941.0
2021-11-22 23:00:00,2885.0
2021-11-23 23:00:00,2884.0
2021-11-24 23:00:00,2942.0
2021-11-25 23:00:00,2970.0
2021-11-26 23:00:00,2969.0
2021-11-29 23:00:00,2984.0
2021-11-30 23:00:00,2958.0
2021-12-01 23:00:00,2952.0
2021-12-02 23:00:00,2967.0
2021-12-03 23:00:00,2962.0
2021-12-06 23:00:00,2871.0
2021-12-13 23:00:00,2962.0
2021-12-20 23:00:00,2977.0
2021-12-22 23:00:00,2958.0
2021-12-23 23:00:00,2928.0
2021-12-24 23:00:00,2957.0
2021-12-27 23:00:00,2981.0
2021-12-28 23:00:00,2973.0
2021-12-29 23:00:00,2962.0
2021-12-30 23:00:00,2970.0
2021-12-31 23:00:00,2973.0
2022-01-03 23:00:00,2990.0
2022-01-10 23:00:00,2981.0
2022-01-17 23:00:00,2848.0
2022-01-24 23:00:00,2750.0
2022-01-25 23:00:00,2818.0
2022-01-26 23:00:00,2842.0
2022-01-27 23:00:00,2836.0
2022-01-28 23:00:00,2847.0
2022-01-31 23:00:00,2849.0
2022-02-07 23:00:00,2863.0
2022-02-14 23:00:00,2807.0
2022-02-21 23:00:00,2877.0
2022-02-22 23:00:00,2830.0
2022-02-23 23:00:00,2862.0
2022-02-24 23:00:00,2829.0
2022-02-25 23:00:00,2843.0
2022-02-28 23:00:00,2816.0
2022-03-14 23:00:00,2723.0
2022-03-21 23:00:00,2804.0
2022-03-23 23:00:00,2825.0
2022-03-25 23:00:00,2794.0
2022-03-28 23:00:00,2802.0
2022-03-29 23:00:00,2784.0
2022-03-30 23:00:00,2776.0
2022-03-31 23:00:00,2784.0
2022-04-01 23:00:00,2813.0
2022-04-04 23:00:00,2848.0
2022-04-11 23:00:00,2773.0
2022-04-18 23:00:00,2648.0
2022-04-21 23:00:00,2583.0
2022-04-22 23:00:00,2568.0
2022-04-25 23:00:00,2466.0
2022-04-26 23:00:00,2462.0
2022-04-27 23:00:00,2505.0
2022-04-28 23:00:00,2495.0
2022-04-29 23:00:00,2539.0
2022-05-02 23:00:00,2542.0
2022-05-16 23:00:00,2211.0
2022-05-23 23:00:00,2288.0
2022-05-24 23:00:00,2297.0
2022-05-25 23:00:00,2361.0
2022-05-26 23:00:00,2354.0
2022-05-27 23:00:00,2388.0
2022-05-30 23:00:00,2391.0
2022-05-31 23:00:00,2383.0
2022-06-01 23:00:00,2383.0
2022-06-02 23:00:00,2404.0
2022-06-06 23:00:00,2364.0
2022-06-13 23:00:00,2267.0
2022-06-20 23:00:00,2178.0
2022-06-23 23:00:00,2173.0
2022-06-24 23:00:00,2188.0
2022-06-27 23:00:00,2228.0
2022-06-28 23:00:00,2239.0
2022-06-29 23:00:00,2228.0
2022-06-30 23:00:00,2217.0
2022-07-01 23:00:00,2175.0
2022-07-04 23:00:00,2203.0
2022-07-11 23:00:00,2158.0
2022-07-18 23:00:00,2167.0
2022-07-25 23:00:00,2188.0
2022-07-27 23:00:00,2170.0
2022-07-28 23:00:00,2208.0
2022-07-29 23:00:00,2216.0
2022-08-01 23:00:00,2248.0
2022-08-02 23:00:00,2249.0
2022-08-03 23:00:00,2267.0
2022-08-04 23:00:00,2286.0
2022-08-05 23:00:00,2286.0
2022-08-08 23:00:00,2292.0
2022-08-15 23:00:00,2319.0
2022-08-22 23:00:00,2301.0
2022-08-25 23:00:00,2327.0
2022-08-29 23:00:00,2303.0
2022-08-30 23:00:00,2317.0
2022-08-31 23:00:00,2305.0
2022-09-05 23:00:00,2314.0
2022-09-06 23:00:00,2315.0
2022-09-07 23:00:00,2295.0
2022-09-08 23:00:00,2255.0
2022-09-09 23:00:00,2264.0
2022-09-12 23:00:00,2278.0
2022-09-14 23:00:00,2240.0
2022-09-19 23:00:00,2203.0
2022-09-23 23:00:00,2205.0
2022-09-26 23:00:00,2139.0
2022-09-27 23:00:00,2130.0
2022-09-28 23:00:00,2061.0
2022-09-29 23:00:00,2072.0
2022-09-30 23:00:00,2023.0
2022-10-03 23:00:00,1976.0
2022-10-10 23:00:00,1920.0
2022-10-17 23:00:00,1909.0
2022-10-21 02:15:00,1903.0
2022-10-21 07:00:00,1830.0
2022-10-21 08:00:00,1821.0
2022-10-21 23:00:00,1821.0
2022-10-24 03:00:00,1821.0
2022-10-24 04:00:00,1806.0
2022-10-24 07:00:00,1732.0
2022-10-24 23:00:00,1761.0
2022-10-25 03:00:00,1733.0
2022-10-25 04:00:00,1752.0
2022-10-25 05:00:00,1775.0
2022-10-25 07:00:00,1771.0
2022-10-25 23:00:00,1790.0
2022-10-26 05:00:00,1753.0
2022-10-26 06:00:00,1757.0
2022-10-26 07:00:00,1755.0
2022-10-26 08:00:00,1774.0
2022-10-26 23:00:00,1774.0
2022-10-27 03:00:00,1788.0
2022-10-27 04:00:00,1796.0
2022-10-27 07:00:00,1815.0
2022-10-27 23:00:00,1815.0
2022-10-28 03:00:00,1829.0
2022-10-28 04:00:00,1811.0
2022-10-28 05:00:00,1854.0
2022-10-28 23:00:00,1854.0
2022-10-31 03:00:00,1776.0
2022-10-31 04:00:00,1767.0
2022-10-31 05:00:00,1765.0
2022-10-31 23:00:00,1812.0
2022-11-01 04:00:00,1811.0
2022-11-01 07:00:00,1806.0
2022-11-01 23:00:00,1823.0
2022-11-02 03:00:00,1822.0
2022-11-02 05:00:00,1797.0
2022-11-02 06:00:00,1799.0
2022-11-02 23:00:00,1799.0
2022-11-03 03:00:00,1785.0
2022-11-03 04:00:00,1787.0
2022-11-03 06:00:00,1778.0
2022-11-03 07:00:00,1780.0
2022-11-03 23:00:00,1791.0
2022-11-04 03:00:00,1712.0
2022-11-04 04:00:00,1707.0
2022-11-04 05:00:00,1712.0
2022-11-04 23:00:00,1712.0
2022-11-07 03:00:00,1701.0
2022-11-07 06:00:00,1701.0
2022-11-07 23:00:00,1706.0
2022-11-08 02:00:00,1672.0
2022-11-08 03:00:00,1684.0
2022-11-08 04:00:00,1666.0
2022-11-08 05:00:00,1660.0
2022-11-08 06:00:00,1671.0
2022-11-08 07:00:00,1661.0
2022-11-08 23:00:00,1702.0
2022-11-09 02:00:00,1701.0
2022-11-09 03:00:00,1692.0
2022-11-09 04:00:00,1692.0
2022-11-09 06:00:00,1667.0
2022-11-09 07:00:00,1693.0
2022-11-09 23:00:00,1693.0
2022-11-10 03:00:00,1648.0
2022-11-10 06:00:00,1616.0
2022-11-10 07:00:00,1562.0
2022-11-10 23:00:00,1628.0
2022-11-11 03:00:00,1661.0
2022-11-11 04:00:00,1653.0
2022-11-11 07:00:00,1630.0
2022-11-11 23:00:00,1630.0
2022-11-14 05:00:00,1590.0
2022-11-14 23:00:00,1632.0
2022-11-15 05:00:00,1576.0
2022-11-15 06:00:00,1571.0
2022-11-15 23:00:00,1607.0
2022-11-16 03:00:00,1563.0
2022-11-16 04:00:00,1627.0
2022-11-16 05:00:00,1610.0
2022-11-16 06:00:00,1605.0
2022-11-16 23:00:00,1605.0
2022-11-17 03:00:00,1663.0
2022-11-17 04:00:00,1668.0
2022-11-17 05:00:00,1676.0
2022-11-17 23:00:00,1676.0
2022-11-18 02:00:00,1701.0
2022-11-18 03:00:00,1685.0
2022-11-18 04:00:00,1665.0
2022-11-18 05:00:00,1667.0
2022-11-18 23:00:00,1667.0
2022-11-21 03:00:00,1694.0
2022-11-21 04:00:00,1686.0
2022-11-21 05:00:00,1681.0
2022-11-21 23:00:00,1689.0
2022-11-22 04:00:00,1708.0
2022-11-22 05:00:00,1696.0
2022-11-22 23:00:00,1662.0
2022-11-23 05:00:00,1654.0
2022-11-23 06:00:00,1654.0
2022-11-23 07:00:00,1650.0
2022-11-23 23:00:00,1650.0
2022-11-24 04:00:00,1634.0
2022-11-24 05:00:00,1636.0
2022-11-24 23:00:00,1648.0
2022-11-25 03:00:00,1678.0
2022-11-25 04:00:00,1676.0
2022-11-25 06:00:00,1681.0
2022-11-25 07:00:00,1701.0
2022-11-25 23:00:00,1701.0
2022-11-28 03:00:00,1743.0
2022-11-28 06:00:00,1766.0
2022-11-28 07:00:00,1773.0
2022-11-28 07:00:01,1773.0
2022-11-28 23:00:00,1760.0
2022-11-30 05:00:00,1802.0
2022-11-30 23:00:00,1802.0
2022-12-01 05:00:00,1863.0
2022-12-01 06:00:00,1851.0
2022-12-01 07:00:00,1836.0
2022-12-01 23:00:00,1836.0
2022-12-02 04:00:00,1822.0
2022-12-02 05:00:00,1826.0
2022-12-02 23:00:00,1826.0
2022-12-05 03:00:00,1923.0
2022-12-05 04:00:00,1911.0
2022-12-05 23:00:00,1942.0
2022-12-06 04:00:00,1891.0
2022-12-06 23:00:00,1861.0
2022-12-07 03:00:00,1850.0
2022-12-07 04:00:00,1864.0
2022-12-07 05:00:00,1858.0
2022-12-07 06:00:00,1870.0
2022-12-07 23:00:00,1864.0
2022-12-08 03:00:00,1920.0
2022-12-08 04:00:00,1903.0
2022-12-08 05:00:00,1908.0
2022-12-08 06:00:00,1908.0
2022-12-08 23:00:00,1867.0
2022-12-09 05:00:00,1868.0
2022-12-09 23:00:00,1868.0
2022-12-12 03:00:00,1868.0
2022-12-12 04:00:00,1863.0
2022-12-12 05:00:00,1862.0
2022-12-12 23:00:00,1803.0
2022-12-13 04:00:00,1803.0
2022-12-13 05:00:00,1805.0
2022-12-13 07:00:00,1805.0
2022-12-13 23:00:00,1829.0
2022-12-14 02:00:00,1828.0
2022-12-14 03:00:00,1832.0
2022-12-14 05:00:00,1818.0
2022-12-14 23:00:00,1827.0
2022-12-15 03:00:00,1831.0
2022-12-15 05:00:00,1831.0
2022-12-15 06:00:00,1827.0
2022-12-15 23:00:00,1824.0
2022-12-16 04:00:00,1827.0
2022-12-16 05:00:00,1826.0
2022-12-16 23:00:00,1826.0
2022-12-19 05:00:00,1841.0
2022-12-19 06:00:00,1828.0
2022-12-19 07:00:00,1794.0
2022-12-19 23:00:00,1788.0
2022-12-20 03:00:00,1767.0
2022-12-20 04:00:00,1754.0
2022-12-20 05:00:00,1744.0
2022-12-20 06:00:00,1751.0
2022-12-20 23:00:00,1756.0
2022-12-21 02:00:00,1769.0
2022-12-21 05:00:00,1760.0
2022-12-21 23:00:00,1748.0
2022-12-22 05:00:00,1755.0
2022-12-22 23:00:00,1755.0
2022-12-23 04:00:00,1730.0
2022-12-23 05:00:00,1733.0
2022-12-23 23:00:00,1733.0
2022-12-26 05:00:00,1731.0
2022-12-26 23:00:00,1696.0
2022-12-27 01:00:00,1696.0
2022-12-27 04:00:00,1707.0
2022-12-27 05:00:00,1694.0
2022-12-27 06:00:00,1686.0
2022-12-27 07:00:00,1686.0
2022-12-27 23:00:00,1709.0
2022-12-28 02:00:00,1706.0
2022-12-28 03:00:00,1704.0
2022-12-28 04:00:00,1707.0
2022-12-28 05:00:00,1709.0
2022-12-28 05:00:01,1709.0
2022-12-28 23:00:00,1709.0
2022-12-29 02:00:00,1715.0
2022-12-29 03:00:00,1706.0
2022-12-29 04:00:00,1702.0
2022-12-29 06:00:00,1704.0
2022-12-29 07:00:00,1703.0
2022-12-29 23:00:00,1703.0
2022-12-30 04:00:00,1717.0
2022-12-30 05:00:00,1718.0
2022-12-30 23:00:00,1718.0
2023-01-03 02:00:00,1710.0
2023-01-03 04:00:00,1720.0
2023-01-03 05:00:00,1717.0
2023-01-03 06:00:00,1730.0
2023-01-03 07:00:00,1753.0
2023-01-03 23:00:00,1772.0
2023-01-04 04:00:00,1762.0
2023-01-04 05:00:00,1762.0
2023-01-04 23:00:00,1762.0
2023-01-05 03:00:00,1787.0
2023-01-05 04:00:00,1782.0
2023-01-05 23:00:00,1782.0
2023-01-06 03:00:00,1792.0
2023-01-06 05:00:00,1794.0
2023-01-06 06:00:00,1771.0
2023-01-06 07:00:00,1773.0
2023-01-06 23:00:00,1773.0
2023-01-09 02:00:00,1793.0
2023-01-09 03:00:00,1794.0
2023-01-09 05:00:00,1792.0
2023-01-09 23:00:00,1789.0
2023-01-10 02:00:00,1792.0
2023-01-10 04:00:00,1780.0
2023-01-10 23:00:00,1788.0
2023-01-11 02:00:00,1797.0
2023-01-11 04:00:00,1809.0
2023-01-11 05:00:00,1810.0
2023-01-11 06:00:00,1804.0
2023-01-11 23:00:00,1804.0
2023-01-12 03:00:00,1788.0
2023-01-12 04:00:00,1790.0
2023-01-12 06:00:00,1787.0
2023-01-12 23:00:00,1787.0
2023-01-13 02:00:00,1810.0
2023-01-13 04:00:00,1800.0
2023-01-13 05:00:00,1801.0
2023-01-13 23:00:00,1801.0
2023-01-16 04:00:00,1795.0
2023-01-16 07:00:00,1799.0
2023-01-16 23:00:00,1796.0
2023-01-18 02:00:00,1876.0
2023-01-18 03:00:00,1869.0
2023-01-18 04:00:00,1868.0
2023-01-18 05:00:00,1877.0
2023-01-18 07:00:00,1880.0
2023-01-18 09:00:00,1875.0
2023-01-18 23:00:00,1880.0
2023-01-19 02:00:00,1881.0
2023-01-19 23:00:00,1881.0
2023-01-20 01:00:00,1858.0
2023-01-20 06:00:00,1895.0
2023-01-20 23:00:00,1895.0
2023-01-23 04:00:00,1895.0
2023-01-23 04:00:01,1895.0
2023-01-23 04:00:02,1895.0
2023-01-23 23:00:00,1894.0
2023-01-25 02:00:00,1885.0
2023-01-25 23:00:00,1886.0
2023-01-26 03:00:00,1882.0
2023-01-26 23:00:00,1882.0
2023-01-30 02:00:00,1896.0
2023-01-30 03:00:00,1868.0
2023-01-30 07:00:00,1858.0
2023-01-30 23:00:00,1864.0
2023-01-31 02:00:00,1864.0
2023-01-31 06:00:00,1847.0
2023-01-31 23:00:00,1862.0
2023-02-01 04:00:00,1856.0
2023-02-01 05:00:00,1850.0
2023-02-01 23:00:00,1801.0
2023-02-02 05:00:00,1807.0
2023-02-02 23:00:00,1805.0
2023-02-03 05:00:00,1810.0
2023-02-03 07:00:00,1798.0
2023-02-03 23:00:00,1798.0
2023-02-06 02:00:00,1790.0
2023-02-06 04:00:00,1801.0
2023-02-06 05:00:00,1800.0
2023-02-06 07:00:00,1813.0
2023-02-06 23:00:00,1822.0
2023-02-07 02:00:00,1817.0
2023-02-07 03:00:00,1813.0
2023-02-07 05:00:00,1801.0
2023-02-07 06:00:00,1790.0
2023-02-07 07:00:00,1772.0
2023-02-07 23:00:00,1768.0
2023-02-08 02:00:00,1770.0
2023-02-08 03:00:00,1782.0
2023-02-08 05:00:00,1770.0
2023-02-08 06:00:00,1778.0
2023-02-08 23:00:00,1777.0
2023-02-09 03:00:00,1774.0
2023-02-09 04:00:00,1773.0
2023-02-09 04:00:01,1773.0
2023-02-09 04:00:02,1773.0
2023-02-09 23:00:00,1753.0
2023-02-13 23:00:00,1726.0
2023-02-14 23:00:00,1720.0
2023-02-15 23:00:00,1731.0
2023-02-20 05:00:00,1784.0
2023-02-20 23:00:00,1799.0
2023-02-21 23:00:00,1797.0
2023-02-22 03:00:00,1778.0
2023-02-22 23:00:00,1741.0
2023-02-23 23:00:00,1719.0
2023-02-24 05:00:00,1700.0
2023-02-24 14:00:00,1786.0
2023-02-24 15:00:00,1807.0
2023-02-24 23:00:00,1700.0
2023-02-25 23:00:00,1807.0
2023-02-27 02:00:00,1687.0
2023-02-27 03:00:00,1687.0
2023-02-27 23:00:00,1661.0
2023-02-28 02:00:00,1676.0
2023-02-28 03:00:00,1680.0
2023-02-28 04:00:00,1689.0
2023-02-28 05:00:00,1690.0
2023-02-28 06:00:00,1671.0
2023-02-28 07:00:00,1669.0
2023-02-28 23:00:00,1666.0
2023-03-01 02:00:00,1660.0
2023-03-01 03:00:00,1672.0
2023-03-01 04:00:00,1682.0
2023-03-01 05:00:00,1685.0
2023-03-01 06:00:00,1686.0
2023-03-01 07:00:00,1693.0
2023-03-01 23:00:00,1687.0
2023-03-02 02:00:00,1695.0
2023-03-02 03:00:00,1693.0
2023-03-02 04:00:00,1692.0
2023-03-02 05:00:00,1697.0
2023-03-02 06:00:00,1692.0
2023-03-02 07:00:00,1681.0
2023-03-02 23:00:00,1680.0
2023-03-03 02:00:00,1694.0
2023-03-03 03:00:00,1685.0
2023-03-03 04:00:00,1678.0
2023-03-03 05:00:00,1681.0
2023-03-03 06:00:00,1685.0
2023-03-03 07:00:00,1663.0
2023-03-03 23:00:00,1663.0
2023-03-06 02:00:00,1700.0
2023-03-06 03:00:00,1696.0
2023-03-06 04:00:00,1701.0
2023-03-06 05:00:00,1701.0
2023-03-06 07:00:00,1667.0
2023-03-06 23:00:00,1667.0
2023-03-07 02:00:00,1703.0
2023-03-07 03:00:00,1699.0
2023-03-07 04:00:00,1698.0
2023-03-07 05:00:00,1697.0
2023-03-07 06:00:00,1703.0
2023-03-07 07:00:00,1697.0
2023-03-07 23:00:00,1696.0
2023-03-08 02:00:00,1690.0
2023-03-08 03:00:00,1698.0
2023-03-08 04:00:00,1701.0
2023-03-08 05:00:00,1699.0
2023-03-08 06:00:00,1699.0
2023-03-08 07:00:00,1719.0
2023-03-08 11:00:00,1711.0
2023-03-08 23:00:00,1708.0
2023-03-09 02:00:00,1726.0
2023-03-09 03:00:00,1729.0
2023-03-09 04:00:00,1726.0
2023-03-09 05:00:00,1726.0
2023-03-09 06:00:00,1724.0
2023-03-09 07:00:00,1740.0
2023-03-09 13:00:00,1724.0
2023-03-09 23:00:00,1721.0
2023-03-10 02:00:00,1716.0
2023-03-10 03:00:00,1724.0
2023-03-10 04:00:00,1715.0
2023-03-10 05:00:00,1716.0
2023-03-10 06:00:00,1726.0
2023-03-10 07:00:00,1722.0
2023-03-10 10:00:00,1726.0
2023-03-10 23:00:00,1722.0
2023-03-11 23:00:00,1726.0
2023-03-13 02:00:00,1725.0
2023-03-13 03:00:00,1741.0
2023-03-13 04:00:00,1742.0
2023-03-13 05:00:00,1744.0
2023-03-13 06:00:00,1740.0
2023-03-13 07:00:00,1731.0
2023-03-13 23:00:00,1726.0
2023-03-14 02:00:00,1726.0
2023-03-14 03:00:00,1721.0
2023-03-14 04:00:00,1718.0
2023-03-14 05:00:00,1718.0
2023-03-14 06:00:00,1707.0
2023-03-14 07:00:00,1713.0
2023-03-14 23:00:00,1708.0
2023-03-15 02:00:00,1733.0
2023-03-15 03:00:00,1747.0
2023-03-15 04:00:00,1740.0
2023-03-15 05:00:00,1735.0
2023-03-15 06:00:00,1741.0
2023-03-15 07:00:00,1732.0
2023-03-15 23:00:00,1736.0
2023-03-16 02:00:00,1730.0
2023-03-16 03:00:00,1723.0
2023-03-16 04:00:00,1725.0
2023-03-16 05:00:00,1718.0
2023-03-16 06:00:00,1720.0
2023-03-16 07:00:00,1712.0
2023-03-16 08:30:00,1722.0
2023-03-16 23:00:00,1712.0
2023-03-17 03:00:00,1725.0
2023-03-17 04:00:00,1721.0
2023-03-17 05:00:00,1720.0
2023-03-17 06:00:00,1715.0
2023-03-17 07:00:00,1706.0
2023-03-17 23:00:00,1706.0
2023-03-20 02:00:00,1705.0
2023-03-20 03:00:00,1694.0
2023-03-20 04:00:00,1688.0
2023-03-20 05:00:00,1689.0
2023-03-20 06:00:00,1681.0
2023-03-20 07:00:00,1666.0
2023-03-20 23:00:00,1668.0
2023-03-21 02:00:00,1673.0
2023-03-21 03:00:00,1668.0
2023-03-21 05:00:00,1667.0
2023-03-21 06:00:00,1677.0
2023-03-21 07:00:00,1695.0
2023-03-21 08:30:00,1696.0
2023-03-21 10:00:00,1701.0
2023-03-21 23:00:00,1690.0
2023-03-22 02:00:00,1695.0
2023-03-22 03:00:00,1702.0
2023-03-22 04:00:00,1703.0
2023-03-22 05:00:00,1704.0
2023-03-22 06:00:00,1703.0
2023-03-22 07:00:00,1705.0
2023-03-22 23:00:00,1704.0
2023-03-23 02:00:00,1694.0
2023-03-23 03:00:00,1697.0
2023-03-23 04:00:00,1697.0
2023-03-23 05:00:00,1703.0
2023-03-23 06:00:00,1705.0
2023-03-23 07:00:00,1711.0
2023-03-23 12:00:00,1704.0
2023-03-23 23:00:00,1707.0
2023-03-24 03:00:00,1720.0
2023-03-24 04:00:00,1720.0
2023-03-24 05:00:00,1718.0
2023-03-24 06:00:00,1731.0
2023-03-24 07:00:00,1723.0
2023-03-24 07:00:01,1723.0
2023-03-24 07:00:02,1723.0
2023-03-24 23:00:00,1720.0
2023-03-27 08:00:00,1726.0
2023-03-27 23:00:00,1724.0
2023-03-28 05:00:00,1733.0
2023-03-28 08:00:00,1728.0
2023-03-28 23:00:00,1726.0
2023-03-29 03:00:00,1729.0
2023-03-29 04:00:00,1725.0
2023-03-29 07:00:00,1719.0
2023-03-29 23:00:00,1728.0
2023-03-30 04:00:00,1751.0
2023-03-30 05:00:00,1749.0
2023-03-30 07:00:00,1749.0
2023-03-30 08:00:00,1738.0
2023-03-30 23:00:00,1747.0
2023-03-31 03:00:00,1749.0
2023-03-31 04:00:00,1754.0
2023-03-31 05:00:00,1754.0
2023-03-31 06:00:00,1750.0
2023-03-31 08:00:00,1756.0
2023-03-31 23:00:00,1756.0
2023-04-03 03:00:00,1767.0
2023-04-03 04:00:00,1778.0
2023-04-03 05:00:00,1777.0
2023-04-03 06:00:00,1776.0
2023-04-03 07:00:00,1774.0
2023-04-03 23:00:00,1777.0
2023-04-04 03:00:00,1778.0
2023-04-04 04:00:00,1774.0
2023-04-04 05:00:00,1778.0
2023-04-04 07:00:00,1772.0
2023-04-04 08:00:00,1778.0
2023-04-04 23:00:00,1777.0
2023-04-05 03:00:00,1776.0
2023-04-05 04:00:00,1773.0
2023-04-05 05:00:00,1774.0
2023-04-05 07:00:00,1771.0
2023-04-05 08:00:00,1768.0
2023-04-05 23:00:00,1774.0
2023-04-06 03:00:00,1784.0
2023-04-06 04:00:00,1773.0
2023-04-06 05:00:00,1776.0
2023-04-06 06:00:00,1776.0
2023-04-06 07:00:00,1777.0
2023-04-06 08:00:00,1767.0
2023-04-06 10:00:00,1756.0
2023-04-06 23:00:00,1763.0
2023-04-07 03:00:00,1762.0
2023-04-07 04:00:00,1758.0
2023-04-07 05:00:00,1755.0
2023-04-07 06:00:00,1756.0
2023-04-07 07:00:00,1752.0
2023-04-07 08:00:00,1750.0
2023-04-07 09:30:00,1751.0
2023-04-07 23:00:00,1750.0
2023-04-08 23:00:00,1751.0
2023-04-10 03:00:00,1766.0
2023-04-10 05:00:00,1761.0
2023-04-10 06:00:00,1760.0
2023-04-10 08:00:00,1754.0
2023-04-10 09:30:00,1752.0
2023-04-10 23:00:00,1752.0
2023-04-11 04:00:00,1740.0
2023-04-11 05:00:00,1733.0
2023-04-11 06:00:00,1738.0
2023-04-11 07:00:00,1739.0
2023-04-11 08:00:00,1745.0
2023-04-11 23:00:00,1754.0
2023-04-12 03:00:00,1759.0
2023-04-12 04:00:00,1758.0
2023-04-12 05:00:00,1758.0
2023-04-12 07:00:00,1759.0
2023-04-12 08:00:00,1758.0
2023-04-12 23:00:00,1759.0
2023-04-13 03:00:00,1760.0
2023-04-13 04:00:00,1758.0
2023-04-13 08:00:00,1751.0
2023-04-13 23:00:00,1747.0
2023-04-14 04:00:00,1755.0
2023-04-14 05:00:00,1743.0
2023-04-14 06:00:00,1747.0
2023-04-14 07:00:00,1743.0
2023-04-14 08:00:00,1732.0
2023-04-14 23:00:00,1732.0
2023-04-17 03:00:00,1726.0
2023-04-17 04:00:00,1728.0
2023-04-17 05:00:00,1725.0
2023-04-17 06:00:00,1726.0
2023-04-17 07:00:00,1727.0
2023-04-17 08:00:00,1727.0
2023-04-17 23:00:00,1729.0
2023-04-18 03:00:00,1729.0
2023-04-18 04:00:00,1728.0
2023-04-18 05:00:00,1728.0
2023-04-18 06:00:00,1729.0
2023-04-18 07:00:00,1729.0
2023-04-18 08:00:00,1735.0
2023-04-18 09:30:00,1737.0
2023-04-18 23:00:00,1738.0
2023-04-19 03:00:00,1736.0
2023-04-19 04:00:00,1742.0
2023-04-19 05:00:00,1734.0
2023-04-19 06:00:00,1734.0
2023-04-19 07:00:00,1731.0
2023-04-19 08:00:00,1728.0
2023-04-19 23:00:00,1728.0
2023-04-20 03:00:00,1728.0
2023-04-20 04:00:00,1723.0
2023-04-20 05:00:00,1723.0
2023-04-20 07:00:00,1723.0
2023-04-20 08:00:00,1723.0
2023-04-20 11:00:00,1729.0
2023-04-20 23:00:00,1725.0
2023-04-21 02:00:00,1725.0
2023-04-21 03:00:00,1726.0
2023-04-21 04:00:00,1724.0
2023-04-21 05:00:00,1723.0
2023-04-21 07:00:00,1721.0
2023-04-21 08:00:00,1716.0
2023-04-21 09:30:00,1712.0
2023-04-21 23:00:00,1716.0
2023-04-22 23:00:00,1712.0
2023-04-24 03:00:00,1707.0
2023-04-24 04:00:00,1708.0
2023-04-24 05:00:00,1713.0
2023-04-24 07:00:00,1710.0
2023-04-24 08:00:00,1707.0
2023-04-24 23:00:00,1706.0
2023-04-25 04:00:00,1706.0
2023-04-25 05:00:00,1706.0
2023-04-25 07:00:00,1696.0
2023-04-25 08:00:00,1696.0
2023-04-25 12:00:00,1696.0
2023-04-25 23:00:00,1696.0
2023-04-26 03:00:00,1695.0
2023-04-26 04:00:00,1687.0
2023-04-26 05:00:00,1686.0
2023-04-26 07:00:00,1687.0
2023-04-26 08:00:00,1697.0
2023-04-26 15:00:00,1697.0
2023-04-26 23:00:00,1700.0
2023-04-27 04:00:00,1697.0
2023-04-27 05:00:00,1697.0
2023-04-27 05:00:01,1693.0
2023-04-27 05:00:02,1693.0
2023-04-27 07:00:00,1690.0
2023-04-27 08:00:00,1688.0
2023-04-27 20:00:00,1691.0
2023-04-27 23:00:00,1692.0
2023-04-28 03:00:00,1699.0
2023-04-28 04:00:00,1701.0
2023-04-28 05:00:00,1701.0
2023-04-28 07:00:00,1702.0
2023-04-28 08:00:00,1710.0
2023-04-28 23:00:00,1710.0
2023-05-01 03:00:00,1719.0
2023-05-01 04:00:00,1721.0
2023-05-01 06:00:00,1720.0
2023-05-01 07:00:00,1720.0
2023-05-01 08:00:00,1720.0
2023-05-01 23:00:00,1720.0
2023-05-02 05:00:00,1716.0
2023-05-02 06:00:00,1715.0
2023-05-02 08:00:00,1714.0
2023-05-02 14:00:00,1713.0
2023-05-02 15:00:00,1712.0
2023-05-02 23:00:00,1715.0
2023-05-03 03:00:00,1711.0
2023-05-03 04:00:00,1713.0
2023-05-03 05:00:00,1712.0
2023-05-03 20:00:00,1705.0
2023-05-03 23:00:00,1712.0
2023-05-04 03:00:00,1702.0
2023-05-04 05:00:00,1692.0
2023-05-04 06:00:00,1695.0
2023-05-04 07:00:00,1695.0
2023-05-04 08:00:00,1693.0
2023-05-04 23:00:00,1694.0
2023-05-05 03:00:00,1693.0
2023-05-05 04:00:00,1692.0
2023-05-05 04:00:01,1692.0
2023-05-05 04:00:02,1692.0
2023-05-05 05:00:00,1701.0
2023-05-05 06:00:00,1699.0
2023-05-05 10:00:00,1699.0
2023-05-05 23:00:00,1699.0
2023-05-06 23:00:00,1699.0
2023-05-08 23:00:00,1713.0
2023-05-09 23:00:00,1712.0
2023-05-10 06:00:00,1733.0
2023-05-10 23:00:00,1722.0
2023-05-11 23:00:00,1721.0
2023-05-15 23:00:00,1741.0
2023-05-16 05:00:00,1751.0
2023-05-16 06:00:00,1749.0
2023-05-16 23:00:00,1739.0
2023-05-17 06:00:00,1752.0
2023-05-17 07:00:00,1753.0
2023-05-17 23:00:00,1730.0
2023-05-18 23:00:00,1755.0
2023-05-19 07:00:00,1746.0
2023-05-19 08:00:00,1748.0
2023-05-19 23:00:00,1748.0
2023-05-22 08:00:00,1756.0
2023-05-22 23:00:00,1744.0
2023-05-23 08:00:00,1746.0
2023-05-23 23:00:00,1737.0
2023-05-24 08:00:00,1736.0
2023-05-24 23:00:00,1733.0
2023-05-25 04:00:00,1731.0
2023-05-25 05:00:00,1731.0
2023-05-25 06:00:00,1731.0
2023-05-25 07:00:00,1731.0
2023-05-25 08:00:00,1731.0
2023-05-25 23:00:00,1726.0
2023-05-26 03:00:00,1736.0
2023-05-26 06:00:00,1736.0
2023-05-26 07:00:00,1736.0
2023-05-26 08:00:00,1727.0
2023-05-26 23:00:00,1727.0
2023-05-29 04:00:00,1734.0
2023-05-29 05:00:00,1734.0
2023-05-29 06:00:00,1730.0
2023-05-29 07:00:00,1730.0
2023-05-29 08:00:00,1739.0
2023-05-29 23:00:00,1740.0
2023-05-30 08:00:00,1748.0
2023-05-30 23:00:00,1748.0
2023-05-31 03:00:00,1752.0
2023-05-31 04:00:00,1746.0
2023-05-31 05:00:00,1746.0
2023-05-31 07:00:00,1748.0
2023-05-31 08:00:00,1736.0
2023-05-31 13:00:00,1735.0
2023-05-31 23:00:00,1736.0
2023-06-01 04:00:00,1737.0
2023-06-01 05:00:00,1736.0
2023-06-01 06:00:00,1733.0
2023-06-01 08:00:00,1741.0
2023-06-01 23:00:00,1741.0
2023-06-02 03:00:00,1752.0
2023-06-02 04:00:00,1753.0
2023-06-02 05:00:00,1754.0
2023-06-02 06:00:00,1752.0
2023-06-02 07:00:00,1754.0
2023-06-02 08:00:00,1759.0
2023-06-02 15:00:00,1762.0
2023-06-02 23:00:00,1759.0
2023-06-03 23:00:00,1762.0
2023-06-05 03:00:00,1771.0
2023-06-05 04:00:00,1772.0
2023-06-05 05:00:00,1773.0
2023-06-05 07:00:00,1770.0
2023-06-05 08:00:00,1771.0
2023-06-05 23:00:00,1772.0
2023-06-06 04:00:00,1771.0
2023-06-06 05:00:00,1770.0
2023-06-06 06:00:00,1772.0
2023-06-06 07:00:00,1778.0
2023-06-06 08:00:00,1780.0
2023-06-06 23:00:00,1785.0
2023-06-07 03:00:00,1792.0
2023-06-07 04:00:00,1794.0
2023-06-07 05:00:00,1791.0
2023-06-07 07:00:00,1797.0
2023-06-07 23:00:00,1800.0
2023-06-08 03:00:00,1803.0
2023-06-08 04:00:00,1801.0
2023-06-08 05:00:00,1801.0
2023-06-08 06:00:00,1801.0
2023-06-08 07:00:00,1799.0
2023-06-08 08:00:00,1795.0
2023-06-08 17:00:00,1797.0
2023-06-08 23:00:00,1794.0
2023-06-09 03:00:00,1783.0
2023-06-09 04:00:00,1794.0
2023-06-09 05:00:00,1791.0
2023-06-09 06:00:00,1793.0
2023-06-09 07:00:00,1788.0
2023-06-09 08:00:00,1791.0
2023-06-09 09:30:00,1792.0
2023-06-09 23:00:00,1791.0
2023-06-10 23:00:00,1792.0
2023-06-12 02:00:00,1797.0
2023-06-12 03:00:00,1803.0
2023-06-12 04:00:00,1797.0
2023-06-12 05:00:00,1791.0
2023-06-12 06:00:00,1791.0
2023-06-12 07:00:00,1794.0
2023-06-12 08:00:00,1809.0
2023-06-12 23:00:00,1811.0
2023-06-13 03:00:00,1818.0
2023-06-13 04:00:00,1824.0
2023-06-13 05:00:00,1822.0
2023-06-13 07:00:00,1822.0
2023-06-13 08:00:00,1830.0
2023-06-13 17:00:00,1822.0
2023-06-13 23:00:00,1830.0
2023-06-14 02:00:00,1828.0
2023-06-14 03:00:00,1835.0
2023-06-14 04:00:00,1834.0
2023-06-14 05:00:00,1835.0
2023-06-14 07:00:00,1840.0
2023-06-14 08:00:00,1833.0
2023-06-14 11:00:00,1841.0
2023-06-14 15:00:00,1843.0
2023-06-14 16:00:00,1840.0
2023-06-14 17:00:00,1839.0
2023-06-14 20:00:00,1838.0
2023-06-14 23:00:00,1834.0
2023-06-15 02:00:00,1837.0
2023-06-15 03:00:00,1826.0
2023-06-15 04:00:00,1830.0
2023-06-15 05:00:00,1825.0
2023-06-15 07:00:00,1823.0
2023-06-15 08:00:00,1818.0
2023-06-15 11:00:00,1812.0
2023-06-15 12:00:00,1811.0
2023-06-15 23:00:00,1816.0
2023-06-16 03:00:00,1830.0
2023-06-16 04:00:00,1834.0
2023-06-16 05:00:00,1836.0
2023-06-16 06:00:00,1837.0
2023-06-16 07:00:00,1839.0
2023-06-16 08:00:00,1819.0
2023-06-16 10:00:00,1823.0
2023-06-16 23:00:00,1819.0
2023-06-17 23:00:00,1823.0
2023-06-19 03:00:00,1817.0
2023-06-19 04:00:00,1816.0
2023-06-19 05:00:00,1811.0
2023-06-19 06:00:00,1811.0
2023-06-19 07:00:00,1812.0
2023-06-19 08:00:00,1812.0
2023-06-19 10:00:00,1815.0
2023-06-19 23:00:00,1810.0
2023-06-20 03:00:00,1807.0
2023-06-20 04:00:00,1804.0
2023-06-20 05:00:00,1805.0
2023-06-20 06:00:00,1805.0
2023-06-20 08:00:00,1810.0
2023-06-20 10:00:00,1808.0
2023-06-20 15:00:00,1804.0
2023-06-20 17:00:00,1805.0
2023-06-20 18:00:00,1807.0
2023-06-20 23:00:00,1810.0
2023-06-21 03:00:00,1813.0
2023-06-21 04:00:00,1814.0
2023-06-21 04:00:01,1814.0
2023-06-21 04:00:02,1814.0
2023-06-21 08:00:00,1817.0
2023-06-21 23:00:00,1825.0
2023-06-22 03:00:00,1838.0
2023-06-22 06:00:00,1838.0
2023-06-22 07:00:00,1849.0
2023-06-22 23:00:00,1838.0
2023-06-23 06:00:00,1852.0
2023-06-23 07:00:00,1852.0
2023-06-23 08:00:00,1859.0
2023-06-23 23:00:00,1859.0
2023-06-26 03:00:00,1838.0
2023-06-26 04:00:00,1847.0
2023-06-26 05:00:00,1846.0
2023-06-26 08:00:00,1846.0
2023-06-26 23:00:00,1847.0
2023-06-27 03:00:00,1867.0
2023-06-27 05:00:00,1862.0
2023-06-27 06:00:00,1864.0
2023-06-27 07:00:00,1864.0
2023-06-27 08:00:00,1849.0
2023-06-27 23:00:00,1868.0
2023-06-28 07:00:00,1858.0
2023-06-28 08:00:00,1856.0
2023-06-28 23:00:00,1860.0
2023-06-29 03:00:00,1859.0
2023-06-29 04:00:00,1849.0
2023-06-29 06:00:00,1849.0
2023-06-29 07:00:00,1853.0
2023-06-29 08:00:00,1842.0
2023-06-29 10:00:00,1846.0
2023-06-29 11:00:00,1848.0
2023-06-29 23:00:00,1860.0
2023-06-30 04:00:00,1835.0
2023-06-30 05:00:00,1834.0
2023-06-30 07:00:00,1835.0
2023-06-30 08:00:00,1836.0
2023-06-30 23:00:00,1836.0
2023-07-03 03:00:00,1846.0
2023-07-03 04:00:00,1839.0
2023-07-03 06:00:00,1841.0
2023-07-03 07:00:00,1843.0
2023-07-03 09:30:00,1841.0
2023-07-03 23:00:00,1844.0
2023-07-04 03:00:00,1840.0
2023-07-04 04:00:00,1845.0
2023-07-04 05:00:00,1850.0
2023-07-04 06:00:00,1850.0
2023-07-04 08:00:00,1853.0
2023-07-04 09:00:00,1853.0
2023-07-04 23:00:00,1853.0
2023-07-05 03:00:00,1863.0
2023-07-05 04:00:00,1858.0
2023-07-05 05:00:00,1859.0
2023-07-05 07:00:00,1864.0
2023-07-05 08:00:00,1865.0
2023-07-05 10:00:00,1865.0
2023-07-05 23:00:00,1867.0
2023-07-06 03:00:00,1866.0
2023-07-06 04:00:00,1865.0
2023-07-06 05:00:00,1866.0
2023-07-06 07:00:00,1855.0
2023-07-06 08:00:00,1854.0
2023-07-06 11:00:00,1854.0
2023-07-06 13:00:00,1849.0
2023-07-06 23:00:00,1856.0
2023-07-07 03:00:00,1847.0
2023-07-07 04:00:00,1847.0
2023-07-07 06:00:00,1854.0
2023-07-07 08:00:00,1865.0
2023-07-07 15:00:00,1867.0
2023-07-07 16:00:00,1868.0
2023-07-07 17:00:00,1870.0
2023-07-07 18:00:00,1870.0
2023-07-07 23:00:00,1865.0
2023-07-08 23:00:00,1870.0
2023-07-10 02:00:00,1867.0
2023-07-10 03:00:00,1874.0
2023-07-10 04:00:00,1874.0
2023-07-10 05:00:00,1877.0
2023-07-10 07:00:00,1871.0
2023-07-10 08:00:00,1882.0
2023-07-10 08:00:01,1882.0
2023-07-10 08:00:02,1882.0
2023-07-10 23:00:00,1879.0
2023-07-11 07:00:00,1887.0
2023-07-11 23:00:00,1891.0
2023-07-12 02:00:00,1886.0
2023-07-12 07:00:00,1887.0
2023-07-12 08:00:00,1885.0
2023-07-12 23:00:00,1896.0
2023-07-13 08:00:00,1915.0
2023-07-13 23:00:00,1920.0
2023-07-17 23:00:00,1938.0
2023-07-18 06:00:00,1936.0
2023-07-18 07:00:00,1934.0
2023-07-18 08:00:00,1937.0
2023-07-18 23:00:00,1939.0
2023-07-19 23:00:00,1932.0
2023-07-20 08:00:00,1936.0
2023-07-20 23:00:00,1928.0
2023-07-21 06:00:00,1939.0
2023-07-21 08:00:00,1953.0
2023-07-21 09:30:00,1964.0
2023-07-21 23:00:00,1953.0
2023-07-22 23:00:00,1964.0
2023-07-24 23:00:00,1965.0
2023-07-25 06:00:00,1973.0
2023-07-25 07:00:00,1973.0
2023-07-25 08:00:00,1973.0
2023-07-25 23:00:00,1965.0
2023-07-26 02:00:00,1982.0
2023-07-26 06:00:00,1982.0
2023-07-26 07:00:00,1984.0
2023-07-26 08:00:00,1984.0
2023-07-26 23:00:00,1984.0
2023-07-27 23:00:00,1968.0
2023-07-28 07:00:00,1989.0
2023-07-28 08:00:00,1989.0
2023-07-28 23:00:00,1989.0
2023-07-31 03:00:00,2028.0
2023-07-31 04:00:00,2024.0
2023-07-31 05:00:00,2017.0
2023-07-31 06:00:00,2016.0
2023-07-31 07:00:00,2019.0
2023-07-31 08:00:00,2036.0
2023-07-31 23:00:00,2038.0
2023-08-01 03:00:00,2057.0
2023-08-01 04:00:00,2057.0
2023-08-01 05:00:00,2061.0
2023-08-01 07:00:00,2057.0
2023-08-01 08:00:00,2039.0
2023-08-01 10:00:00,2047.0
2023-08-01 23:00:00,2039.0
2023-08-02 03:00:00,2027.0
2023-08-02 04:00:00,2022.0
2023-08-02 05:00:00,2021.0
2023-08-02 06:00:00,2023.0
2023-08-02 07:00:00,2027.0
2023-08-02 08:00:00,2017.0
2023-08-02 09:30:00,2017.0
2023-08-02 23:00:00,2017.0
2023-08-03 04:00:00,2019.0
2023-08-03 05:00:00,2016.0
2023-08-03 08:00:00,2002.0
2023-08-03 09:30:00,2008.0
2023-08-03 23:00:00,2002.0
2023-08-04 03:00:00,2020.0
2023-08-04 04:00:00,2026.0
2023-08-04 05:00:00,2030.0
2023-08-04 06:00:00,2030.0
2023-08-04 07:00:00,2032.0
2023-08-04 08:00:00,2041.0
2023-08-04 23:00:00,2041.0
2023-08-07 03:00:00,2060.0
2023-08-07 04:00:00,2058.0
2023-08-07 05:00:00,2056.0
2023-08-07 06:00:00,2061.0
2023-08-07 07:00:00,2057.0
2023-08-07 08:00:00,2065.0
2023-08-07 23:00:00,2068.0
2023-08-08 04:00:00,2067.0
2023-08-08 05:00:00,2071.0
2023-08-08 06:00:00,2073.0
2023-08-08 07:00:00,2070.0
2023-08-08 08:00:00,2067.0
2023-08-08 11:00:00,2068.0
2023-08-08 23:00:00,2067.0
2023-08-09 04:00:00,2070.0
2023-08-09 05:00:00,2063.0
2023-08-09 07:00:00,2056.0
2023-08-09 23:00:00,2056.0
2023-08-10 04:00:00,2058.0
2023-08-10 06:00:00,2056.0
2023-08-10 07:00:00,2051.0
2023-08-10 23:00:00,2051.0
2023-08-11 03:00:00,2047.0
2023-08-11 04:00:00,2049.0
2023-08-11 05:00:00,2046.0
2023-08-11 06:00:00,2044.0
2023-08-11 07:00:00,2039.0
2023-08-11 08:00:00,2062.0
2023-08-11 23:00:00,2062.0
2023-08-14 03:00:00,2067.0
2023-08-14 04:00:00,2068.0
2023-08-14 05:00:00,2075.0
2023-08-14 07:00:00,2081.0
2023-08-14 08:00:00,2077.0
2023-08-14 23:00:00,2076.0
2023-08-15 03:00:00,2074.0
2023-08-15 04:00:00,2071.0
2023-08-15 05:00:00,2065.0
2023-08-15 06:00:00,2067.0
2023-08-15 08:00:00,2071.0
2023-08-15 23:00:00,2071.0
2023-08-16 03:00:00,2088.0
2023-08-16 04:00:00,2091.0
2023-08-16 05:00:00,2092.0
2023-08-16 08:00:00,2094.0
2023-08-16 15:00:00,2091.0
2023-08-16 23:00:00,2094.0
2023-08-17 03:00:00,2091.0
2023-08-17 04:00:00,2089.0
2023-08-17 05:00:00,2089.0
2023-08-17 06:00:00,2089.0
2023-08-17 07:00:00,2093.0
2023-08-17 08:00:00,2088.0
2023-08-17 16:00:00,2090.0
2023-08-17 23:00:00,2088.0
2023-08-18 03:00:00,2058.0
2023-08-18 04:00:00,2049.0
2023-08-18 05:00:00,2036.0
2023-08-18 06:00:00,2038.0
2023-08-18 07:00:00,2012.0
2023-08-18 08:00:00,1992.0
2023-08-18 10:00:00,1993.0
2023-08-18 14:00:00,1976.0
2023-08-18 23:00:00,1992.0
2023-08-19 23:00:00,1976.0
2023-08-21 03:00:00,1977.0
2023-08-21 07:00:00,1987.0
2023-08-21 08:00:00,1984.0
2023-08-21 23:00:00,1979.0
2023-08-22 03:00:00,1979.0
2023-08-22 04:00:00,1967.0
2023-08-22 05:00:00,1958.0
2023-08-22 06:00:00,1932.0
2023-08-22 07:00:00,1943.0
2023-08-22 08:00:00,1979.0
2023-08-22 11:00:00,1983.0
2023-08-22 15:00:00,1988.0
2023-08-22 23:00:00,1979.0
2023-08-23 03:00:00,1997.0
2023-08-23 04:00:00,1974.0
2023-08-23 05:00:00,1966.0
2023-08-23 06:00:00,1977.0
2023-08-23 07:00:00,1968.0
2023-08-23 08:00:00,1976.0
2023-08-23 10:00:00,1980.0
2023-08-23 23:00:00,1962.0
2023-08-24 03:00:00,1970.0
2023-08-24 04:00:00,1977.0
2023-08-24 05:00:00,1982.0
2023-08-24 06:00:00,1978.0
2023-08-24 07:00:00,1986.0
2023-08-24 08:00:00,1994.0
2023-08-24 23:00:00,1997.0
2023-08-25 03:00:00,1992.0
2023-08-25 04:00:00,1996.0
2023-08-25 04:00:01,1996.0
2023-08-25 04:00:02,1996.0
2023-08-25 05:00:00,1988.0
2023-08-25 06:00:00,1988.0
2023-08-25 07:00:00,1986.0
2023-08-25 08:00:00,1989.0
2023-08-25 23:00:00,1989.0
2023-08-28 03:00:00,2001.0
2023-08-28 05:00:00,2008.0
2023-08-28 06:00:00,2008.0
2023-08-28 07:00:00,2013.0
2023-08-28 08:00:00,2019.0
2023-08-28 13:00:00,2033.0
2023-08-28 23:00:00,2024.0
2023-08-29 06:00:00,2014.0
2023-08-29 07:00:00,2021.0
2023-08-29 08:00:00,2028.0
2023-08-29 23:00:00,2018.0
2023-08-30 04:00:00,2017.0
2023-08-30 05:00:00,2015.0
2023-08-30 06:00:00,2015.0
2023-08-30 07:00:00,2024.0
2023-08-30 08:00:00,2035.0
2023-08-30 23:00:00,2037.0
2023-08-31 03:00:00,2042.0
2023-08-31 04:00:00,1993.0
2023-08-31 05:00:00,2047.0
2023-08-31 06:00:00,2047.0
2023-08-31 07:00:00,2056.0
2023-08-31 08:00:00,2045.0
2023-08-31 23:00:00,2057.0
2023-09-01 05:00:00,2053.0
2023-09-01 06:00:00,2051.0
2023-09-01 23:00:00,2051.0
2023-09-04 04:00:00,2046.0
2023-09-04 05:00:00,2046.0
2023-09-04 07:00:00,2047.0
2023-09-04 16:00:00,2049.0
2023-09-04 23:00:00,2047.0
2023-09-05 03:00:00,2061.0
2023-09-05 04:00:00,2059.0
2023-09-05 05:00:00,2060.0
2023-09-05 06:00:00,2059.0
2023-09-05 07:00:00,2056.0
2023-09-05 08:00:00,2054.0
2023-09-05 23:00:00,2068.0
2023-09-06 03:00:00,2064.0
2023-09-06 04:00:00,2064.0
2023-09-06 05:00:00,2056.0
2023-09-06 06:00:00,2060.0
2023-09-06 07:00:00,2061.0
2023-09-06 08:00:00,2074.0
2023-09-06 23:00:00,2093.0
2023-09-07 04:00:00,2090.0
2023-09-07 05:00:00,2082.0
2023-09-07 06:00:00,2082.0
2023-09-07 07:00:00,2079.0
2023-09-07 08:00:00,2087.0
2023-09-07 14:00:00,2088.0
2023-09-07 23:00:00,2080.0
2023-09-08 04:00:00,2084.0
2023-09-08 05:00:00,2081.0
2023-09-08 06:00:00,2081.0
2023-09-08 07:00:00,2082.0
2023-09-08 08:00:00,2080.0
2023-09-08 16:00:00,2084.0
2023-09-08 23:00:00,2080.0
2023-09-09 23:00:00,2084.0
2023-09-11 07:00:00,2068.0
2023-09-11 08:00:00,2054.0
2023-09-11 23:00:00,2047.0
2023-09-12 03:00:00,2049.0
2023-09-12 04:00:00,2053.0
2023-09-12 05:00:00,2056.0
2023-09-12 06:00:00,2053.0
2023-09-12 07:00:00,2058.0
2023-09-12 08:00:00,2078.0
2023-09-12 23:00:00,2083.0
2023-09-13 03:00:00,2100.0
2023-09-13 04:00:00,2081.0
2023-09-13 05:00:00,2085.0
2023-09-13 06:00:00,2082.0
2023-09-13 07:00:00,2083.0
2023-09-13 08:00:00,2068.0
2023-09-13 10:00:00,2069.0
2023-09-13 23:00:00,2069.0
2023-09-14 03:00:00,2056.0
2023-09-14 04:00:00,2056.0
2023-09-14 05:00:00,2043.0
2023-09-14 06:00:00,2044.0
2023-09-14 07:00:00,2037.0
2023-09-14 08:00:00,2024.0
2023-09-14 23:00:00,2021.0
2023-09-15 03:00:00,2029.0
2023-09-15 04:00:00,2030.0
2023-09-15 05:00:00,2025.0
2023-09-15 07:00:00,2029.0
2023-09-15 08:00:00,2029.0
2023-09-15 23:00:00,2029.0
2023-09-18 03:00:00,2015.0
2023-09-18 04:00:00,2006.0
2023-09-18 05:00:00,2006.0
2023-09-18 06:00:00,2002.0
2023-09-18 07:00:00,2000.0
2023-09-18 08:00:00,1996.0
2023-09-18 23:00:00,2000.0
2023-09-19 03:00:00,2012.0
2023-09-19 04:00:00,1995.0
2023-09-19 05:00:00,1995.0
2023-09-19 07:00:00,2000.0
2023-09-19 08:00:00,2003.0
2023-09-19 23:00:00,2011.0
2023-09-20 04:00:00,2012.0
2023-09-20 05:00:00,2018.0
2023-09-20 07:00:00,2016.0
2023-09-20 08:00:00,2029.0
2023-09-20 23:00:00,2038.0
2023-09-21 02:00:00,2033.0
2023-09-21 04:00:00,2015.0
2023-09-21 06:00:00,2012.0
2023-09-21 07:00:00,2011.0
2023-09-21 08:00:00,2005.0
2023-09-21 09:30:00,2007.0
2023-09-21 23:00:00,2007.0
2023-09-22 03:00:00,1964.0
2023-09-22 04:00:00,1938.0
2023-09-22 05:00:00,1943.0
2023-09-22 07:00:00,1944.0
2023-09-22 08:00:00,1953.0
2023-09-22 23:00:00,1953.0
2023-09-25 03:00:00,1949.0
2023-09-25 04:00:00,1953.0
2023-09-25 05:00:00,1951.0
2023-09-25 07:00:00,1948.0
2023-09-25 08:00:00,1902.0
2023-09-25 23:00:00,1885.0
2023-09-26 03:00:00,1857.0
2023-09-26 04:00:00,1876.0
2023-09-26 04:00:01,1876.0
2023-09-26 04:00:02,1876.0
2023-09-26 05:00:00,1861.0
2023-09-26 06:00:00,1868.0
2023-09-26 07:00:00,1892.0
2023-09-26 08:00:00,1902.0
2023-09-26 23:00:00,1850.0
2023-09-27 03:00:00,1883.0
2023-09-27 04:00:00,1859.0
2023-09-27 05:00:00,1859.0
2023-09-27 06:00:00,1862.0
2023-09-27 07:00:00,1867.0
2023-09-27 08:00:00,1866.0
2023-09-27 23:00:00,1882.0
2023-09-28 03:00:00,1874.0
2023-09-28 04:00:00,1874.0
2023-09-28 05:00:00,1865.0
2023-09-28 06:00:00,1865.0
2023-09-28 07:00:00,1862.0
2023-09-28 08:00:00,1876.0
2023-09-28 23:00:00,1873.0
2023-09-29 03:00:00,1887.0
2023-09-29 07:00:00,1894.0
2023-09-29 08:00:00,1890.0
2023-09-29 12:00:00,1880.0
2023-09-29 23:00:00,1890.0
2023-09-30 23:00:00,1880.0
2023-10-02 03:00:00,1883.0
2023-10-02 04:00:00,1885.0
2023-10-02 05:00:00,1886.0
2023-10-02 06:00:00,1885.0
2023-10-02 23:00:00,1886.0
2023-10-03 03:00:00,1872.0
2023-10-03 04:00:00,1859.0
2023-10-03 05:00:00,1855.0
2023-10-03 06:00:00,1855.0
2023-10-03 07:00:00,1844.0
2023-10-03 08:00:00,1832.0
2023-10-03 09:30:00,1834.0
2023-10-03 23:00:00,1829.0
2023-10-04 03:00:00,1800.0
2023-10-04 04:00:00,1826.0
2023-10-04 05:00:00,1837.0
2023-10-04 07:00:00,1838.0
2023-10-04 08:00:00,1843.0
2023-10-04 23:00:00,1844.0
2023-10-05 03:00:00,1848.0
2023-10-05 05:00:00,1846.0
2023-10-05 06:00:00,1846.0
2023-10-05 08:00:00,1821.0
2023-10-05 11:00:00,1848.0
2023-10-05 23:00:00,1821.0
2023-10-06 03:00:00,1827.0
2023-10-06 05:00:00,1821.0
2023-10-06 06:00:00,1817.0
2023-10-06 07:00:00,1822.0
2023-10-06 08:00:00,1846.0
2023-10-06 23:00:00,1846.0
2023-10-09 03:00:00,1859.0
2023-10-09 04:00:00,1858.0
2023-10-09 05:00:00,1854.0
2023-10-09 06:00:00,1850.0
2023-10-09 07:00:00,1854.0
2023-10-09 08:00:00,1858.0
2023-10-09 23:00:00,1864.0
2023-10-10 03:00:00,1885.0
2023-10-10 06:00:00,1884.0
2023-10-10 08:00:00,1871.0
2023-10-10 23:00:00,1872.0
2023-10-11 03:00:00,1873.0
2023-10-11 04:00:00,1879.0
2023-10-11 05:00:00,1865.0
2023-10-11 06:00:00,1867.0
2023-10-11 07:00:00,1869.0
2023-10-11 08:00:00,1878.0
2023-10-11 23:00:00,1881.0
2023-10-12 02:00:00,1889.0
2023-10-12 03:00:00,1892.0
2023-10-12 05:00:00,1900.0
2023-10-12 07:00:00,1892.0
2023-10-12 08:00:00,1890.0
2023-10-12 23:00:00,1892.0
2023-10-13 03:00:00,1870.0
2023-10-13 05:00:00,1869.0
2023-10-13 06:00:00,1870.0
2023-10-13 07:00:00,1865.0
2023-10-13 08:00:00,1885.0
2023-10-13 23:00:00,1885.0
2023-10-16 03:00:00,1884.0
2023-10-16 04:00:00,1873.0
2023-10-16 05:00:00,1872.0
2023-10-16 06:00:00,1870.0
2023-10-16 07:00:00,1876.0
2023-10-16 08:00:00,1864.0
2023-10-16 23:00:00,1865.0
2023-10-17 04:00:00,1871.0
2023-10-17 05:00:00,1874.0
2023-10-17 08:00:00,1836.0
2023-10-17 23:00:00,1832.0
2023-10-18 03:00:00,1834.0
2023-10-18 04:00:00,1828.0
2023-10-18 05:00:00,1833.0
2023-10-18 06:00:00,1828.0
2023-10-18 07:00:00,1827.0
2023-10-18 08:00:00,1803.0
2023-10-18 23:00:00,1801.0
2023-10-19 03:00:00,1794.0
2023-10-19 04:00:00,1773.0
2023-10-19 05:00:00,1775.0
2023-10-19 06:00:00,1781.0
2023-10-19 07:00:00,1774.0
2023-10-19 08:00:00,1760.0
2023-10-19 23:00:00,1760.0
2023-10-20 03:00:00,1763.0
2023-10-20 04:00:00,1745.0
2023-10-20 05:00:00,1748.0
2023-10-20 05:00:01,1748.0
2023-10-20 05:00:02,1748.0
2023-10-20 07:00:00,1763.0
2023-10-20 23:00:00,1763.0
2023-10-23 07:00:00,1770.0
2023-10-23 23:00:00,1766.0
2023-10-24 08:00:00,1779.0
2023-10-24 23:00:00,1779.0
2023-10-25 06:00:00,1802.0
2023-10-25 07:00:00,1800.0
2023-10-25 08:00:00,1800.0
2023-10-25 23:00:00,1800.0
2023-10-26 03:00:00,1694.0
2023-10-26 05:00:00,1694.0
2023-10-26 06:00:00,1699.0
2023-10-26 07:00:00,1687.0
2023-10-26 23:00:00,1697.0
2023-10-27 03:00:00,1683.0
2023-10-27 04:00:00,1678.0
2023-10-27 07:00:00,1668.0
2023-10-27 08:00:00,1676.0
2023-10-27 23:00:00,1676.0
2023-10-30 02:00:00,1671.0
2023-10-30 06:00:00,1671.0
2023-10-30 07:00:00,1671.0
2023-10-30 23:00:00,1656.0
2023-10-31 02:00:00,1658.0
2023-10-31 03:00:00,1654.0
2023-10-31 04:00:00,1658.0
2023-10-31 05:00:00,1659.0
2023-10-31 06:00:00,1651.0
2023-10-31 07:00:00,1627.0
2023-10-31 23:00:00,1628.0
2023-11-01 02:00:00,1635.0
2023-11-01 03:00:00,1635.0
2023-11-01 04:00:00,1647.0
2023-11-01 05:00:00,1647.0
2023-11-01 06:00:00,1634.0
2023-11-01 07:00:00,1653.0
2023-11-01 23:00:00,1653.0
2023-11-02 02:00:00,1674.0
2023-11-02 03:00:00,1679.0
2023-11-02 04:00:00,1690.0
2023-11-02 05:00:00,1686.0
2023-11-02 06:00:00,1702.0
2023-11-02 07:00:00,1723.0
2023-11-02 23:00:00,1722.0
2023-11-03 02:00:00,1732.0
2023-11-03 03:00:00,1728.0
2023-11-03 04:00:00,1728.0
2023-11-03 05:00:00,1720.0
2023-11-03 06:00:00,1737.0
2023-11-03 07:00:00,1731.0
2023-11-03 08:30:00,1735.0
2023-11-03 15:00:00,1736.0
2023-11-03 23:00:00,1731.0
2023-11-04 23:00:00,1736.0
2023-11-06 03:00:00,1747.0
2023-11-06 04:00:00,1745.0
2023-11-06 05:00:00,1745.0
2023-11-06 06:00:00,1752.0
2023-11-06 07:00:00,1752.0
2023-11-06 15:00:00,1758.0
2023-11-06 23:00:00,1756.0
2023-11-07 02:00:00,1743.0
2023-11-07 03:00:00,1750.0
2023-11-07 04:00:00,1747.0
2023-11-07 05:00:00,1746.0
2023-11-07 06:00:00,1744.0
2023-11-07 07:00:00,1736.0
2023-11-07 23:00:00,1736.0
2023-11-08 02:00:00,1733.0
2023-11-08 03:00:00,1736.0
2023-11-08 04:00:00,1736.0
2023-11-08 06:00:00,1760.0
2023-11-08 07:00:00,1798.0
2023-11-08 08:30:00,1803.0
2023-11-08 09:00:00,1803.0
2023-11-08 10:00:00,1800.0
2023-11-08 23:00:00,1799.0
2023-11-09 02:00:00,1821.0
2023-11-09 03:00:00,1820.0
2023-11-09 04:00:00,1819.0
2023-11-09 06:00:00,1812.0
2023-11-09 07:00:00,1807.0
2023-11-09 09:00:00,1808.0
2023-11-09 23:00:00,1806.0
2023-11-10 02:00:00,1790.0
2023-11-10 03:00:00,1797.0
2023-11-10 04:00:00,1797.0
2023-11-10 04:00:01,1797.0
2023-11-10 04:00:02,1797.0
2023-11-13 04:00:00,1800.0
2023-11-13 06:00:00,1801.0
2023-11-13 07:00:00,1784.0
2023-11-13 23:00:00,1788.0
2023-11-14 23:00:00,1794.0
2023-11-15 06:00:00,1831.0
2023-11-15 07:00:00,1833.0
2023-11-15 23:00:00,1822.0
2023-11-16 23:00:00,1821.0
2023-11-20 04:00:00,1783.0
2023-11-20 06:00:00,1787.0
2023-11-20 23:00:00,1779.0
2023-11-21 06:00:00,1790.0
2023-11-21 07:00:00,1793.0
2023-11-21 23:00:00,1796.0
2023-11-22 02:00:00,1801.0
2023-11-22 07:00:00,1788.0
2023-11-22 23:00:00,1798.0
2023-11-23 23:00:00,1746.0
2023-11-24 07:00:00,1740.0
2023-11-24 23:00:00,1740.0
2023-11-27 02:00:00,1761.0
2023-11-27 04:00:00,1762.0
2023-11-27 06:00:00,1761.0
2023-11-27 07:00:00,1761.0
2023-11-27 23:00:00,1752.0
2023-11-28 13:00:00,1769.0
2023-11-28 14:00:00,1769.0
2023-11-28 15:00:00,1769.0
2023-11-28 23:00:00,1764.0
2023-11-29 02:00:00,1785.0
2023-11-29 03:00:00,1775.0
2023-11-29 05:00:00,1779.0
2023-11-29 06:00:00,1781.0
2023-11-29 07:00:00,1785.0
2023-11-29 23:00:00,1779.0
2023-11-30 02:00:00,1784.0
2023-11-30 03:00:00,1788.0
2023-11-30 04:00:00,1783.0
2023-11-30 06:00:00,1781.0
2023-11-30 07:00:00,1762.0
2023-11-30 10:00:00,1764.0
2023-11-30 11:00:00,1766.0
2023-11-30 23:00:00,1762.0
2023-12-01 02:00:00,1770.0
2023-12-01 03:00:00,1766.0
2023-12-01 04:00:00,1767.0
2023-12-01 06:00:00,1767.0
2023-12-01 07:00:00,1780.0
2023-12-01 23:00:00,1780.0
2023-12-04 04:00:00,1815.0
2023-12-04 05:00:00,1807.0
2023-12-04 06:00:00,1807.0
2023-12-04 07:00:00,1818.0
2023-12-04 15:00:00,1808.0
2023-12-04 23:00:00,1813.0
2023-12-05 03:00:00,1794.0
2023-12-05 04:00:00,1799.0
2023-12-05 07:00:00,1801.0
2023-12-05 23:00:00,1795.0
2023-12-06 03:00:00,1802.0
2023-12-06 04:00:00,1794.0
2023-12-06 07:00:00,1805.0
2023-12-06 23:00:00,1809.0
2023-12-07 03:00:00,1794.0
2023-12-07 04:00:00,1785.0
2023-12-07 07:00:00,1797.0
2023-12-07 23:00:00,1796.0
2023-12-08 04:00:00,1811.0
2023-12-08 06:00:00,1811.0
2023-12-08 07:00:00,1801.0
2023-12-08 23:00:00,1801.0
2023-12-11 03:00:00,1813.0
2023-12-11 04:00:00,1809.0
2023-12-11 06:00:00,1812.0
2023-12-11 07:00:00,1817.0
2023-12-11 23:00:00,1817.0
2023-12-12 04:00:00,1815.0
2023-12-12 06:00:00,1819.0
2023-12-12 07:00:00,1818.0
2023-12-12 23:00:00,1815.0
2023-12-13 06:00:00,1817.0
2023-12-13 07:00:00,1798.0
2023-12-13 23:00:00,1791.0
2023-12-14 01:00:00,1798.0
2023-12-14 02:00:00,1806.0
2023-12-14 04:00:00,1802.0
2023-12-14 23:00:00,1780.0
2023-12-15 02:00:00,1790.0
2023-12-15 03:00:00,1787.0
2023-12-15 04:00:00,1785.0
2023-12-15 07:00:00,1781.0
2023-12-15 23:00:00,1781.0
2023-12-18 03:00:00,1769.0
2023-12-18 04:00:00,1768.0
2023-12-18 07:00:00,1762.0
2023-12-18 23:00:00,1752.0
2023-12-19 03:00:00,1752.0
2023-12-19 04:00:00,1753.0
2023-12-19 07:00:00,1746.0
2023-12-19 23:00:00,1763.0
2023-12-20 03:00:00,1760.0
2023-12-20 04:00:00,1766.0
2023-12-20 23:00:00,1774.0
2023-12-21 03:00:00,1764.0
2023-12-21 04:00:00,1765.0
2023-12-21 05:00:00,1758.0
2023-12-21 06:00:00,1768.0
2023-12-21 07:00:00,1769.0
2023-12-21 23:00:00,1771.0
2023-12-22 03:00:00,1766.0
2023-12-22 04:00:00,1770.0
2023-12-22 06:00:00,1777.0
2023-12-22 07:00:00,1779.0
2023-12-22 23:00:00,1779.0
2023-12-25 03:00:00,1800.0
2023-12-25 04:00:00,1800.0
2023-12-25 07:00:00,1800.0
2023-12-25 23:00:00,1795.0
2023-12-26 04:00:00,1805.0
2023-12-26 06:00:00,1810.0
2023-12-26 07:00:00,1809.0
2023-12-26 08:30:00,1806.0
2023-12-26 14:00:00,1807.0
2023-12-26 23:00:00,1807.0
2023-12-27 04:00:00,1810.0
2023-12-27 05:00:00,1816.0
2023-12-27 06:00:00,1816.0
2023-12-27 07:00:00,1813.0
2023-12-27 08:30:00,1806.0
2023-12-27 09:00:00,1806.0
2023-12-27 11:00:00,1806.0
2023-12-27 13:00:00,1806.0
2023-12-27 23:00:00,1807.0
2023-12-28 03:00:00,1820.0
2023-12-28 04:00:00,1821.0
2023-12-28 05:00:00,1816.0
2023-12-28 06:00:00,1824.0
2023-12-28 07:00:00,1824.0
2023-12-28 23:00:00,1825.0
2023-12-29 02:00:00,1825.0
2023-12-29 02:00:01,1825.0
2023-12-29 23:00:00,1825.0
2023-12-30 23:00:00,1818.0
2024-01-02 02:00:00,1830.0
2024-01-02 04:00:00,1813.0
2024-01-02 05:00:00,1816.0
2024-01-02 06:00:00,1808.0
2024-01-02 07:00:00,1807.0
2024-01-02 23:00:00,1814.0
2024-01-03 02:00:00,1744.0
2024-01-03 03:00:00,1807.0
2024-01-03 04:00:00,1814.0
2024-01-03 06:00:00,1814.0
2024-01-03 23:00:00,1814.0
2024-01-04 04:00:00,1835.0
2024-01-04 06:00:00,1842.0
2024-01-04 07:00:00,1850.0
2024-01-04 23:00:00,1850.0
2024-01-05 04:00:00,1837.0
2024-01-05 05:00:00,1836.0
2024-01-05 06:00:00,1836.0
2024-01-05 07:00:00,1843.0
2024-01-05 23:00:00,1843.0
2024-01-08 02:00:00,1848.0
2024-01-08 04:00:00,1854.0
2024-01-08 05:00:00,1847.0
2024-01-08 06:00:00,1847.0
2024-01-08 07:00:00,1843.0
2024-01-08 23:00:00,1838.0
2024-01-09 04:00:00,1841.0
2024-01-09 07:00:00,1839.0
2024-01-09 23:00:00,1832.0
2024-01-10 03:00:00,1840.0
2024-01-10 04:00:00,1832.0
2024-01-10 06:00:00,1823.0
2024-01-10 23:00:00,1822.0
2024-01-11 02:00:00,1833.0
2024-01-11 03:00:00,1843.0
2024-01-11 05:00:00,1844.0
2024-01-11 06:00:00,1844.0
2024-01-11 07:00:00,1835.0
2024-01-11 23:00:00,1826.0
2024-01-12 03:00:00,1815.0
2024-01-12 04:00:00,1822.0
2024-01-12 07:00:00,1814.0
2024-01-12 23:00:00,1814.0
2024-01-15 02:00:00,1832.0
2024-01-15 04:00:00,1823.0
2024-01-15 05:00:00,1820.0
2024-01-15 07:00:00,1818.0
2024-01-15 08:30:00,1799.0
2024-01-15 23:00:00,1801.0
2024-01-16 03:00:00,1801.0
2024-01-16 04:00:00,1805.0
2024-01-16 05:00:00,1804.0
2024-01-16 23:00:00,1804.0
2024-01-17 02:00:00,1831.0
2024-01-17 04:00:00,1835.0
2024-01-17 05:00:00,1826.0
2024-01-17 23:00:00,1819.0
2024-01-18 02:00:00,1820.0
2024-01-18 04:00:00,1828.0
2024-01-18 05:00:00,1828.0
2024-01-18 11:00:00,1837.0
2024-01-18 12:00:00,1830.0
2024-01-18 23:00:00,1832.0
2024-01-19 04:00:00,1846.0
2024-01-19 23:00:00,1846.0
2024-01-22 02:00:00,1843.0
2024-01-22 03:00:00,1845.0
2024-01-22 04:00:00,1849.0
2024-01-22 07:00:00,1856.0
2024-01-22 23:00:00,1850.0
2024-01-23 05:00:00,1849.0
2024-01-23 07:00:00,1841.0
2024-01-23 23:00:00,1841.0
2024-01-24 02:00:00,1840.0
2024-01-24 04:00:00,1839.0
2024-01-24 05:00:00,1836.0
2024-01-24 05:00:01,1836.0
2024-01-24 07:00:00,1831.0
2024-01-24 23:00:00,1831.0
2024-01-25 23:00:00,1819.0
2024-01-29 23:00:00,1813.0
2024-01-30 06:00:00,1823.0
2024-01-30 07:00:00,1822.0
2024-01-30 23:00:00,1815.0
2024-01-31 02:00:00,1823.0
2024-01-31 03:00:00,1829.0
2024-01-31 04:00:00,1822.0
2024-01-31 07:00:00,1801.0
2024-01-31 23:00:00,1795.0
2024-02-01 04:00:00,1807.0
2024-02-01 06:00:00,1813.0
2024-02-01 07:00:00,1815.0
2024-02-01 23:00:00,1815.0
2024-02-02 02:00:00,1821.0
2024-02-02 04:00:00,1822.0
2024-02-02 23:00:00,1822.0
2024-02-05 03:00:00,1821.0
2024-02-05 07:00:00,1822.0
2024-02-05 23:00:00,1817.0
2024-02-06 03:00:00,1823.0
2024-02-06 04:00:00,1824.0
2024-02-06 05:00:00,1819.0
2024-02-06 06:00:00,1824.0
2024-02-06 07:00:00,1824.0
2024-02-06 09:00:00,1823.0
2024-02-06 23:00:00,1818.0
2024-02-07 04:00:00,1822.0
2024-02-07 05:00:00,1827.0
2024-02-07 06:00:00,1827.0
2024-02-07 07:00:00,1826.0
2024-02-07 23:00:00,1826.0
2024-02-08 04:00:00,1840.0
2024-02-08 05:00:00,1838.0
2024-02-08 06:00:00,1840.0
2024-02-08 23:00:00,1840.0
2024-02-09 02:00:00,1833.0
2024-02-09 03:00:00,1838.0
2024-02-09 04:00:00,1837.0
2024-02-09 06:00:00,1838.0
2024-02-09 23:00:00,1838.0
2024-02-12 03:00:00,1837.0
2024-02-12 04:00:00,1837.0
2024-02-12 05:00:00,1837.0
2024-02-12 06:00:00,1837.0
2024-02-12 23:00:00,1837.0
2024-02-13 03:00:00,1836.0
2024-02-13 04:00:00,1836.0
2024-02-13 05:00:00,1836.0
2024-02-13 06:00:00,1836.0
2024-02-13 07:00:00,1835.0
2024-02-13 23:00:00,1836.0
2024-02-14 03:00:00,1838.0
2024-02-14 04:00:00,1838.0
2024-02-14 05:00:00,1838.0
2024-02-14 23:00:00,1837.0
2024-02-15 03:00:00,1842.0
2024-02-15 04:00:00,1843.0
2024-02-15 06:00:00,1843.0
2024-02-15 23:00:00,1834.0
2024-02-16 02:00:00,1850.0
2024-02-16 03:00:00,1857.0
2024-02-16 04:00:00,1853.0
2024-02-16 05:00:00,1856.0
2024-02-16 06:00:00,1857.0
2024-02-16 07:00:00,1860.0
2024-02-16 10:00:00,1871.0
2024-02-16 23:00:00,1860.0
2024-02-17 23:00:00,1871.0
2024-02-19 03:00:00,1874.0
2024-02-19 04:00:00,1873.0
2024-02-19 05:00:00,1874.0
2024-02-19 06:00:00,1884.0
2024-02-19 07:00:00,1881.0
2024-02-19 23:00:00,1889.0
2024-02-20 02:00:00,1899.0
2024-02-20 04:00:00,1904.0
2024-02-20 05:00:00,1905.0
2024-02-20 06:00:00,1897.0
2024-02-20 07:00:00,1900.0
2024-02-20 09:00:00,1911.0
2024-02-20 10:00:00,1916.0
2024-02-20 15:00:00,1911.0
2024-02-20 23:00:00,1901.0
2024-02-21 02:00:00,1901.0
2024-02-21 03:00:00,1902.0
2024-02-21 04:00:00,1896.0
2024-02-21 05:00:00,1896.0
2024-02-21 06:00:00,1898.0
2024-02-21 23:00:00,1894.0
2024-02-22 02:00:00,1895.0
2024-02-22 04:00:00,1892.0
2024-02-22 05:00:00,1891.0
2024-02-22 06:00:00,1898.0
2024-02-22 08:30:00,1898.0
2024-02-22 23:00:00,1865.0
2024-02-23 02:00:00,1886.0
2024-02-23 03:00:00,1888.0
2024-02-23 04:00:00,1895.0
2024-02-23 05:00:00,1888.0
2024-02-23 07:00:00,1882.0
2024-02-23 23:00:00,1882.0
2024-02-26 02:00:00,1863.0
2024-02-26 03:00:00,1863.0
2024-02-26 04:00:00,1863.0
2024-02-26 05:00:00,1863.0
2024-02-26 06:00:00,1866.0
2024-02-26 07:00:00,1866.0
2024-02-26 23:00:00,1866.0
2024-02-27 02:00:00,1876.0
2024-02-27 03:00:00,1878.0
2024-02-27 04:00:00,1878.0
2024-02-27 06:00:00,1878.0
2024-02-27 07:00:00,1893.0
2024-02-27 09:00:00,1893.0
2024-02-27 23:00:00,1901.0
2024-02-28 02:00:00,1897.0
2024-02-28 03:00:00,1897.0
2024-02-28 04:00:00,1899.0
2024-02-28 05:00:00,1899.0
2024-02-28 06:00:00,1912.0
2024-02-28 07:00:00,1918.0
2024-02-28 23:00:00,1924.0
2024-02-29 02:00:00,1924.0
2024-02-29 03:00:00,1924.0
2024-02-29 07:00:00,1924.0
2024-02-29 23:00:00,1924.0
2024-03-01 03:00:00,1924.0
2024-03-01 04:00:00,1924.0
2024-03-01 05:00:00,1924.0
2024-03-01 06:00:00,1924.0
2024-03-01 07:00:00,1924.0
2024-03-01 23:00:00,1924.0
2024-03-04 03:00:00,1924.0
2024-03-04 04:00:00,1924.0
2024-03-04 05:00:00,1924.0
2024-03-04 05:00:01,1924.0
2024-03-04 06:00:00,1934.0
2024-03-04 07:00:00,1931.0
2024-03-04 08:30:00,1931.0
2024-03-04 23:00:00,1925.0
2024-03-05 03:00:00,1924.0
2024-03-05 04:00:00,1928.0
2024-03-05 05:00:00,1929.0
2024-03-05 06:00:00,1936.0
2024-03-05 07:00:00,1932.0
2024-03-05 23:00:00,1941.0
2024-03-06 02:00:00,1949.0
2024-03-06 04:00:00,1931.0
2024-03-06 05:00:00,1927.0
2024-03-06 06:00:00,1914.0
2024-03-06 07:00:00,1914.0
2024-03-06 23:00:00,1921.0
2024-03-07 06:00:00,1939.0
2024-03-07 07:00:00,1947.0
2024-03-07 23:00:00,1952.0
2024-03-08 02:00:00,1935.0
2024-03-08 03:00:00,1927.0
2024-03-08 04:00:00,1928.0
2024-03-08 06:00:00,1929.0
2024-03-08 07:00:00,1931.0
2024-03-08 23:00:00,1931.0
2024-03-11 02:00:00,1932.0
2024-03-11 03:00:00,1925.0
2024-03-11 04:00:00,1923.0
2024-03-11 05:00:00,1922.0
2024-03-11 06:00:00,1920.0
2024-03-11 07:00:00,1895.0
2024-03-11 23:00:00,1897.0
2024-03-12 04:00:00,1898.0
2024-03-12 06:00:00,1904.0
2024-03-12 23:00:00,1905.0
2024-03-13 03:00:00,1908.0
2024-03-13 04:00:00,1915.0
2024-03-13 05:00:00,1918.0
2024-03-13 06:00:00,1925.0
2024-03-13 07:00:00,1951.0
2024-03-13 23:00:00,1951.0
2024-03-14 02:00:00,1948.0
2024-03-14 03:00:00,1951.0
2024-03-14 04:00:00,1954.0
2024-03-14 06:00:00,1952.0
2024-03-14 07:00:00,1939.0
2024-03-14 15:00:00,1856.0
2024-03-14 23:00:00,1944.0
2024-03-15 03:00:00,1939.0
2024-03-15 04:00:00,1930.0
2024-03-15 06:00:00,1924.0
2024-03-15 07:00:00,1937.0
2024-03-15 23:00:00,1937.0
2024-03-18 03:00:00,1900.0
2024-03-18 06:00:00,1892.0
2024-03-18 07:00:00,1896.0
2024-03-18 23:00:00,1915.0
2024-03-19 02:00:00,1917.0
2024-03-19 03:00:00,1914.0
2024-03-19 04:00:00,1920.0
2024-03-19 23:00:00,1919.0
2024-03-20 02:00:00,1908.0
2024-03-20 03:00:00,1914.0
2024-03-20 04:00:00,1912.0
2024-03-20 07:00:00,1929.0
2024-03-20 23:00:00,1930.0
2024-03-21 02:00:00,1949.0
2024-03-21 04:00:00,1954.0
2024-03-21 05:00:00,1953.0
2024-03-21 06:00:00,1949.0
2024-03-21 07:00:00,1964.0
2024-03-21 23:00:00,1955.0
2024-03-22 02:00:00,1963.0
2024-03-22 03:00:00,1959.0
2024-03-22 04:00:00,1957.0
2024-03-22 06:00:00,1964.0
2024-03-22 07:00:00,1966.0
2024-03-22 23:00:00,1966.0
2024-03-25 02:00:00,1959.0
2024-03-25 03:00:00,1963.0
2024-03-25 07:00:00,1933.0
2024-03-25 23:00:00,1939.0
2024-03-26 02:00:00,1938.0
2024-03-26 03:00:00,1941.0
2024-03-26 03:00:01,1941.0
2024-03-26 06:00:00,1941.0
2024-03-26 07:00:00,1943.0
2024-03-26 23:00:00,1943.0
2024-03-27 03:00:00,1951.0
2024-03-27 04:00:00,1943.0
2024-03-27 06:00:00,1949.0
2024-03-27 07:00:00,1949.0
2024-03-27 23:00:00,1949.0
2024-03-28 02:00:00,1967.0
2024-03-28 03:00:00,1973.0
2024-03-28 05:00:00,1973.0
2024-03-28 06:00:00,1973.0
2024-03-28 07:00:00,1973.0
2024-03-28 10:00:00,1974.0
2024-03-28 23:00:00,1964.0
