DATETIME,CARRY,CARRY_CONTRACT,PRICE,PRICE_CONTRACT,FORWARD,FORWARD_CONTRACT
2023-06-01 23:00:00,21357.5,20230900,21285.0,20230800,21357.5,20230900
2023-06-02 23:00:00,21250.0,20230900,21170.0,20230800,21250.0,20230900
2023-06-05 23:00:00,20935.0,20230900,20855.0,20230800,20935.0,20230900
2023-06-06 23:00:00,20997.5,20230900,20930.0,20230800,20997.5,20230900
2023-06-07 23:00:00,21445.0,20230900,21377.5,20230800,21445.0,20230900
2023-06-08 23:00:00,21155.0,20230900,21085.0,20230800,21155.0,20230900
2023-06-09 23:00:00,21195.0,20230900,21120.0,20230800,21195.0,20230900
2023-06-12 23:00:00,20770.0,20230900,20695.0,20230800,20770.0,20230900
2023-06-13 23:00:00,21962.5,20230900,21897.5,20230800,21962.5,20230900
2023-06-14 23:00:00,22725.0,20230900,22662.5,20230800,22725.0,20230900
2023-06-15 23:00:00,22995.0,20230900,22940.0,20230800,22995.0,20230900
2023-06-16 23:00:00,23042.5,20230900,22977.5,20230800,23042.5,20230900
2023-06-19 23:00:00,22502.5,20230900,22437.5,20230800,22502.5,20230900
2023-06-20 01:00:00,22485.0,20230900,22437.5,20230800,22485.0,20230900
2023-06-20 02:00:00,22425.0,20230900,22437.5,20230800,22425.0,20230900
2023-06-20 03:00:00,22310.0,20230900,22437.5,20230800,22310.0,20230900
2023-06-20 04:00:00,22295.0,20230900,22437.5,20230800,22295.0,20230900
2023-06-20 05:00:00,22295.0,20230900,22437.5,20230800,22295.0,20230900
2023-06-20 06:00:00,22355.0,20230900,22437.5,20230800,22355.0,20230900
2023-06-20 07:00:00,22240.0,20230900,22437.5,20230800,22240.0,20230900
2023-06-20 08:00:00,22295.0,20230900,22437.5,20230800,22295.0,20230900
2023-06-20 09:00:00,22000.0,20230900,22437.5,20230800,22000.0,20230900
2023-06-20 10:00:00,21945.0,20230900,22437.5,20230800,21945.0,20230900
2023-06-20 11:00:00,21965.0,20230900,22437.5,20230800,21965.0,20230900
2023-06-20 12:00:00,21990.0,20230900,22437.5,20230800,21990.0,20230900
2023-06-20 13:00:00,22045.0,20230900,22437.5,20230800,22045.0,20230900
2023-06-20 14:00:00,22045.0,20230900,22437.5,20230800,22045.0,20230900
2023-06-20 15:00:00,22015.0,20230900,22437.5,20230800,22015.0,20230900
2023-06-20 16:00:00,22060.0,20230900,22437.5,20230800,22060.0,20230900
2023-06-20 17:00:00,22045.0,20230900,22437.5,20230800,22045.0,20230900
2023-06-20 18:00:00,21960.0,20230900,22437.5,20230800,21960.0,20230900
2023-06-20 23:00:00,22040.0,20230900,21972.5,20230800,22040.0,20230900
2023-06-21 23:00:00,21247.5,20230900,21180.0,20230800,21247.5,20230900
2023-06-22 23:00:00,21192.5,20230900,21137.5,20230800,21192.5,20230900
2023-06-23 23:00:00,21320.0,20230900,21250.0,20230800,21320.0,20230900
2023-06-26 23:00:00,20302.5,20230900,20237.5,20230800,20302.5,20230900
2023-06-27 23:00:00,20790.0,20230900,20720.0,20230800,20790.0,20230900
2023-06-28 23:00:00,20052.5,20230900,19985.0,20230800,20052.5,20230900
2023-06-29 08:00:00,20060.0,20230900,19985.0,20230800,20060.0,20230900
2023-06-29 09:00:00,20060.0,20230900,19985.0,20230800,20060.0,20230900
2023-06-29 10:00:00,20060.0,20230900,19985.0,20230800,20060.0,20230900
2023-06-29 11:00:00,20060.0,20230900,19985.0,20230800,20060.0,20230900
2023-06-29 12:00:00,20060.0,20230900,19985.0,20230800,20060.0,20230900
2023-06-29 13:00:00,20060.0,20230900,19985.0,20230800,20060.0,20230900
2023-06-29 14:00:00,20060.0,20230900,19985.0,20230800,20060.0,20230900
2023-06-29 15:00:00,20060.0,20230900,19985.0,20230800,20060.0,20230900
2023-06-29 16:00:00,20060.0,20230900,19985.0,20230800,20060.0,20230900
2023-06-29 17:00:00,20060.0,20230900,19985.0,20230800,20060.0,20230900
2023-06-29 18:00:00,20060.0,20230900,19985.0,20230800,20060.0,20230900
2023-06-29 23:00:00,20630.0,20230900,20570.0,20230800,20630.0,20230900
2023-06-30 14:00:00,20420.0,20230900,20570.0,20230800,20420.0,20230900
2023-06-30 15:00:00,20420.0,20230900,20570.0,20230800,20420.0,20230900
2023-06-30 16:00:00,20420.0,20230900,20570.0,20230800,20420.0,20230900
2023-06-30 17:00:00,20420.0,20230900,20570.0,20230800,20420.0,20230900
2023-06-30 18:00:00,20420.0,20230900,20570.0,20230800,20420.0,20230900
2023-06-30 23:00:00,20510.0,20230900,20447.5,20230800,20510.0,20230900
2023-07-03 23:00:00,20615.0,20231000,20565.0,20230900,20615.0,20231000
2023-07-04 23:00:00,20537.5,20231000,20485.0,20230900,20537.5,20231000
2023-07-05 14:00:00,20537.5,20231000,20485.0,20230900,20537.5,20231000
2023-07-05 15:00:00,20537.5,20231000,20485.0,20230900,20537.5,20231000
2023-07-05 16:00:00,20537.5,20231000,20485.0,20230900,20537.5,20231000
2023-07-05 17:00:00,20537.5,20231000,20485.0,20230900,20537.5,20231000
2023-07-05 18:00:00,20537.5,20231000,20485.0,20230900,20537.5,20231000
2023-07-05 23:00:00,21235.0,20231000,21180.0,20230900,21235.0,20231000
2023-07-06 10:00:00,21235.0,20231000,21030.0,20230900,21235.0,20231000
2023-07-06 11:00:00,21235.0,20231000,21030.0,20230900,21235.0,20231000
2023-07-06 12:00:00,21235.0,20231000,21030.0,20230900,21235.0,20231000
2023-07-06 13:00:00,21235.0,20231000,21030.0,20230900,21235.0,20231000
2023-07-06 14:00:00,21235.0,20231000,21030.0,20230900,21235.0,20231000
2023-07-06 15:00:00,21235.0,20231000,21030.0,20230900,21235.0,20231000
2023-07-06 16:00:00,21235.0,20231000,21030.0,20230900,21235.0,20231000
2023-07-06 17:00:00,21235.0,20231000,21030.0,20230900,21235.0,20231000
2023-07-06 18:00:00,21235.0,20231000,21030.0,20230900,21235.0,20231000
2023-07-06 23:00:00,21237.5,20231000,21175.0,20230900,21237.5,20231000
2023-07-07 23:00:00,20835.0,20231000,20767.5,20230900,20835.0,20231000
2023-07-10 23:00:00,21035.0,20231000,20962.5,20230900,21035.0,20231000
2023-07-11 23:00:00,20722.5,20231000,20652.5,20230900,20722.5,20231000
2023-07-12 23:00:00,21697.5,20231000,21630.0,20230900,21697.5,20231000
2023-07-13 23:00:00,21302.5,20231000,21235.0,20230900,21302.5,20231000
2023-07-14 23:00:00,21635.0,20231000,21570.0,20230900,21635.0,20231000
2023-07-17 23:00:00,21052.5,20231000,20985.0,20230900,21052.5,20231000
2023-07-18 01:00:00,20930.0,20231000,20985.0,20230900,20930.0,20231000
2023-07-18 02:00:00,21110.0,20231000,20985.0,20230900,21110.0,20231000
2023-07-18 03:00:00,21185.0,20231000,20985.0,20230900,21185.0,20231000
2023-07-18 04:00:00,21105.0,20231000,20985.0,20230900,21105.0,20231000
2023-07-18 05:00:00,21105.0,20231000,20985.0,20230900,21105.0,20231000
2023-07-18 06:00:00,21145.0,20231000,20985.0,20230900,21145.0,20231000
2023-07-18 07:00:00,21155.0,20231000,20985.0,20230900,21155.0,20231000
2023-07-18 08:00:00,21075.0,20231000,20985.0,20230900,21075.0,20231000
2023-07-18 09:00:00,21020.0,20231000,20985.0,20230900,21020.0,20231000
2023-07-18 10:00:00,20965.0,20231000,20985.0,20230900,20965.0,20231000
2023-07-18 11:00:00,20780.0,20231000,20985.0,20230900,20780.0,20231000
2023-07-18 12:00:00,20880.0,20231000,20985.0,20230900,20880.0,20231000
2023-07-18 13:00:00,20850.0,20231000,20985.0,20230900,20850.0,20231000
2023-07-18 14:00:00,20900.0,20231000,20985.0,20230900,20900.0,20231000
2023-07-18 15:00:00,21000.0,20231000,20985.0,20230900,21000.0,20231000
2023-07-18 16:00:00,21125.0,20231000,20985.0,20230900,21125.0,20231000
2023-07-18 17:00:00,21110.0,20231000,20985.0,20230900,21110.0,20231000
2023-07-18 18:00:00,21190.0,20231000,20985.0,20230900,21190.0,20231000
2023-07-18 23:00:00,21085.0,20231000,21022.5,20230900,21085.0,20231000
2023-07-18 23:00:01,21155.0,20231100,21085.0,20231000,21155.0,20231100
2023-07-19 23:00:00,20985.0,20231100,20905.0,20231000,20985.0,20231100
2023-07-20 23:00:00,21355.0,20231100,21280.0,20231000,21355.0,20231100
2023-07-21 06:00:00,21355.0,20231100,21300.0,20231000,21355.0,20231100
2023-07-21 07:00:00,21355.0,20231100,21350.0,20231000,21355.0,20231100
2023-07-21 13:00:00,21355.0,20231100,21140.0,20231000,21355.0,20231100
2023-07-21 17:00:00,21355.0,20231100,20775.0,20231000,21355.0,20231100
2023-07-21 23:00:00,20842.5,20231100,20770.0,20231000,20842.5,20231100
2023-07-24 16:00:00,20842.5,20231100,21340.0,20231000,20842.5,20231100
2023-07-24 23:00:00,21500.0,20231100,21425.0,20231000,21500.0,20231100
2023-07-25 09:00:00,21500.0,20231100,21450.0,20231000,21500.0,20231100
2023-07-25 17:00:00,21500.0,20231100,22500.0,20231000,21500.0,20231100
2023-07-25 23:00:00,22525.0,20231100,22445.0,20231000,22525.0,20231100
2023-07-26 12:00:00,22525.0,20231100,21820.0,20231000,22525.0,20231100
2023-07-26 17:00:00,22525.0,20231100,21635.0,20231000,22525.0,20231100
2023-07-26 23:00:00,21657.5,20231100,21580.0,20231000,21657.5,20231100
2023-07-27 17:00:00,21657.5,20231100,21690.0,20231000,21657.5,20231100
2023-07-27 23:00:00,21755.0,20231100,21675.0,20231000,21755.0,20231100
2023-07-28 23:00:00,22370.0,20231100,22295.0,20231000,22370.0,20231100
2023-07-31 23:00:00,22347.5,20231100,22272.5,20231000,22347.5,20231100
2023-08-01 09:00:00,22347.5,20231100,22580.0,20231000,22347.5,20231100
2023-08-01 23:00:00,22402.5,20231100,22332.5,20231000,22402.5,20231100
2023-08-02 23:00:00,21610.0,20231100,21530.0,20231000,21610.0,20231100
2023-08-03 23:00:00,21655.0,20231100,21570.0,20231000,21655.0,20231100
2023-08-04 23:00:00,21352.5,20231100,21275.0,20231000,21352.5,20231100
2023-08-07 23:00:00,21132.5,20231100,21047.5,20231000,21132.5,20231100
2023-08-08 23:00:00,20865.0,20231100,20777.5,20231000,20865.0,20231100
2023-08-09 23:00:00,20572.5,20231100,20490.0,20231000,20572.5,20231100
2023-08-10 23:00:00,20455.0,20231100,20370.0,20231000,20455.0,20231100
2023-08-11 23:00:00,20255.0,20231100,20160.0,20231000,20255.0,20231100
2023-08-14 23:00:00,20092.5,20231100,20002.5,20231000,20092.5,20231100
2023-08-15 02:00:00,20150.0,20231100,20002.5,20231000,20150.0,20231100
2023-08-15 03:00:00,20200.0,20231100,20002.5,20231000,20200.0,20231100
2023-08-15 04:00:00,20200.0,20231100,20002.5,20231000,20200.0,20231100
2023-08-15 06:00:00,20200.0,20231100,20002.5,20231000,20200.0,20231100
2023-08-15 07:00:00,20220.0,20231100,20002.5,20231000,20220.0,20231100
2023-08-15 08:00:00,19860.0,20231100,20002.5,20231000,19860.0,20231100
2023-08-15 09:00:00,19840.0,20231100,20002.5,20231000,19840.0,20231100
2023-08-15 10:00:00,19850.0,20231100,20002.5,20231000,19850.0,20231100
2023-08-15 11:00:00,19835.0,20231100,20002.5,20231000,19835.0,20231100
2023-08-15 12:00:00,19875.0,20231100,20002.5,20231000,19875.0,20231100
2023-08-15 13:00:00,19915.0,20231100,20002.5,20231000,19915.0,20231100
2023-08-15 14:00:00,19985.0,20231100,20002.5,20231000,19985.0,20231100
2023-08-15 15:00:00,19855.0,20231100,20002.5,20231000,19855.0,20231100
2023-08-15 16:00:00,19760.0,20231100,20002.5,20231000,19760.0,20231100
2023-08-15 17:00:00,19755.0,20231100,20002.5,20231000,19755.0,20231100
2023-08-15 18:00:00,19770.0,20231100,20002.5,20231000,19770.0,20231100
2023-08-15 23:00:00,19780.0,20231100,19695.0,20231000,19780.0,20231100
2023-08-16 08:00:00,19780.0,20231100,19900.0,20231000,19780.0,20231100
2023-08-16 23:00:00,19805.0,20231100,19720.0,20231000,19805.0,20231100
2023-08-17 23:00:00,20277.5,20231100,20190.0,20231000,20277.5,20231100
2023-08-18 23:00:00,20132.5,20231100,20052.5,20231000,20132.5,20231100
2023-08-21 23:00:00,20100.0,20231100,20015.0,20231000,20100.0,20231100
2023-08-21 23:00:01,20195.0,20231200,20100.0,20231100,20195.0,20231200
2023-08-22 15:00:00,20490.0,20231200,20100.0,20231100,20490.0,20231200
2023-08-22 23:00:00,20587.5,20231200,20497.5,20231100,20587.5,20231200
2023-08-23 23:00:00,21035.0,20231200,20945.0,20231100,21035.0,20231200
2023-08-24 16:00:00,20795.0,20231200,20945.0,20231100,20795.0,20231200
2023-08-24 23:00:00,20900.0,20231200,20820.0,20231100,20900.0,20231200
2023-08-25 23:00:00,20870.0,20231200,20790.0,20231100,20870.0,20231200
2023-08-29 15:00:00,20680.0,20231200,20790.0,20231100,20680.0,20231200
2023-08-29 23:00:00,20750.0,20231200,20665.0,20231100,20750.0,20231200
2023-08-30 23:00:00,20700.0,20231200,20615.0,20231100,20700.0,20231200
2023-08-31 23:00:00,20350.0,20231200,20270.0,20231100,20350.0,20231200
2023-09-01 15:00:00,20630.0,20231200,20270.0,20231100,20630.0,20231200
2023-09-01 16:00:00,20630.0,20231200,21050.0,20231100,20630.0,20231200
2023-09-01 17:00:00,20630.0,20231200,21050.0,20231100,20630.0,20231200
2023-09-01 18:00:00,20630.0,20231200,21075.0,20231100,20630.0,20231200
2023-09-01 23:00:00,21150.0,20231200,21070.0,20231100,21150.0,20231200
2023-09-04 15:00:00,20965.0,20231200,21070.0,20231100,20965.0,20231200
2023-09-04 23:00:00,21095.0,20231200,21015.0,20231100,21095.0,20231200
2023-09-05 23:00:00,21095.0,20231200,21020.0,20231100,21095.0,20231200
2023-09-06 15:00:00,20965.0,20231200,21020.0,20231100,20965.0,20231200
2023-09-06 23:00:00,20640.0,20231200,20560.0,20231100,20640.0,20231200
2023-09-07 23:00:00,20530.0,20231200,20445.0,20231100,20530.0,20231200
2023-09-08 23:00:00,20095.0,20231200,20005.0,20231100,20095.0,20231200
2023-09-11 15:00:00,20265.0,20231200,20005.0,20231100,20265.0,20231200
2023-09-11 23:00:00,20515.0,20231200,20425.0,20231100,20515.0,20231200
2023-09-12 23:00:00,19945.0,20231200,19855.0,20231100,19945.0,20231200
2023-09-13 23:00:00,20090.0,20231200,20005.0,20231100,20090.0,20231200
2023-09-14 14:00:00,20150.0,20231200,20005.0,20231100,20150.0,20231200
2023-09-14 23:00:00,20360.0,20231200,20265.0,20231100,20360.0,20231200
2023-09-15 23:00:00,19940.0,20231200,19845.0,20231100,19940.0,20231200
2023-09-18 16:00:00,20095.0,20231200,19845.0,20231100,20095.0,20231200
2023-09-18 23:00:00,19880.0,20231200,19790.0,20231100,19880.0,20231200
2023-09-19 15:00:00,19745.0,20231200,19790.0,20231100,19745.0,20231200
2023-09-19 23:00:00,19920.0,20231200,19835.0,20231100,19920.0,20231200
2023-09-20 01:00:00,19950.0,20231200,19835.0,20231100,19950.0,20231200
2023-09-20 02:00:00,20200.0,20231200,19835.0,20231100,20200.0,20231200
2023-09-20 03:00:00,20090.0,20231200,19835.0,20231100,20090.0,20231200
2023-09-20 04:00:00,20160.0,20231200,19835.0,20231100,20160.0,20231200
2023-09-20 05:00:00,20105.0,20231200,19835.0,20231100,20105.0,20231200
2023-09-20 06:00:00,20100.0,20231200,19835.0,20231100,20100.0,20231200
2023-09-20 07:00:00,20110.0,20231200,19835.0,20231100,20110.0,20231200
2023-09-20 08:00:00,19925.0,20231200,19835.0,20231100,19925.0,20231200
2023-09-20 09:00:00,19895.0,20231200,19835.0,20231100,19895.0,20231200
2023-09-20 10:00:00,19885.0,20231200,19835.0,20231100,19885.0,20231200
2023-09-20 11:00:00,19860.0,20231200,19835.0,20231100,19860.0,20231200
2023-09-20 12:00:00,19970.0,20231200,19835.0,20231100,19970.0,20231200
2023-09-20 13:00:00,19855.0,20231200,19835.0,20231100,19855.0,20231200
2023-09-20 14:00:00,19710.0,20231200,19835.0,20231100,19710.0,20231200
2023-09-20 15:00:00,19660.0,20231200,19835.0,20231100,19660.0,20231200
2023-09-20 16:00:00,19580.0,20231200,19835.0,20231100,19580.0,20231200
2023-09-20 17:00:00,19590.0,20231200,19835.0,20231100,19590.0,20231200
2023-09-20 18:00:00,19555.0,20231200,19835.0,20231100,19555.0,20231200
2023-09-20 23:00:00,19595.0,20231200,19500.0,20231100,19595.0,20231200
2023-09-21 23:00:00,19125.0,20231200,19040.0,20231100,19125.0,20231200
2023-09-22 23:00:00,19420.0,20231200,19335.0,20231100,19420.0,20231200
2023-09-25 23:00:00,19100.0,20231200,19015.0,20231100,19100.0,20231200
2023-09-26 12:00:00,18900.0,20231200,19015.0,20231100,18900.0,20231200
2023-09-26 23:00:00,18860.0,20231200,18775.0,20231100,18860.0,20231200
2023-09-27 23:00:00,18980.0,20231200,18895.0,20231100,18980.0,20231200
2023-09-28 23:00:00,18860.0,20231200,18775.0,20231100,18860.0,20231200
2023-09-29 08:00:00,18865.0,20231200,18775.0,20231100,18865.0,20231200
2023-09-29 23:00:00,18660.0,20231200,18580.0,20231100,18660.0,20231200
2023-10-02 23:00:00,18705.0,20231200,18615.0,20231100,18705.0,20231200
2023-10-03 23:00:00,18670.0,20231200,18580.0,20231100,18670.0,20231200
2023-10-04 23:00:00,18660.0,20231200,18570.0,20231100,18660.0,20231200
2023-10-05 16:00:00,18390.0,20231200,18570.0,20231100,18390.0,20231200
2023-10-05 23:00:00,18430.0,20231200,18335.0,20231100,18430.0,20231200
2023-10-06 23:00:00,18520.0,20231200,18425.0,20231100,18520.0,20231200
2023-10-09 07:00:00,18520.0,20231200,18500.0,20231100,18520.0,20231200
2023-10-09 08:00:00,18520.0,20231200,18425.0,20231100,18520.0,20231200
2023-10-09 09:00:00,18520.0,20231200,18575.0,20231100,18520.0,20231200
2023-10-09 23:00:00,18875.0,20231200,18775.0,20231100,18875.0,20231200
2023-10-10 08:00:00,18875.0,20231200,18555.0,20231100,18875.0,20231200
2023-10-10 09:00:00,18875.0,20231200,18625.0,20231100,18875.0,20231200
2023-10-10 23:00:00,18610.0,20231200,18510.0,20231100,18610.0,20231200
2023-10-11 10:00:00,18610.0,20231200,18260.0,20231100,18610.0,20231200
2023-10-11 11:00:00,18500.0,20231200,18265.0,20231100,18500.0,20231200
2023-10-11 23:00:00,18295.0,20231200,18195.0,20231100,18295.0,20231200
2023-10-12 08:00:00,18295.0,20231200,18335.0,20231100,18295.0,20231200
2023-10-12 09:00:00,18295.0,20231200,18360.0,20231100,18295.0,20231200
2023-10-12 15:00:00,18600.0,20231200,18360.0,20231100,18600.0,20231200
2023-10-12 23:00:00,18655.0,20231200,18560.0,20231100,18655.0,20231200
2023-10-13 07:00:00,18655.0,20231200,18540.0,20231100,18655.0,20231200
2023-10-13 08:00:00,18655.0,20231200,18480.0,20231100,18655.0,20231200
2023-10-13 09:00:00,18655.0,20231200,18515.0,20231100,18655.0,20231200
2023-10-13 16:00:00,18655.0,20231200,18370.0,20231100,18655.0,20231200
2023-10-13 23:00:00,18475.0,20231200,18380.0,20231100,18475.0,20231200
2023-10-16 09:00:00,18475.0,20231200,18550.0,20231100,18475.0,20231200
2023-10-16 10:00:00,18475.0,20231200,18550.0,20231100,18475.0,20231200
2023-10-16 13:00:00,18475.0,20231200,18600.0,20231100,18475.0,20231200
2023-10-16 14:00:00,18475.0,20231200,18540.0,20231100,18475.0,20231200
2023-10-16 15:00:00,18475.0,20231200,18540.0,20231100,18475.0,20231200
2023-10-16 16:00:00,18475.0,20231200,18535.0,20231100,18475.0,20231200
2023-10-16 23:00:00,18520.0,20231200,18425.0,20231100,18520.0,20231200
2023-10-17 08:00:00,18520.0,20231200,18245.0,20231100,18520.0,20231200
2023-10-17 09:00:00,18520.0,20231200,18275.0,20231100,18520.0,20231200
2023-10-17 10:00:00,18520.0,20231200,18215.0,20231100,18520.0,20231200
2023-10-17 23:00:00,18510.0,20231200,18415.0,20231100,18510.0,20231200
2023-10-18 08:00:00,18510.0,20231200,18415.0,20231100,18510.0,20231200
2023-10-18 09:00:00,18510.0,20231200,18370.0,20231100,18510.0,20231200
2023-10-18 10:00:00,18510.0,20231200,18450.0,20231100,18510.0,20231200
2023-10-18 11:00:00,18510.0,20231200,18460.0,20231100,18510.0,20231200
2023-10-18 12:00:00,18510.0,20231200,18440.0,20231100,18510.0,20231200
2023-10-18 23:00:00,18575.0,20231200,18480.0,20231100,18575.0,20231200
2023-10-19 09:00:00,18575.0,20231200,18430.0,20231100,18575.0,20231200
2023-10-19 10:00:00,18575.0,20231200,18410.0,20231100,18575.0,20231200
2023-10-19 11:00:00,18575.0,20231200,18380.0,20231100,18575.0,20231200
2023-10-19 12:00:00,18575.0,20231200,18375.0,20231100,18575.0,20231200
2023-10-19 16:00:00,18500.0,20231200,18375.0,20231100,18500.0,20231200
2023-10-19 23:00:00,18435.0,20231200,18340.0,20231100,18435.0,20231200
2023-10-20 09:00:00,18435.0,20231200,18315.0,20231100,18435.0,20231200
2023-10-20 10:00:00,18435.0,20231200,18220.0,20231100,18435.0,20231200
2023-10-20 23:00:00,18515.0,20231200,18430.0,20231100,18515.0,20231200
2023-10-23 09:00:00,18515.0,20231200,18300.0,20231100,18515.0,20231200
2023-10-23 10:00:00,18515.0,20231200,18260.0,20231100,18515.0,20231200
2023-10-23 11:00:00,18515.0,20231200,18275.0,20231100,18515.0,20231200
2023-10-23 12:00:00,18515.0,20231200,18290.0,20231100,18515.0,20231200
2023-10-23 14:00:00,18515.0,20231200,18295.0,20231100,18515.0,20231200
2023-10-23 15:00:00,18515.0,20231200,18140.0,20231100,18515.0,20231200
2023-10-23 23:00:00,18075.0,20231200,17990.0,20231100,18075.0,20231200
2023-10-24 23:00:00,18180.0,20231200,18090.0,20231100,18180.0,20231200
2023-10-25 08:00:00,18180.0,20231200,18080.0,20231100,18180.0,20231200
2023-10-25 23:00:00,18220.0,20231200,18130.0,20231100,18220.0,20231200
2023-10-26 09:00:00,18220.0,20231200,17965.0,20231100,18220.0,20231200
2023-10-26 11:00:00,18220.0,20231200,17965.0,20231100,18220.0,20231200
2023-10-26 12:00:00,18220.0,20231200,17990.0,20231100,18220.0,20231200
2023-10-26 13:00:00,18220.0,20231200,17990.0,20231100,18220.0,20231200
2023-10-26 23:00:00,17980.0,20231200,17890.0,20231100,17980.0,20231200
2023-10-27 09:00:00,17980.0,20231200,17940.0,20231100,17980.0,20231200
2023-10-27 10:00:00,17980.0,20231200,18055.0,20231100,17980.0,20231200
2023-10-27 11:00:00,17980.0,20231200,18080.0,20231100,17980.0,20231200
2023-10-27 23:00:00,18275.0,20231200,18190.0,20231100,18275.0,20231200
2023-10-30 14:00:00,18280.0,20231200,18190.0,20231100,18280.0,20231200
2023-10-30 23:00:00,18380.0,20231200,18295.0,20231100,18380.0,20231200
2023-10-31 08:00:00,18380.0,20231200,18100.0,20231100,18380.0,20231200
2023-10-31 09:00:00,18380.0,20231200,18035.0,20231100,18380.0,20231200
2023-10-31 10:00:00,18380.0,20231200,18030.0,20231100,18380.0,20231200
2023-10-31 11:00:00,18380.0,20231200,18100.0,20231100,18380.0,20231200
2023-10-31 12:00:00,18380.0,20231200,18085.0,20231100,18380.0,20231200
2023-10-31 23:00:00,18015.0,20231200,17925.0,20231100,18015.0,20231200
2023-11-01 10:00:00,18015.0,20231200,17925.0,20231100,18015.0,20231200
2023-11-01 13:00:00,18015.0,20231200,17825.0,20231100,18015.0,20231200
2023-11-01 14:00:00,18015.0,20231200,17880.0,20231100,18015.0,20231200
2023-11-01 23:00:00,17900.0,20231200,17815.0,20231100,17900.0,20231200
2023-11-02 08:00:00,17900.0,20231200,17815.0,20231100,17900.0,20231200
2023-11-02 09:00:00,17900.0,20231200,17775.0,20231100,17900.0,20231200
2023-11-02 10:00:00,17900.0,20231200,17765.0,20231100,17900.0,20231200
2023-11-02 15:00:00,17900.0,20231200,17825.0,20231100,17900.0,20231200
2023-11-02 23:00:00,17855.0,20231200,17770.0,20231100,17855.0,20231200
2023-11-03 08:00:00,17855.0,20231200,17805.0,20231100,17855.0,20231200
2023-11-03 09:00:00,17855.0,20231200,17720.0,20231100,17855.0,20231200
2023-11-03 10:00:00,17855.0,20231200,17750.0,20231100,17855.0,20231200
2023-11-03 14:00:00,17860.0,20231200,17750.0,20231100,17860.0,20231200
2023-11-03 23:00:00,18090.0,20231200,18010.0,20231100,18090.0,20231200
2023-11-06 08:00:00,18095.0,20231200,18010.0,20231100,18095.0,20231200
2023-11-06 09:00:00,18020.0,20231200,18010.0,20231100,18020.0,20231200
2023-11-06 10:00:00,18000.0,20231200,18010.0,20231100,18000.0,20231200
2023-11-06 23:00:00,18305.0,20231200,18225.0,20231100,18305.0,20231200
2023-11-07 08:00:00,17830.0,20231200,18225.0,20231100,17830.0,20231200
2023-11-07 15:00:00,17830.0,20231200,18225.0,20231100,17830.0,20231200
2023-11-07 23:00:00,17775.0,20231200,17685.0,20231100,17775.0,20231200
2023-11-08 09:00:00,17895.0,20231200,17685.0,20231100,17895.0,20231200
2023-11-08 11:00:00,17750.0,20231200,17685.0,20231100,17750.0,20231200
2023-11-08 23:00:00,17960.0,20231200,17880.0,20231100,17960.0,20231200
2023-11-09 09:00:00,17680.0,20231200,17880.0,20231100,17680.0,20231200
2023-11-09 23:00:00,17675.0,20231200,17590.0,20231100,17675.0,20231200
2023-11-10 10:00:00,17350.0,20231200,17590.0,20231100,17350.0,20231200
2023-11-10 11:00:00,17350.0,20231200,17590.0,20231100,17350.0,20231200
2023-11-10 23:00:00,17115.0,20231200,17030.0,20231100,17115.0,20231200
2023-11-13 08:00:00,17150.0,20231200,17030.0,20231100,17150.0,20231200
2023-11-13 13:00:00,17100.0,20231200,17030.0,20231100,17100.0,20231200
2023-11-13 23:00:00,17260.0,20231200,17170.0,20231100,17260.0,20231200
2023-11-14 08:00:00,17080.0,20231200,17170.0,20231100,17080.0,20231200
2023-11-14 08:00:01,17080.0,20231200,16995.0,20231100,17080.0,20231200
2023-11-14 08:00:02,17080.0,20240100,17080.0,20231200,17080.0,20240100
2023-11-14 23:00:00,17415.0,20240100,17340.0,20231200,17415.0,20240100
2023-11-15 08:00:00,17415.0,20240100,17290.0,20231200,17415.0,20240100
2023-11-15 09:00:00,17415.0,20240100,17260.0,20231200,17415.0,20240100
2023-11-15 10:00:00,17415.0,20240100,17330.0,20231200,17415.0,20240100
2023-11-15 14:00:00,17415.0,20240100,17330.0,20231200,17415.0,20240100
2023-11-15 23:00:00,17350.0,20240100,17270.0,20231200,17350.0,20240100
2023-11-16 09:00:00,17350.0,20240100,17085.0,20231200,17350.0,20240100
2023-11-16 10:00:00,17350.0,20240100,17095.0,20231200,17350.0,20240100
2023-11-16 11:00:00,17350.0,20240100,17000.0,20231200,17350.0,20240100
2023-11-16 12:00:00,17350.0,20240100,17030.0,20231200,17350.0,20240100
2023-11-16 23:00:00,16945.0,20240100,16865.0,20231200,16945.0,20240100
2023-11-17 08:00:00,16945.0,20240100,16700.0,20231200,16945.0,20240100
2023-11-17 10:00:00,16945.0,20240100,16820.0,20231200,16945.0,20240100
2023-11-17 15:00:00,16875.0,20240100,16820.0,20231200,16875.0,20240100
2023-11-17 23:00:00,16825.0,20240100,16745.0,20231200,16825.0,20240100
2023-11-20 08:00:00,16825.0,20240100,16675.0,20231200,16825.0,20240100
2023-11-20 09:00:00,16825.0,20240100,16640.0,20231200,16825.0,20240100
2023-11-20 10:00:00,16825.0,20240100,16660.0,20231200,16825.0,20240100
2023-11-20 11:00:00,16825.0,20240100,16675.0,20231200,16825.0,20240100
2023-11-20 23:00:00,16870.0,20240100,16790.0,20231200,16870.0,20240100
2023-11-21 08:00:00,16870.0,20240100,16630.0,20231200,16870.0,20240100
2023-11-21 09:00:00,16870.0,20240100,16620.0,20231200,16870.0,20240100
2023-11-21 10:00:00,16870.0,20240100,16670.0,20231200,16870.0,20240100
2023-11-21 11:00:00,16870.0,20240100,16620.0,20231200,16870.0,20240100
2023-11-21 12:00:00,16870.0,20240100,16630.0,20231200,16870.0,20240100
2023-11-21 23:00:00,16905.0,20240100,16830.0,20231200,16905.0,20240100
2023-11-22 08:00:00,16905.0,20240100,16460.0,20231200,16905.0,20240100
2023-11-22 09:00:00,16905.0,20240100,16500.0,20231200,16905.0,20240100
2023-11-22 10:00:00,16905.0,20240100,16565.0,20231200,16905.0,20240100
2023-11-22 23:00:00,16345.0,20240100,16270.0,20231200,16345.0,20240100
2023-11-23 09:00:00,16345.0,20240100,16270.0,20231200,16345.0,20240100
2023-11-23 12:00:00,16345.0,20240100,16300.0,20231200,16345.0,20240100
2023-11-23 23:00:00,16525.0,20240100,16450.0,20231200,16525.0,20240100
2023-11-24 10:00:00,16525.0,20240100,16165.0,20231200,16525.0,20240100
2023-11-24 13:00:00,16525.0,20240100,16165.0,20231200,16525.0,20240100
2023-11-24 23:00:00,16050.0,20240100,15970.0,20231200,16050.0,20240100
2023-11-27 07:00:00,16050.0,20240100,15735.0,20231200,16050.0,20240100
2023-11-27 08:00:00,16050.0,20240100,15755.0,20231200,16050.0,20240100
2023-11-27 13:00:00,16050.0,20240100,15900.0,20231200,16050.0,20240100
2023-11-27 23:00:00,15980.0,20240100,15900.0,20231200,15980.0,20240100
2023-11-28 08:00:00,15980.0,20240100,16225.0,20231200,15980.0,20240100
2023-11-28 09:00:00,15980.0,20240100,16200.0,20231200,15980.0,20240100
2023-11-28 23:00:00,16670.0,20240100,16595.0,20231200,16670.0,20240100
2023-11-29 08:00:00,16670.0,20240100,16800.0,20231200,16670.0,20240100
2023-11-29 09:00:00,16670.0,20240100,16755.0,20231200,16670.0,20240100
2023-11-29 16:00:00,16670.0,20240100,17075.0,20231200,16670.0,20240100
2023-11-29 17:00:00,16670.0,20240100,17000.0,20231200,16670.0,20240100
2023-11-29 23:00:00,17025.0,20240100,16955.0,20231200,17025.0,20240100
2023-11-30 07:00:00,17025.0,20240100,16620.0,20231200,17025.0,20240100
2023-11-30 08:00:00,17025.0,20240100,16650.0,20231200,17025.0,20240100
2023-11-30 23:00:00,16560.0,20240100,16485.0,20231200,16560.0,20240100
2023-12-01 07:00:00,16560.0,20240100,16460.0,20231200,16560.0,20240100
2023-12-01 08:00:00,16560.0,20240100,16460.0,20231200,16560.0,20240100
2023-12-01 09:00:00,16600.0,20240100,16550.0,20231200,16600.0,20240100
2023-12-01 10:00:00,16600.0,20240100,16630.0,20231200,16600.0,20240100
2023-12-01 11:00:00,16600.0,20240100,16600.0,20231200,16600.0,20240100
2023-12-01 23:00:00,16965.0,20240100,16895.0,20231200,16965.0,20240100
2023-12-04 07:00:00,16965.0,20240100,16445.0,20231200,16965.0,20240100
2023-12-04 08:00:00,16965.0,20240100,16320.0,20231200,16965.0,20240100
2023-12-04 12:00:00,16965.0,20240100,16385.0,20231200,16965.0,20240100
2023-12-04 23:00:00,16630.0,20240100,16570.0,20231200,16630.0,20240100
2023-12-05 10:00:00,16630.0,20240100,16250.0,20231200,16630.0,20240100
2023-12-05 11:00:00,16630.0,20240100,16250.0,20231200,16630.0,20240100
2023-12-05 23:00:00,16045.0,20240100,15980.0,20231200,16045.0,20240100
2023-12-06 07:00:00,16045.0,20240100,16385.0,20231200,16045.0,20240100
2023-12-06 08:00:00,16045.0,20240100,16400.0,20231200,16045.0,20240100
2023-12-06 09:00:00,16045.0,20240100,16300.0,20231200,16045.0,20240100
2023-12-06 10:00:00,16045.0,20240100,16335.0,20231200,16045.0,20240100
2023-12-06 11:00:00,16045.0,20240100,16320.0,20231200,16045.0,20240100
2023-12-06 23:00:00,16110.0,20240100,16045.0,20231200,16110.0,20240100
2023-12-07 08:00:00,16110.0,20240100,16340.0,20231200,16110.0,20240100
2023-12-07 09:00:00,16110.0,20240100,16180.0,20231200,16110.0,20240100
2023-12-07 23:00:00,16400.0,20240100,16330.0,20231200,16400.0,20240100
2023-12-08 09:00:00,16400.0,20240100,16670.0,20231200,16400.0,20240100
2023-12-08 11:00:00,16400.0,20240100,16525.0,20231200,16400.0,20240100
2023-12-08 17:00:00,16400.0,20240100,16600.0,20231200,16400.0,20240100
2023-12-08 23:00:00,16695.0,20240100,16630.0,20231200,16695.0,20240100
2023-12-11 08:00:00,16695.0,20240100,16600.0,20231200,16695.0,20240100
2023-12-11 10:00:00,16695.0,20240100,16600.0,20231200,16695.0,20240100
2023-12-11 12:00:00,16695.0,20240100,16600.0,20231200,16695.0,20240100
2023-12-11 17:00:00,16695.0,20240100,16300.0,20231200,16695.0,20240100
2023-12-11 23:00:00,16480.0,20240100,16410.0,20231200,16480.0,20240100
2023-12-12 09:00:00,16425.0,20240100,16410.0,20231200,16425.0,20240100
2023-12-12 10:00:00,16425.0,20240100,16410.0,20231200,16425.0,20240100
2023-12-12 11:00:00,16430.0,20240100,16410.0,20231200,16430.0,20240100
2023-12-12 11:00:01,16430.0,20240200,16430.0,20240100,16430.0,20240200
2023-12-12 23:00:00,16470.0,20240200,16385.0,20240100,16470.0,20240200
2023-12-13 08:00:00,16470.0,20240200,16210.0,20240100,16470.0,20240200
2023-12-13 09:00:00,16470.0,20240200,16190.0,20240100,16470.0,20240200
2023-12-13 10:00:00,16470.0,20240200,16180.0,20240100,16470.0,20240200
2023-12-13 11:00:00,16470.0,20240200,16245.0,20240100,16470.0,20240200
2023-12-13 12:00:00,16470.0,20240200,16195.0,20240100,16470.0,20240200
2023-12-13 13:00:00,16470.0,20240200,16175.0,20240100,16470.0,20240200
2023-12-13 23:00:00,16415.0,20240200,16330.0,20240100,16415.0,20240200
2023-12-14 09:00:00,16415.0,20240200,16700.0,20240100,16415.0,20240200
2023-12-14 10:00:00,16415.0,20240200,16620.0,20240100,16415.0,20240200
2023-12-14 11:00:00,16415.0,20240200,16740.0,20240100,16415.0,20240200
2023-12-14 12:00:00,16415.0,20240200,16740.0,20240100,16415.0,20240200
2023-12-14 23:00:00,16920.0,20240200,16840.0,20240100,16920.0,20240200
2023-12-15 23:00:00,17085.0,20240200,17005.0,20240100,17085.0,20240200
2023-12-18 09:00:00,17085.0,20240200,16810.0,20240100,17085.0,20240200
2023-12-18 12:00:00,17085.0,20240200,16690.0,20240100,17085.0,20240200
2023-12-18 23:00:00,16430.0,20240200,16345.0,20240100,16430.0,20240200
2023-12-19 09:00:00,16430.0,20240200,16440.0,20240100,16430.0,20240200
2023-12-19 10:00:00,16430.0,20240200,16425.0,20240100,16430.0,20240200
2023-12-19 23:00:00,16675.0,20240200,16590.0,20240100,16675.0,20240200
2023-12-20 23:00:00,16780.0,20240200,16695.0,20240100,16780.0,20240200
2023-12-21 08:00:00,16780.0,20240200,16500.0,20240100,16780.0,20240200
2023-12-21 09:00:00,16780.0,20240200,16625.0,20240100,16780.0,20240200
2023-12-21 10:00:00,16780.0,20240200,16665.0,20240100,16780.0,20240200
2023-12-21 11:00:00,16780.0,20240200,16625.0,20240100,16780.0,20240200
2023-12-21 23:00:00,16815.0,20240200,16730.0,20240100,16815.0,20240200
2023-12-22 08:00:00,16815.0,20240200,16750.0,20240100,16815.0,20240200
2023-12-22 09:00:00,16815.0,20240200,16695.0,20240100,16815.0,20240200
2023-12-22 10:00:00,16815.0,20240200,16670.0,20240100,16815.0,20240200
2023-12-22 11:00:00,16815.0,20240200,16695.0,20240100,16815.0,20240200
2023-12-22 23:00:00,16435.0,20240200,16350.0,20240100,16435.0,20240200
2023-12-27 23:00:00,16855.0,20240200,16765.0,20240100,16855.0,20240200
2023-12-28 12:00:00,16855.0,20240200,16660.0,20240100,16855.0,20240200
2023-12-28 23:00:00,16655.0,20240200,16565.0,20240100,16655.0,20240200
2023-12-29 23:00:00,16520.0,20240200,16435.0,20240100,16520.0,20240200
2024-01-02 08:00:00,16520.0,20240200,16490.0,20240100,16520.0,20240200
2024-01-02 09:00:00,16520.0,20240200,16575.0,20240100,16520.0,20240200
2024-01-02 10:00:00,16520.0,20240200,16550.0,20240100,16520.0,20240200
2024-01-02 14:00:00,16520.0,20240200,16550.0,20240100,16520.0,20240200
2024-01-02 23:00:00,16475.0,20240200,16390.0,20240100,16475.0,20240200
2024-01-03 08:00:00,16475.0,20240200,16415.0,20240100,16475.0,20240200
2024-01-03 09:00:00,16475.0,20240200,16390.0,20240100,16475.0,20240200
2024-01-03 10:00:00,16475.0,20240200,16345.0,20240100,16475.0,20240200
2024-01-03 11:00:00,16475.0,20240200,16200.0,20240100,16475.0,20240200
2024-01-03 12:00:00,16315.0,20240200,16200.0,20240100,16315.0,20240200
2024-01-03 13:00:00,16375.0,20240200,16200.0,20240100,16375.0,20240200
2024-01-03 14:00:00,16250.0,20240200,16200.0,20240100,16250.0,20240200
2024-01-03 23:00:00,16305.0,20240200,16220.0,20240100,16305.0,20240200
2024-01-04 08:00:00,16150.0,20240200,16220.0,20240100,16150.0,20240200
2024-01-04 09:00:00,16185.0,20240200,16220.0,20240100,16185.0,20240200
2024-01-04 10:00:00,16180.0,20240200,16220.0,20240100,16180.0,20240200
2024-01-04 23:00:00,15955.0,20240200,15865.0,20240100,15955.0,20240200
2024-01-05 08:00:00,15955.0,20240200,15725.0,20240100,15955.0,20240200
2024-01-05 23:00:00,16260.0,20240200,16175.0,20240100,16260.0,20240200
2024-01-08 08:00:00,16260.0,20240200,16220.0,20240100,16260.0,20240200
2024-01-08 23:00:00,16180.0,20240200,16095.0,20240100,16180.0,20240200
2024-01-09 08:00:00,16130.0,20240200,16095.0,20240100,16130.0,20240200
2024-01-09 09:00:00,16115.0,20240200,16095.0,20240100,16115.0,20240200
2024-01-09 11:00:00,16095.0,20240200,16095.0,20240100,16095.0,20240200
2024-01-09 12:00:00,16070.0,20240200,16095.0,20240100,16070.0,20240200
2024-01-09 23:00:00,16155.0,20240200,16070.0,20240100,16155.0,20240200
2024-01-10 09:00:00,16075.0,20240200,16070.0,20240100,16075.0,20240200
2024-01-10 10:00:00,16085.0,20240200,16070.0,20240100,16085.0,20240200
2024-01-10 23:00:00,16290.0,20240200,16205.0,20240100,16290.0,20240200
2024-01-11 09:00:00,16210.0,20240200,16205.0,20240100,16210.0,20240200
2024-01-11 10:00:00,16215.0,20240200,16205.0,20240100,16215.0,20240200
2024-01-11 11:00:00,16175.0,20240200,16205.0,20240100,16175.0,20240200
2024-01-11 23:00:00,16275.0,20240200,16185.0,20240100,16275.0,20240200
2024-01-12 08:00:00,16295.0,20240200,16185.0,20240100,16295.0,20240200
2024-01-12 09:00:00,16180.0,20240200,16185.0,20240100,16180.0,20240200
2024-01-12 10:00:00,16155.0,20240200,16185.0,20240100,16155.0,20240200
2024-01-12 23:00:00,16190.0,20240200,16095.0,20240100,16190.0,20240200
2024-01-15 09:00:00,16105.0,20240200,16095.0,20240100,16105.0,20240200
2024-01-15 10:00:00,16120.0,20240200,16095.0,20240100,16120.0,20240200
2024-01-15 12:00:00,16090.0,20240200,16095.0,20240100,16090.0,20240200
2024-01-15 13:00:00,16280.0,20240200,16095.0,20240100,16280.0,20240200
2024-01-15 15:00:00,16150.0,20240200,16095.0,20240100,16150.0,20240200
2024-01-15 15:00:01,16150.0,20240300,16150.0,20240200,16150.0,20240300
2024-01-15 23:00:00,16140.0,20240300,16060.0,20240200,16140.0,20240300
2024-01-16 09:00:00,16140.0,20240300,16005.0,20240200,16140.0,20240300
2024-01-16 10:00:00,16140.0,20240300,15990.0,20240200,16140.0,20240300
2024-01-16 11:00:00,16140.0,20240300,15980.0,20240200,16140.0,20240300
2024-01-16 23:00:00,16070.0,20240300,15990.0,20240200,16070.0,20240300
2024-01-17 07:00:00,16070.0,20240300,15940.0,20240200,16070.0,20240300
2024-01-17 08:00:00,16070.0,20240300,15925.0,20240200,16070.0,20240300
2024-01-17 09:00:00,16070.0,20240300,15950.0,20240200,16070.0,20240300
2024-01-17 10:00:00,16070.0,20240300,15915.0,20240200,16070.0,20240300
2024-01-17 15:00:00,16020.0,20240300,15840.0,20240200,16020.0,20240300
2024-01-17 23:00:00,16000.0,20240300,15920.0,20240200,16000.0,20240300
2024-01-18 08:00:00,16000.0,20240300,15890.0,20240200,16000.0,20240300
2024-01-18 09:00:00,16000.0,20240300,15960.0,20240200,16000.0,20240300
2024-01-18 23:00:00,16075.0,20240300,15990.0,20240200,16075.0,20240300
2024-01-19 13:00:00,16100.0,20240300,15990.0,20240200,16100.0,20240300
2024-01-19 23:00:00,15955.0,20240300,15870.0,20240200,15955.0,20240300
2024-01-22 09:00:00,15955.0,20240300,15810.0,20240200,15955.0,20240300
2024-01-22 11:00:00,15955.0,20240300,15775.0,20240200,15955.0,20240300
2024-01-22 12:00:00,15955.0,20240300,15810.0,20240200,15955.0,20240300
2024-01-22 13:00:00,15955.0,20240300,15855.0,20240200,15955.0,20240300
2024-01-22 14:00:00,15920.0,20240300,15815.0,20240200,15920.0,20240300
2024-01-22 23:00:00,15915.0,20240300,15835.0,20240200,15915.0,20240300
2024-01-23 08:00:00,15915.0,20240300,16105.0,20240200,15915.0,20240300
2024-01-23 09:00:00,15915.0,20240300,16095.0,20240200,15915.0,20240300
2024-01-23 10:00:00,15915.0,20240300,16045.0,20240200,15915.0,20240300
2024-01-23 11:00:00,15915.0,20240300,16045.0,20240200,15915.0,20240300
2024-01-23 23:00:00,16220.0,20240300,16135.0,20240200,16220.0,20240300
2024-01-24 08:00:00,16220.0,20240300,16160.0,20240200,16220.0,20240300
2024-01-24 09:00:00,16220.0,20240300,16170.0,20240200,16220.0,20240300
2024-01-24 10:00:00,16220.0,20240300,16150.0,20240200,16220.0,20240300
2024-01-24 23:00:00,16560.0,20240300,16480.0,20240200,16560.0,20240300
2024-01-25 08:00:00,16560.0,20240300,16405.0,20240200,16560.0,20240300
2024-01-25 09:00:00,16560.0,20240300,16510.0,20240200,16560.0,20240300
2024-01-25 10:00:00,16560.0,20240300,16565.0,20240200,16560.0,20240300
2024-01-25 11:00:00,16560.0,20240300,16560.0,20240200,16560.0,20240300
2024-01-25 23:00:00,16605.0,20240300,16525.0,20240200,16605.0,20240300
2024-01-26 08:00:00,16605.0,20240300,16540.0,20240200,16605.0,20240300
2024-01-26 09:00:00,16605.0,20240300,16535.0,20240200,16605.0,20240300
2024-01-26 11:00:00,16450.0,20240300,16535.0,20240200,16450.0,20240300
2024-01-26 23:00:00,16680.0,20240300,16600.0,20240200,16680.0,20240300
2024-01-29 08:00:00,16680.0,20240300,16340.0,20240200,16680.0,20240300
2024-01-29 09:00:00,16680.0,20240300,16350.0,20240200,16680.0,20240300
2024-01-29 18:00:00,16680.0,20240300,16240.0,20240200,16680.0,20240300
2024-01-29 23:00:00,16325.0,20240300,16240.0,20240200,16325.0,20240300
2024-01-30 23:00:00,16395.0,20240300,16310.0,20240200,16395.0,20240300
2024-01-31 08:00:00,16395.0,20240300,16260.0,20240200,16395.0,20240300
2024-01-31 12:00:00,16395.0,20240300,16200.0,20240200,16395.0,20240300
2024-01-31 23:00:00,16155.0,20240300,16070.0,20240200,16155.0,20240300
2024-02-01 08:00:00,16155.0,20240300,15920.0,20240200,16155.0,20240300
2024-02-01 09:00:00,16155.0,20240300,15980.0,20240200,16155.0,20240300
2024-02-01 10:00:00,16050.0,20240300,15950.0,20240200,16050.0,20240300
2024-02-01 15:00:00,16050.0,20240300,15950.0,20240200,16050.0,20240300
2024-02-01 23:00:00,16115.0,20240300,16035.0,20240200,16115.0,20240300
2024-02-02 08:00:00,16115.0,20240300,16090.0,20240200,16115.0,20240300
2024-02-02 09:00:00,16115.0,20240300,16120.0,20240200,16115.0,20240300
2024-02-02 23:00:00,16115.0,20240300,16030.0,20240200,16115.0,20240300
2024-02-05 09:00:00,16115.0,20240300,15930.0,20240200,16115.0,20240300
2024-02-05 10:00:00,16115.0,20240300,15970.0,20240200,16115.0,20240300
2024-02-05 11:00:00,16115.0,20240300,15890.0,20240200,16115.0,20240300
2024-02-05 23:00:00,15880.0,20240300,15795.0,20240200,15880.0,20240300
2024-02-06 15:00:00,15805.0,20240300,15795.0,20240200,15805.0,20240300
2024-02-06 23:00:00,15780.0,20240300,15700.0,20240200,15780.0,20240300
2024-02-07 08:00:00,15780.0,20240300,15665.0,20240200,15780.0,20240300
2024-02-07 09:00:00,15780.0,20240300,15650.0,20240200,15780.0,20240300
2024-02-07 10:00:00,15780.0,20240300,15620.0,20240200,15780.0,20240300
2024-02-07 13:00:00,15780.0,20240300,15620.0,20240200,15780.0,20240300
2024-02-07 23:00:00,15870.0,20240300,15790.0,20240200,15870.0,20240300
2024-02-08 08:00:00,15870.0,20240300,15920.0,20240200,15870.0,20240300
2024-02-08 09:00:00,15870.0,20240300,15790.0,20240200,15870.0,20240300
2024-02-08 10:00:00,15870.0,20240300,15810.0,20240200,15870.0,20240300
2024-02-08 11:00:00,15870.0,20240300,15810.0,20240200,15870.0,20240300
2024-02-08 14:00:00,15870.0,20240300,15675.0,20240200,15870.0,20240300
2024-02-08 16:00:00,15870.0,20240300,15840.0,20240200,15870.0,20240300
2024-02-08 23:00:00,15860.0,20240300,15780.0,20240200,15860.0,20240300
2024-02-09 07:00:00,15860.0,20240300,15855.0,20240200,15860.0,20240300
2024-02-09 08:00:00,15860.0,20240300,15855.0,20240200,15860.0,20240300
2024-02-09 09:00:00,15860.0,20240300,15855.0,20240200,15860.0,20240300
2024-02-09 10:00:00,15860.0,20240300,15820.0,20240200,15860.0,20240300
2024-02-09 11:00:00,15860.0,20240300,15820.0,20240200,15860.0,20240300
2024-02-09 12:00:00,15860.0,20240300,15835.0,20240200,15860.0,20240300
2024-02-09 13:00:00,15860.0,20240300,15750.0,20240200,15860.0,20240300
2024-02-09 23:00:00,15770.0,20240300,15690.0,20240200,15770.0,20240300
2024-02-12 08:00:00,15780.0,20240300,15690.0,20240200,15780.0,20240300
2024-02-12 09:00:00,15830.0,20240300,15690.0,20240200,15830.0,20240300
2024-02-12 10:00:00,15820.0,20240300,15690.0,20240200,15820.0,20240300
2024-02-12 23:00:00,15885.0,20240300,15805.0,20240200,15885.0,20240300
2024-02-13 08:00:00,15935.0,20240300,15805.0,20240200,15935.0,20240300
2024-02-13 09:00:00,15980.0,20240300,15805.0,20240200,15980.0,20240300
2024-02-13 10:00:00,16010.0,20240300,15805.0,20240200,16010.0,20240300
2024-02-13 11:00:00,15960.0,20240300,15805.0,20240200,15960.0,20240300
2024-02-13 23:00:00,16105.0,20240300,16025.0,20240200,16105.0,20240300
2024-02-14 09:00:00,16120.0,20240300,16025.0,20240200,16120.0,20240300
2024-02-14 11:00:00,16180.0,20240300,16025.0,20240200,16180.0,20240300
2024-02-14 23:00:00,16190.0,20240300,16105.0,20240200,16190.0,20240300
2024-02-15 07:00:00,16215.0,20240300,16105.0,20240200,16215.0,20240300
2024-02-15 08:00:00,16305.0,20240300,16105.0,20240200,16305.0,20240300
2024-02-15 09:00:00,16305.0,20240300,16105.0,20240200,16305.0,20240300
2024-02-15 23:00:00,16095.0,20240300,16010.0,20240200,16095.0,20240300
2024-02-16 08:00:00,16205.0,20240300,16010.0,20240200,16205.0,20240300
2024-02-16 09:00:00,16105.0,20240300,16010.0,20240200,16105.0,20240300
2024-02-16 10:00:00,16140.0,20240300,16010.0,20240200,16140.0,20240300
2024-02-16 23:00:00,16200.0,20240300,16115.0,20240200,16200.0,20240300
2024-02-19 09:00:00,16175.0,20240300,16115.0,20240200,16175.0,20240300
2024-02-19 10:00:00,16160.0,20240300,16115.0,20240200,16160.0,20240300
2024-02-19 23:00:00,16185.0,20240300,16105.0,20240200,16185.0,20240300
2024-02-20 08:00:00,16200.0,20240300,16105.0,20240200,16200.0,20240300
2024-02-20 09:00:00,16200.0,20240300,16105.0,20240200,16200.0,20240300
2024-02-20 10:00:00,16190.0,20240300,16105.0,20240200,16190.0,20240300
2024-02-20 23:00:00,16185.0,20240300,16110.0,20240200,16185.0,20240300
2024-02-21 23:00:00,16780.0,20240300,16110.0,20240200,16780.0,20240300
2024-02-22 23:00:00,17240.0,20240300,16110.0,20240200,17240.0,20240300
2024-02-22 23:00:01,17315.0,20240400,17240.0,20240300,17315.0,20240400
2024-02-23 23:00:00,17415.0,20240400,17340.0,20240300,17415.0,20240400
2024-02-26 07:00:00,17415.0,20240400,17300.0,20240300,17415.0,20240400
2024-02-26 23:00:00,17070.0,20240400,16995.0,20240300,17070.0,20240400
2024-02-27 10:00:00,17070.0,20240400,17110.0,20240300,17070.0,20240400
2024-02-27 11:00:00,17070.0,20240400,17125.0,20240300,17070.0,20240400
2024-02-27 23:00:00,17365.0,20240400,17285.0,20240300,17365.0,20240400
2024-02-28 08:00:00,17365.0,20240400,17140.0,20240300,17365.0,20240400
2024-02-28 23:00:00,17500.0,20240400,17425.0,20240300,17500.0,20240400
2024-02-29 13:00:00,17500.0,20240400,17480.0,20240300,17500.0,20240400
2024-02-29 15:00:00,17500.0,20240400,17520.0,20240300,17500.0,20240400
2024-02-29 23:00:00,17795.0,20240400,17720.0,20240300,17795.0,20240400
2024-03-01 14:00:00,17420.0,20240400,17720.0,20240300,17420.0,20240400
2024-03-01 23:00:00,17560.0,20240400,17485.0,20240300,17560.0,20240400
2024-03-04 08:00:00,17560.0,20240400,17575.0,20240300,17560.0,20240400
2024-03-04 09:00:00,17560.0,20240400,17570.0,20240300,17560.0,20240400
2024-03-04 10:00:00,17560.0,20240400,17620.0,20240300,17560.0,20240400
2024-03-04 23:00:00,17835.0,20240400,17760.0,20240300,17835.0,20240400
2024-03-05 07:00:00,17835.0,20240400,17500.0,20240300,17835.0,20240400
2024-03-05 13:00:00,17835.0,20240400,17560.0,20240300,17835.0,20240400
2024-03-05 23:00:00,17640.0,20240400,17565.0,20240300,17640.0,20240400
2024-03-06 06:00:00,17640.0,20240400,17590.0,20240300,17640.0,20240400
2024-03-06 07:00:00,17640.0,20240400,17465.0,20240300,17640.0,20240400
2024-03-06 23:00:00,17595.0,20240400,17525.0,20240300,17595.0,20240400
2024-03-07 10:00:00,17595.0,20240400,17740.0,20240300,17595.0,20240400
2024-03-07 23:00:00,17860.0,20240400,17800.0,20240300,17860.0,20240400
2024-03-08 09:00:00,17860.0,20240400,17885.0,20240300,17860.0,20240400
2024-03-08 23:00:00,17895.0,20240400,17835.0,20240300,17895.0,20240400
2024-03-11 08:00:00,17965.0,20240400,17835.0,20240300,17965.0,20240400
2024-03-11 09:00:00,17995.0,20240400,17835.0,20240300,17995.0,20240400
2024-03-11 23:00:00,18245.0,20240400,18185.0,20240300,18245.0,20240400
2024-03-12 08:00:00,18215.0,20240400,18185.0,20240300,18215.0,20240400
2024-03-12 23:00:00,18415.0,20240400,18350.0,20240300,18415.0,20240400
2024-03-13 08:00:00,18325.0,20240400,18350.0,20240300,18325.0,20240400
2024-03-13 09:00:00,18205.0,20240400,18350.0,20240300,18205.0,20240400
2024-03-13 23:00:00,18205.0,20240400,18145.0,20240300,18205.0,20240400
2024-03-14 11:00:00,18205.0,20240400,17850.0,20240300,18205.0,20240400
2024-03-14 12:00:00,17965.0,20240400,17850.0,20240300,17965.0,20240400
2024-03-14 12:00:01,,20240500,17965.0,20240400,,20240500
2024-03-14 14:00:00,18040.0,20240500,,20240400,18040.0,20240500
2024-03-14 23:00:00,18005.0,20240500,17935.0,20240400,18005.0,20240500
2024-03-15 08:00:00,,20240500,18150.0,20240400,,20240500
2024-03-15 09:00:00,,20240500,18140.0,20240400,,20240500
2024-03-15 23:00:00,18000.0,20240500,17930.0,20240400,18000.0,20240500
2024-03-18 23:00:00,17790.0,20240500,17720.0,20240400,17790.0,20240500
2024-03-19 08:00:00,,20240500,17455.0,20240400,,20240500
2024-03-19 23:00:00,17315.0,20240500,17240.0,20240400,17315.0,20240500
2024-03-20 08:00:00,,20240500,17340.0,20240400,,20240500
2024-03-20 09:00:00,,20240500,17300.0,20240400,,20240500
2024-03-20 11:00:00,,20240500,17290.0,20240400,,20240500
2024-03-20 23:00:00,17410.0,20240500,17340.0,20240400,17410.0,20240500
2024-03-21 23:00:00,17460.0,20240500,17390.0,20240400,17460.0,20240500
2024-03-22 08:00:00,,20240500,17125.0,20240400,,20240500
2024-03-22 10:00:00,,20240500,17225.0,20240400,,20240500
2024-03-22 11:00:00,,20240500,17240.0,20240400,,20240500
2024-03-22 23:00:00,17170.0,20240500,17100.0,20240400,17170.0,20240500
2024-03-25 07:00:00,,20240500,17130.0,20240400,,20240500
2024-03-25 08:00:00,,20240500,16980.0,20240400,,20240500
2024-03-25 23:00:00,16845.0,20240500,16775.0,20240400,16845.0,20240500
2024-03-26 23:00:00,16545.0,20240500,16475.0,20240400,16545.0,20240500
2024-03-27 23:00:00,16530.0,20240500,16455.0,20240400,16530.0,20240500
2024-03-28 10:00:00,,20240500,16625.0,20240400,,20240500
2024-03-28 16:00:00,,20240500,16575.0,20240400,,20240500
2024-03-28 23:00:00,16665.0,20240500,16600.0,20240400,16665.0,20240500
