index,SP500,US10,US5
1998-01-05,-0.05934464920695303,0.01588678768206902,0.014474537289409228
1998-01-12,0.04173992088831237,-0.008227875227448115,-0.006526419191371706
1998-01-19,-0.022672557309730765,-0.006944330040325164,-0.0035815400974964842
1998-01-26,0.02347943609263292,0.00907145571799302,0.005392399491205514
1998-02-02,0.03169819811082521,-0.005242755996197076,-0.0028495474678089734
1998-02-09,0.0028674099588096693,0.0035745611170096116,0.0018462698771435809
1998-02-16,0.008658268123991734,-0.00413026310087853,-0.0027043232090598135
1998-02-23,0.013289632332220854,-0.00611040143235311,-0.005875561094810943
1998-03-02,0.006392086373045183,-0.0055844277651332635,-0.002589867418225608
1998-03-09,0.0102505782580968,0.00804574900708171,0.005009707274482304
1998-03-16,0.028166970708435587,0.0002725743283671303,0.00014079839603311763
1998-03-23,-0.003653565847446279,-0.0061148190066818335,-0.005738211536151902
1998-03-30,0.023969156971003477,0.012144736078795914,0.009423583573086218
1998-04-06,-0.013399838849669318,-0.00607576242910487,-0.004139823000614703
1998-04-13,0.01224478843715349,0.003879884770276524,0.002576070295704832
1998-04-20,-0.016179237772479087,-0.00416667523992824,-0.00258009270755782
1998-04-27,0.01384539055487791,-0.0006131439621381818,-0.00031538863267659763
1998-05-04,-0.011840521786804087,-0.0011183051914134857,-0.000720795034910005
1998-05-11,-0.0027601293983891776,-0.0005778522806766252,-0.0011587785432897546
1998-05-18,0.0008255955655229403,0.002493594486529105,0.0011444215568421818
1998-05-25,-0.0027981109028839164,0.0019360708005127184,0.0012871032364552121
1998-06-01,0.024274296130217667,-0.000556070946328874,-0.0011466815020361202
1998-06-08,-0.01470922411170153,0.009061750758230453,0.007549338878620363
1998-06-15,-0.0015002635730543574,-0.004141851119799487,-0.0032850570952398296
1998-06-22,0.03167977595495675,0.001098222185446615,-0.00014314105022981413
1998-06-29,0.009424091304719235,0.002467026167440384,0.002704404041498857
1998-07-06,0.0016408238027499724,-0.00027667315580329107,0.00028261639610879195
1998-07-13,0.01765643602558509,-0.005496700987058968,-0.003560382999996714
1998-07-20,-0.03966197896499958,0.0024711715917023706,0.000426904002376224
1998-07-27,-0.022471035277968385,-0.0022012069460065394,-0.0015697166895186452
1998-08-03,-0.02600882548948856,0.0076642934516562185,0.006112011564777585
1998-08-10,-0.0310797148878324,0.0005415301736896295,0.00028073304330424953
1998-08-17,0.02187362002437992,0.005435015512903981,0.004239588101764139
1998-08-24,-0.05325822011543813,0.012923134944257293,0.009123421817984308
1998-08-31,-0.05910720591432882,0.003729476327099044,0.0008318322237697732
1998-09-07,-0.01581810665270341,0.012626247434989852,0.010055632114197393
1998-09-14,0.007112882242849453,0.0094149133917023,0.005080239443913764
1998-09-21,0.017309555031257924,0.0059648422543373755,0.004502976144229964
1998-09-28,-0.03798883837866528,0.015134602375547682,0.009354364394374072
1998-10-05,-0.021534590776375054,-0.030851353652339115,-0.016170390825795893
1998-10-12,0.07146208298615749,0.019154056366317417,0.013147735995458501
1998-10-19,0.006366169976642478,-0.012985799150237634,-0.009790739115406932
1998-10-26,0.02899769797114455,0.004638769939876822,0.0013309677622656661
1998-11-02,0.036995373206624514,-0.022403484864633297,-0.015839597150390308
1998-11-09,-0.012385814654777744,0.00581527646516967,0.0012452120314446933
1998-11-16,0.029437791345926972,-0.0013223963241598964,-0.0033223631385570483
1998-11-23,0.015011292073803105,-0.0023768307522665927,-0.0008316201240931317
1998-11-30,-0.012632018661055323,0.01068826207027899,0.008211784422011516
1998-12-07,-0.013830884982870988,0.0009977368649990515,-0.000431152170256651
1998-12-14,0.01788926060497046,0.0005086546213416926,0.00012792397013669087
1998-12-21,0.034939469587825504,-0.017613814894720317,-0.014786736139431671
1998-12-28,0.009476351874419595,0.0049878450643085865,0.004830411037534918
1999-01-04,0.03686979509196979,-0.009793522676047342,-0.006236770030029889
1999-01-11,-0.03144720830168851,0.005780027320803248,0.005374229298382125
1999-01-18,-0.020552503828245403,0.005769855970479335,0.002478238872036762
1999-01-25,0.039321599963595355,0.0007846442734853032,0.000412329603922275
1999-02-01,-0.030371135530522876,-0.019099415472841594,-0.01291112133109245
1999-02-08,-0.005772681057039906,-0.006474791201200021,-0.005757929077043852
1999-02-15,0.000711340485726868,-0.002163540785154571,-0.0008471182110447986
1999-02-22,-0.007002128323308506,-0.011702640016783708,-0.009166680721933638
1999-03-01,0.03461415554271715,-0.003585714453544617,-0.0007190041776411107
1999-03-08,0.010045946701569842,0.007064723319119477,0.006168879665960372
1999-03-15,0.004281332718164159,-1.2325056667609503e-05,-4.774207824644137e-06
1999-03-22,-0.010630211824610155,-0.002453475247334698,-0.00014484378419736283
1999-03-29,0.004324197339414196,0.002684677856915255,0.0012444058441773245
1999-04-05,0.01847212228651663,0.010225139116618723,0.005289775194373352
1999-04-12,-0.02710189935034109,-0.008641764839237398,-0.006426892317674711
1999-04-19,0.030590602858700442,-0.0011034892370731133,-0.0001493937165006076
1999-04-26,-0.02165418355066939,-0.00494715322465892,-0.0038149709649913533
1999-05-03,0.010855802930875035,-0.010437191415452712,-0.00650169012333449
1999-05-10,-0.009379704935903937,-0.00646006300535564,-0.004875345617271945
1999-05-17,-0.0030466065788921793,0.0019236011925627986,0.0014134720928302023
1999-05-24,-0.029538771666775918,-0.0069558761147580014,-0.00470323812654337
1999-05-31,0.024926665765295418,0.0014112334180073384,-0.0005767220762410415
1999-06-07,-0.026006230974114797,-0.011091419068452646,-0.006662603375006601
1999-06-14,0.03501773066319204,0.011581293374559834,0.007922427169360528
1999-06-21,-0.020937401932771025,-0.010511557731576426,-0.006075346791625057
1999-06-28,0.05597162889948963,0.011854379007196329,0.00877019525484037
1999-07-05,0.00779243372583246,0.0018234808310776405,0.0017200248490230022
1999-07-12,0.00978848379669173,0.009370235148256002,0.006571760575761822
1999-07-19,-0.046927363174154926,-0.009568282727776985,-0.005596604912234457
1999-07-26,-0.02399015651365837,-0.005099266634473256,-0.0047538548702698285
1999-08-02,-0.01845382209171637,-0.0068679009552815844,-0.004216000258754245
1999-08-09,0.01936037294344462,0.0025231712311743638,0.003014517218826045
1999-08-16,0.005089197195930679,0.0057980457821321385,0.003596566033125465
1999-08-23,0.008554101496959154,0.002922975803817767,0.0025614997013480483
1999-08-30,0.007283450094272462,-0.0021764507661087094,-0.0007416376858293125
1999-09-06,0.0007028831575751479,0.003967155513656882,0.002158499577023395
1999-09-13,-0.012795338358700241,0.002398911408766671,0.0012905351031687101
1999-09-20,-0.048211454011686715,0.007447194485345126,0.00529751737817301
1999-09-27,0.002898452247949327,-0.015362150515472984,-0.010251116192357548
1999-10-04,0.04054908158646025,-0.0028834309544295855,-0.003349854448077224
1999-10-11,-0.05418221152768987,-0.0008852010404907787,-0.00030288809280335123
1999-10-18,0.039572075225665096,-0.006343458706057708,-0.004227601183461851
1999-10-25,0.049746649377725605,0.014587674965327469,0.008559841971766367
1999-11-01,0.006333390048279633,0.0067972792089178065,0.004757378114970375
1999-11-08,0.011370431649452617,-0.0034025093873066006,-0.00332055203272997
1999-11-15,0.018120560263587524,-0.007673944256873602,-0.005354066242848331
1999-11-22,-0.003590880657255671,-0.0004287123595158005,-0.0010159019443990581
1999-11-29,0.016493006934150796,-0.0020338087027873316,-0.000960865365467438
1999-12-06,-0.016224361147185565,0.0033495156452309077,0.004475288454730281
1999-12-13,0.00689203082844281,-0.017406372307238377,-0.010028920604686416
1999-12-20,0.024363051266448416,-0.007461126902041192,-0.0038934500413364877
1999-12-27,0.004718807267232655,-0.003592725659067355,-0.0026334223917744808
2000-01-03,-0.01791548625895338,-0.003023561258599059,-0.000823791601704532
2000-01-10,0.01190130077015614,-0.00017424205097813818,-0.0061862448031771745
2000-01-17,-0.011018847250508522,-0.0015855810397380206,-0.0003237486530950249
2000-01-24,-0.06268857352096155,0.00957184376524344,-0.0008138267575620872
2000-01-31,0.04668956034052521,0.006118560737417874,0.0016671438786197527
2000-02-07,-0.025154509370993592,-0.011250533414934474,-0.0023433423724088433
2000-02-14,-0.03241361447259367,0.007051974692874144,0.002001560705854771
2000-02-21,-0.00836399272187666,0.0009353736787935593,0.0021373926737856307
2000-02-28,0.052724038352363556,-0.0014891665122643955,-0.0032997002311532897
2000-03-06,-0.009522039409139635,-0.0009097897976136006,0.0004761145365614267
2000-03-13,0.0472234474285742,0.01450066423683907,0.007519740379787741
2000-03-20,0.043590485136914055,-0.0028496943207637878,-0.002406160660999068
2000-03-27,-0.02694290483830716,0.014084343234257817,0.008110271828602623
2000-04-03,0.009687658596242356,0.004731654709189135,0.005501390428422627
2000-04-10,-0.11441780658946588,-0.006931181939522597,0.001086882123984697
2000-04-17,0.055186200832314174,-0.003058030849825991,-0.002769566332224613
2000-04-24,0.015183414919212709,-0.013183682756451305,-0.013554379829059783
2000-05-01,-0.014280043305266134,-0.017511012267514385,-0.007238661421059048
2000-05-08,-0.006816974527756481,-4.398808735159559e-05,-0.0013056058618386894
2000-05-15,-0.011749230114385634,0.0003730559174267311,0.0011202431542809326
2000-05-22,-0.01956809298621779,0.009572074898626513,0.007377384773690154
2000-05-29,0.032701910343718985,0.014232238892093468,0.010212570017187396
2000-06-05,-0.009588331181880932,0.0015952169468000021,0.00015765042832732875
2000-06-12,0.002307269415437122,0.009120924421071146,0.007436381270542705
2000-06-19,-0.016486364520541173,-0.013096208781379255,-0.007931628253882772
2000-06-26,0.0032642873341034075,0.011136376083688759,0.008066899551458846
2000-07-03,0.03560346904118272,0.0028332823013249354,0.0019634947275998624
2000-07-10,0.019127530159623173,-0.007102290609079746,-0.004354633195072887
2000-07-17,-0.02284229415016567,0.008104456091288,0.003924723541180553
2000-07-24,-0.04003680468896216,-0.0011152925907132445,-8.044203402913721e-05
2000-07-31,0.027471002675764914,0.009504842530472893,0.005965157062138451
2000-08-07,0.003967155877851257,-0.0022127923660771715,-0.001654809789409078
2000-08-14,0.015313269536593226,0.0019555047679610527,-0.0006305089574926948
2000-08-21,0.007944010950485804,0.003979249579331591,0.003523470155485271
2000-08-28,0.007121574896013236,0.004025752543187936,0.0037298097632136556
2000-09-04,-0.010774723861290825,-0.0030436288204754225,-0.0013259623338282552
2000-09-11,-0.023588940222440496,-0.004157143867281401,0.001087255020856832
2000-09-18,-0.009596206043515682,0.001244994036109615,-8.040794709257516e-05
2000-09-25,-0.010656748792560402,0.003431946111605932,0.002175588780952106
2000-10-02,-0.019772216317280874,6.726060732377458e-05,-0.0007019625085289726
2000-10-09,-0.030134730340204537,0.00550167067194931,0.004644237005171735
2000-10-16,0.01765416209009325,0.006006248100740732,-0.001239443565950991
2000-10-23,-0.007633930158527414,-0.005183434113051823,-0.003950152492498291
2000-10-30,0.024425574694244816,-0.006618265129299394,-0.003111495546931937
2000-11-06,-0.04539710093089323,0.003564479496429843,0.0010840475148491614
2000-11-13,-0.0019347232939533133,0.005792595362256319,0.003174439974303502
2000-11-20,-0.035331793815340296,0.005452907379770227,0.00355013763492108
2000-11-27,-0.019700784191576858,0.007683085476415392,0.005829974068021342
2000-12-04,0.012016939336835779,0.008530372207049094,0.00587802108822551
2000-12-11,-0.02521425901328622,0.010941702472536096,0.00600139405909809
2000-12-18,-0.00045479073868364556,0.008605556322791454,0.007769977525111847
2000-12-25,-0.0016362215375643717,-0.005291247780108162,-0.0027178028551645885
2001-01-01,0.0022849016632779037,-0.0008689028689680342,0.0012800481248011102
2001-01-08,0.018847043873956058,-0.016686668803059555,-0.010919843694119708
2001-01-15,0.008860704572089408,0.004737925846602355,0.0035288638387421193
2001-01-22,0.011009638559246816,-0.006060356061168598,-0.0029445515070984306
2001-01-29,-0.006961339446120745,0.008379359892307526,0.003523254425923716
2001-02-05,-0.024833112540068307,0.002652505635733979,0.0017203612179298143
2001-02-12,-0.012572950274674269,-0.005227500540928004,-0.0028761023893337416
2001-02-19,-0.030301343831720222,0.001329677438709501,0.0031512848653644705
2001-02-26,-0.01093842645958621,0.006414566902180198,0.003577066970042648
2001-03-05,-0.0037276592678389224,0.0019869958090084163,0.00021946802732900994
2001-03-12,-0.07028268631854505,0.009980024787404694,0.008740747538950462
2001-03-19,-0.008876875290966306,-0.000322716778125654,0.00013057471632527476
2001-03-26,0.013139879044651852,-0.004887656304483173,-0.0023914316426641487
2001-04-02,-0.026773369217009492,0.004220595166289601,0.0036783631580993717
2001-04-09,0.045907437849437065,-0.0178696130861813,-0.011445709082233024
2001-04-16,0.05495924011565319,0.0022631703804117708,0.00371250199033724
2001-04-23,0.006736749447292881,-0.0037539249768589024,-0.002877213968040585
2001-04-30,0.011513501170961902,0.010306423928999576,0.004630092421598009
2001-05-07,-0.017493477036938678,-0.01854971181654735,-0.010550175834551985
2001-05-14,0.03421411164959491,0.0027853637425530606,-0.0005318988626787867
2001-05-21,-0.013525133341864407,-0.003052712411825618,-0.005921069899748324
2001-05-28,-0.0025071026851078,0.010487891177672752,0.010487891177672752
2001-06-04,0.0006516136003250819,0.0015674655602009495,0.0015674655602009495
2001-06-11,-0.03880738769937025,0.008351259018509938,0.008351259018509938
2001-06-18,0.006389152905833776,0.009028392426336278,0.009028392426336278
2001-06-25,-0.002512219626541538,-0.019129371292295902,-0.016003603258881484
2001-07-02,-0.013028142681180771,0.005351958617874438,0.004744083159894003
2001-07-09,0.026009898353979898,0.009834195816268872,0.00450419298235596
2001-07-16,-0.00920015412917611,0.008531897214091123,0.005075307927945397
2001-07-23,-0.004520476982470445,0.0030906987983757668,0.0041619666188043745
2001-07-30,0.008188150530135753,-0.00312962418819725,-0.0025381720344798634
2001-08-06,-0.024357403960694374,0.00676718638239525,0.006298806604221547
2001-08-13,-0.022267068932440376,0.008339096871371523,0.004640620276647741
2001-08-20,0.019082971887129867,-0.003375349600882164,-0.002736702620351257
2001-08-27,-0.04603432503540137,0.006192980835125686,0.004345390844593643
2001-09-03,-0.04391899211542714,0.01409174483509623,0.010482359608130253
2001-09-10,0.010948071859480718,0.010958729690745964,0.015021615644074542
2001-09-17,-0.07128639814568714,-0.009553992642417509,-0.0023265764225478235
2001-09-24,0.06951322824555815,0.007907296657830314,0.0012183684240538468
2001-10-01,0.026243334921518566,0.006792438417936569,0.0036739808565656555
2001-10-08,0.01989225724713666,-0.004108332909784303,-0.0026099757186173753
2001-10-15,-0.019626768470673427,0.0035000506430418934,0.0022329554628614944
2001-10-22,0.026327618220650873,0.007203271132772961,0.004960701275310102
2001-10-29,-0.011626070674922523,0.00991629881665551,0.006134512966118985
2001-11-05,0.03051205236076578,0.0029107730261636296,0.0020471701486923237
2001-11-12,0.013860281811289139,-0.034043275825646375,-0.023657392549190012
2001-11-19,-0.002784923959066439,-0.004702859588562921,-0.0011370011951338617
2001-11-26,-0.011647329765960826,0.019826998615096146,0.015594174949393604
2001-12-03,0.017880847444439053,-0.028690345700854027,-0.018689764404989033
2001-12-10,-0.032111750556770846,0.00020873021517843308,0.0005572911985525023
2001-12-17,0.0191847012391167,0.006161834307258226,0.002814092296146639
2001-12-24,0.004300645926157315,0.0021542927241667005,0.0024434232252583746
2001-12-31,0.009459714013196611,0.008112002938363583,0.0061327835737753165
2002-01-07,-0.023792172618909816,0.019690157283124992,0.01439913026631856
2002-01-14,-0.016765079107257837,-2.7225200675811117e-05,-0.0008913258100110202
2002-01-21,0.010393322699768668,-0.01071037689257056,-0.007880195809474414
2002-01-28,-0.009337399143910532,0.007560081103170995,0.005201132340323525
2002-02-04,-0.02485980799603739,0.0064949941835424985,0.006283904626061135
2002-02-11,0.007304296866889411,0.001203719059267968,0.00027763713660823976
2002-02-18,0.006956823451561695,0.004077591776225283,0.0027664557610363218
2002-02-25,0.0362448202992158,-0.008557465374946982,-0.005989992370044118
2002-03-04,0.02699648733426662,-0.022560009764908896,-0.01711101894658182
2002-03-11,0.00011439644844176214,-0.001740226833097382,-0.00017791521131851722
2002-03-18,-0.015097040479102413,-0.0020788901145141346,-0.0030162568033493056
2002-03-25,-0.0003194502038266914,-2.1848016393844275e-05,0.00036676567373660016
2002-04-01,-0.01678812372309872,0.01696217090387988,0.01144185184218113
2002-04-08,-0.012482438781867243,0.004175044201668938,0.005565156446691305
2002-04-15,0.012877405118772278,-0.0013550569590260661,-0.00029913287934571345
2002-04-22,-0.05019523132023326,0.01120418124899004,0.006786158767623677
2002-04-29,0.0007281520056141716,0.0012339709122559314,0.002122979052059911
2002-05-06,-0.018980690281226766,-0.0014664868486842899,0.0007779588170017332
2002-05-13,0.047023168125345564,-0.008223819386064443,-0.005101838656658477
2002-05-20,-0.021053280930309115,0.010501073719227495,0.0068263076442254145
2002-05-27,-0.008432070605818336,0.006165021066256021,0.004727325558972263
2002-06-03,-0.03808363489173263,0.00058461980182646,0.0013230109422237455
2002-06-10,-0.019114086918701464,0.017964626253988262,0.010976356462188724
2002-06-17,-0.018846669779242823,0.003261748215179135,0.003099006705108085
2002-06-24,-0.0024483314305231785,-0.003631660243312039,-0.001048639856464661
2002-07-01,-0.038331921619536136,0.005650441209205386,0.004636764488512377
2002-07-08,-0.07853725035883717,0.018471690321713495,0.013851918327443905
2002-07-15,-0.08465061753230879,0.004044183363844365,0.003992044452263991
2002-07-22,0.00878162595208746,0.014284831464712114,0.013189577845622361
2002-07-29,0.01124014198914038,0.009592164438264134,0.007155939114919797
2002-08-05,0.04636086666994579,0.0028707601155011867,0.0005083380253422844
2002-08-12,0.02111185816221245,-0.008587739173128765,-0.007345493401627008
2002-08-19,0.013263431681362525,0.008718323333623573,0.006009738664613013
2002-08-26,-0.027253704951832526,0.005684742360628745,0.005495376948071037
2002-09-02,0.01870460828362694,-0.002526697762282739,-0.002045608214164858
2002-09-09,-0.004203197301869316,0.00782753013319903,0.004230190836514927
2002-09-16,-0.0572086397450936,0.009019681032764727,0.007545535914239074
2002-09-23,-0.021609129753889768,0.0050418460528282825,0.0041712570368331045
2002-09-30,-0.02569906350234549,0.0009153397860945567,0.0014847626052314315
2002-10-07,0.03761667700813427,-0.005078453689476147,-0.0029164442672134595
2002-10-14,0.05038654696341699,-0.005476787881748597,-0.0040496369811704085
2002-10-21,0.016775405760098804,0.003910475240764721,0.004435148394779449
2002-10-28,-0.0005363627244762241,0.009767559783043278,0.00861734835305173
2002-11-04,-0.008379163456368613,0.006903648491933787,0.00143083582899478
2002-11-11,0.019086045403760125,-0.011884042903681672,-0.00873547438411093
2002-11-18,0.020994893121629436,-0.009494379194900749,-0.007677557304329403
2002-11-25,0.009305215238719189,-0.004893064517474077,-0.002509613869671732
2002-12-02,-0.02423180030626531,0.009910896824175518,0.006965099903360281
2002-12-09,-0.02976125629409938,0.004290592030682101,0.003290128781295558
2002-12-16,0.010948244007215942,0.00940519382917896,0.007371969889800629
2002-12-23,-0.02768591011413834,0.009870285254991434,0.00600967829479843
2002-12-30,0.011006443941597525,0.000475208325952304,0.00034177879686078194
2003-01-06,0.017561158147648515,-0.007882017873001723,-0.005132197940415296
2003-01-13,-0.025858428628739966,0.011025489036773136,0.006413068494210208
2003-01-20,-0.032752647603047635,0.005518288891315587,0.003457920753635135
2003-01-27,-0.007044029068998373,-0.004867441195502264,-0.003680264933737675
2003-02-03,-0.028948520762769308,0.0038650792774183786,0.003175141582963643
2003-02-10,0.007382443996411688,0.002142113117861209,0.0024000297477354405
2003-02-17,-0.00511522911463963,0.003850208847423461,0.0029590286901089074
2003-02-24,-0.007785313813247927,0.012188847467157987,0.008043249551556192
2003-03-03,-0.0152408381274025,0.0068049191045713355,0.004791943824764796
2003-03-10,0.006019538416583391,-0.007830486029588383,-0.00586371309960609
2003-03-17,0.06902590872262115,-0.02295606970567618,-0.015835701707908646
2003-03-24,-0.03510833140197921,0.014762504087576046,0.01206350401548396
2003-03-31,0.01725400213925106,-0.0018827200612769018,-0.0007053430966726847
2003-04-07,-0.011850554047923883,-2.635844844627727e-05,-0.0012621083820287934
2003-04-14,0.025660732878043033,0.0008095732675994229,-0.000766968785342631
2003-04-21,0.005821490256538822,0.007151006838109177,0.006617278902487991
2003-04-28,0.03153381166379253,-0.0006365134042366936,0.0004694748116678077
2003-05-05,0.0049222351545425745,0.01683280944869639,0.011330324594764535
2003-05-12,0.012681277477172502,0.011090214671458095,0.0063587002741341755
2003-05-19,-0.013120049100031887,0.006578572902900107,0.0034970660425019677
2003-05-26,0.014263155703814007,0.004218957050216579,0.003509967025200835
2003-06-02,0.02497811538888848,-0.0005054834257039651,0.00011550452255159509
2003-06-09,0.0017805854214500098,0.015738197755080698,0.010391327068805455
2003-06-16,0.002707213193259002,-0.017682250402066103,-0.010843430005158274
2003-06-23,-0.018806392320684165,-0.009537571347248893,-0.006961176894567496
2003-06-30,0.00929867314993548,-0.0030328024463910437,0.00040046578453818357
2003-07-07,-0.005396668409641496,0.0061467032933651185,0.004074205427117333
2003-07-14,-0.006977927805233581,-0.021888508028596196,-0.014397316951959805
2003-07-21,0.006003529295292985,-0.011823470726205763,-0.005631709763617488
2003-07-28,-0.017530597629355923,-0.023738058580475545,-0.014131021824359808
2003-08-04,-0.0018339328624846734,0.01784470378571297,0.009799454416464648
2003-08-11,0.012632764726792499,-0.016586906356490457,-0.007652817443136061
2003-08-18,0.0019158331012973304,0.0042806414690851466,-0.0013666570962590518
2003-08-25,0.015209985254699278,0.003074071641016136,0.001511586908233355
2003-09-01,0.00021480112047596398,0.02324486384495686,0.017126033371411584
2003-09-08,-0.004275802873768242,0.008921360933940397,0.006011229593636543
2003-09-15,0.015907370359169136,0.005336072140021443,0.0034151529194522664
2003-09-22,-0.03826922503137961,0.01127350212203417,0.007904204238801133
2003-09-29,0.0332248694414694,-0.012104424750082821,-0.006526295239273757
2003-10-06,0.01157174367530126,-0.0006731087862880047,-0.00042939655050021775
2003-10-13,-0.002733266245093747,-0.0033374637186313555,-0.004858292838839137
2003-10-20,-0.007605235612728613,0.01512940755543777,0.00899389485556883
2003-10-27,0.0186604097100126,-0.005964622931098184,-0.0042213025433695105
2003-11-03,0.0008996491388063082,-0.010525542535144832,-0.00808664302670272
2003-11-10,-0.0015313422446527414,0.014946654453766809,0.010657623040763276
2003-11-17,-0.01237435672553234,0.0051298514343447055,0.0027636015398885268
2003-11-24,0.019497509449409728,-0.0069122222058317,-0.005016051026052204
2003-12-01,0.004153943857954357,0.01090297447043611,0.007847885590518328
2003-12-08,0.010658619665812982,7.981669151781569e-05,0.0016543981638540344
2003-12-15,0.011950837814010472,0.006997857200057066,0.0035637599684506
2003-12-22,0.006863051897362824,-0.002608122969015262,-0.001070607388346325
2003-12-29,0.015340275336946492,-0.0065397481173438705,-0.0030806305282828203
2004-01-05,0.009772935913484064,0.022781326810356155,0.015305313764556447
2004-01-12,0.015847780953899448,0.003408622678554026,0.0012397574431847458
2004-01-19,0.002380098752025089,-0.00024020497491192457,-0.00035896090586568473
2004-01-26,-0.00922530607749302,-0.005020620720962975,-0.00392345132333226
2004-02-02,0.007829271104917811,0.005042292666657569,0.0028976910721327507
2004-02-09,0.005832735037617062,0.007069797766598622,0.005996410228764327
2004-02-16,-0.01110696826338495,-0.002934827048544796,-0.0019349791590100095
2004-02-23,0.0006408659549412964,0.007896854849303508,0.005867833269956707
2004-03-01,0.011438719859788412,0.011621519589311895,0.00701181756884299
2004-03-08,-0.03419562686268916,0.005059625568001962,0.0037818845306092056
2004-03-15,-0.009902094774209138,-0.0021865796106414937,-0.0007680909899876929
2004-03-22,-0.0012992646843519463,-0.0029467612847635305,-0.0011832656594870398
2004-03-29,0.03186807500165308,-0.020170211489152674,-0.013463097929373617
2004-04-05,-0.002216372497841181,-0.002929042199551726,-0.002174796718424516
2004-04-12,-0.00891765897089928,-0.007016081609756806,-0.0052861407683567245
2004-04-19,0.004583199215805174,-0.008680519769178885,-0.008078568971001416
2004-04-26,-0.029985299655635483,-0.0015097791814917666,-0.0012910308182511262
2004-05-03,-0.009755123899177416,-0.018564632573297334,-0.013426443573850467
2004-05-10,-0.0008063972888752449,0.0027122137272246015,0.0037256805654817477
2004-05-17,-0.0021157785563480753,0.0015256157573486232,0.0007694676772692878
2004-05-24,0.02494657333092542,0.008106139507500559,0.005017932323128527
2004-05-31,0.001703817665826726,-0.005375887896714083,-0.004356303882394483
2004-06-07,0.011561165355014023,0.0007186240477400523,-0.003063870940126536
2004-06-14,-0.0020593773849715133,0.012085263592443548,0.006569597592394225
2004-06-21,0.0010320624961421962,0.0056697005843188725,0.004977043853789471
2004-06-28,-0.008502570525645965,0.01380103207614955,0.010133259867586852
2004-07-05,-0.0020464092555905382,0.0017672246741204085,0.000997714419854617
2004-07-12,-0.0090562383608413,0.006789367446929498,0.0038231583047962357
2004-07-19,-0.016069515349248602,-0.005516838889586719,-0.005280540027770034
2004-07-26,0.014124124716728994,-0.0001260491526730214,0.00019267354824673922
2004-08-02,-0.03493396116673112,0.017809543714208113,0.013341667185934106
2004-08-09,0.002453575235005427,0.00047137178190194895,0.0003414835190247863
2004-08-16,0.029874104412191183,-0.0004973839775354715,6.492914058476413e-05
2004-08-23,0.008583717960774492,0.0007540324172394027,-7.263503800518335e-05
2004-08-30,0.005499691886487762,-0.0028445937627273364,-0.00222296188567373
2004-09-06,0.0008720142625165284,0.006190889172130188,0.0045185112051185135
2004-09-13,0.004606160531702229,0.0036495246104363663,0.0017486191604571964
2004-09-20,-0.01575174792574563,0.004545821151242459,0.0009055766220122077
2004-09-27,0.019211677846966355,-0.009316826419254982,-0.003892568885446606
2004-10-04,-0.010078914204018626,0.003720988017659641,0.0029466288032466426
2004-10-11,-0.012430217393663592,0.0034424825501445586,0.00231354358647484
2004-10-18,-0.011234027096440108,0.004469382347579495,0.00245318949149453
2004-10-25,0.03058761793349947,-0.001539376118513696,-0.0009232479264181959
2004-11-01,0.03244963135529083,-0.0101319515100156,-0.007768112997416993
2004-11-08,0.012702236932883873,-0.0035541906766855865,-0.0026207340008589384
2004-11-15,-0.009022178225506737,-0.0007196449137573694,-0.001428171573383145
2004-11-22,0.008267715402992091,-0.0004880833586708949,-0.001348433502026826
2004-11-29,0.0070742868520109045,0.0005024513889425042,0.0018384258917943444
2004-12-06,0.00035126110524078555,0.007792340044437102,0.004555121357937498
2004-12-13,0.005178125643201001,-0.0031577401956902444,-0.001859179412662605
2004-12-20,0.011170616960109871,-0.00042129968543432294,0.0003557496379673675
2004-12-27,0.004315360102149502,0.003764369377588912,0.0013525538675034899
2005-01-03,-0.02304985621751175,-0.005047391632228545,-0.0050132795453199245
2005-01-10,-0.0021902493705293607,0.004051986423565426,0.0009278775275940794
2005-01-17,-0.01309587880442448,0.003551022000610644,0.004213685351246362
2005-01-24,0.0053228657139287846,-0.0005040303749809759,-0.0017195802197379584
2005-01-31,0.022828853070828516,0.0035947081948919787,0.0007777014019670373
2005-02-07,0.0040775350022883485,-0.0006506423842188636,-0.000514816606364492
2005-02-14,-0.003981941105501251,-0.009923541943218104,-0.0058838630840181115
2005-02-21,0.02265187008885903,3.375739157418338e-06,-0.001657664651859325
2005-02-28,0.009953768046383205,-0.0025710833725428313,-0.0013855312813282946
2005-03-07,-0.01927284162416755,-0.013188542237917524,-0.009335226579991657
2005-03-14,-0.01240045923289632,0.0030764736983841263,0.002114064007221363
2005-03-21,-0.012949197351274387,-0.005619683290850462,-0.004764675990551251
2005-03-28,9.077481111596005e-05,0.01189191224298537,0.008397252241742679
2005-04-04,0.004790801210861565,-0.001719089449654275,-0.0009498352353607385
2005-04-11,-0.03466441727351752,0.01458031514214437,0.010497162323709387
2005-04-18,0.011636367457377578,0.0008907755384884365,-8.501595639109514e-05
2005-04-25,0.0008514849930866784,0.003287719478617502,0.0010722628914910577
2005-05-02,0.010897653212778623,-0.003614337242746727,-0.002115804720236843
2005-05-09,-0.012608915776098567,0.008534339695110573,0.0053920503656452855
2005-05-16,0.028430703524401288,0.0006878442958973283,-0.0018023167578515927
2005-05-23,0.008338809545466303,0.005123979932775995,0.0020073907966969566
2005-05-30,-0.001531651758215121,0.000932620236256146,0.0015592905114404
2005-06-06,0.000403445504125439,-0.0036128820715661267,-0.004537321355587662
2005-06-13,0.013602908613509311,-0.0034749623247610677,-0.0012997522823475782
2005-06-20,-0.020609872076208364,0.011002158845239234,0.006885204585348734
2005-06-27,0.0034782966846344555,-0.009549790446146709,-0.005689736827771945
2005-07-04,0.013504110270630958,-0.0007130469273926594,-5.972830149633852e-06
2005-07-11,0.01202746652437434,-0.0033555869590851366,-0.0028231871509660058
2005-07-18,0.004603219778808376,-0.002625400583909289,-0.002550137817373407
2005-07-25,-0.00026388182530459776,-0.003962805477179332,-0.0032821273376140723
2005-08-01,-0.005750162309519201,-0.007864801251113591,-0.003731263802894859
2005-08-08,0.0009717941324565533,0.009509792671507446,0.005970030018735539
2005-08-15,-0.0060084333475402645,0.0036879177051387293,0.0013002377792520146
2005-08-22,-0.01468123407515087,-4.398626730890351e-06,-0.0005841193473587606
2005-08-29,0.011241529215063018,0.013204351525469626,0.0111969682447071
2005-09-05,0.017977227737067024,-0.002522382034825762,-0.002385678188134465
2005-09-12,-0.004876505594638533,-0.008740259841479255,-0.004281880315215124
2005-09-19,-0.017755261965048064,0.0004735879198992637,-0.001608261343955266
2005-09-26,0.01117331781720285,-0.00681182132727552,-0.005182483251273998
2005-10-03,-0.02831539266679092,-0.001713114541444516,-0.0013192339008387447
2005-10-10,-0.008491233775496649,-0.006515402308653069,-0.0035982883011262115
2005-10-17,-0.005619778378250197,0.005855825137815391,0.003372664323582294
2005-10-24,0.013126560068581416,-0.010493769124305228,-0.00714256862097925
2005-10-31,0.01827817208011325,-0.006588047530419208,-0.0037727631665706116
2005-11-07,0.012968858055150759,0.005831782441131122,0.003095159666828242
2005-11-14,0.00979333469700605,0.006540271829884092,0.004199394521658633
2005-11-21,0.015635605234092197,0.0019990709115098536,0.0025683984395448592
2005-11-28,-0.003260642318827554,-0.006916560667239647,-0.0050155866120294825
2005-12-05,-0.005369392269744141,-3.8551196404208385e-05,-1.55562885211305e-05
2005-12-12,0.005283981970336702,0.006596071473131364,0.0033836907876687683
2005-12-19,0.001739107713201449,0.00484364249115911,0.002197485550473478
2005-12-26,-0.007362820039038376,-0.003852456976603576,-0.002202923643848126
2006-01-02,0.0132043071163061,-0.000572236032996834,-0.000588037026299462
2006-01-09,0.0007544175307698602,0.0015469981569930882,0.001165684543257408
2006-01-16,-0.022093347346318327,-0.0025669299707847576,-0.0016141515806107941
2006-01-23,0.019125294694718138,-0.00846956990811811,-0.005894865704370849
2006-01-30,-0.018689786594312252,-0.0031733411116315466,-0.0029587814664107804
2006-02-06,0.002087607700117046,-0.004486638306845763,-0.003709248083985434
2006-02-13,0.016144325087132518,0.0025987188856703,0.0014822900158367519
2006-02-20,0.0030764660911723704,-0.0011647169617648844,-0.001042612483301674
2006-02-27,-0.005114783420656167,-0.005400765137803564,-0.002537357906811996
2006-03-06,-0.0027959051252875004,-0.0027810078906662754,-0.0017924046349770172
2006-03-13,0.018530681186431,0.006966570634727063,0.006088701615137411
2006-03-20,-0.003648338998242881,-0.0006043702918316516,-0.0013479463031674682
2006-03-27,-0.007308703718051998,-0.010247101973065045,-0.006272063906912302
2006-04-03,0.0004908736578141653,-0.005316459491483069,-0.002702325792659446
2006-04-10,-0.007546142702328897,-0.0008924696163548343,-0.00045206922992070296
2006-04-17,0.018266479500568873,0.0008800472683321863,0.0005971608732059382
2006-04-24,-0.0007794699756494976,-0.0012038869467891965,0.0002902066115120462
2006-05-01,0.009727868096746957,-0.002980027192774509,-0.0024086406765605455
2006-05-08,-0.02666242918160673,-0.005362836692871152,-0.003164242041140794
2006-05-15,-0.01856527435430916,0.008300601991944469,0.0045078039140302355
2006-05-22,0.009240030704757402,0.00028758244497292525,-3.224179868538705e-06
2006-05-29,0.004047273392172904,0.005885120059113702,0.003587414960006515
2006-06-05,-0.029490373547758235,-0.00030086421177738976,-0.0015042774016450662
2006-06-12,-0.0016896269952299614,-0.009222669521267593,-0.006488144153254024
2006-06-19,-0.0036626259023324844,-0.006886100526612947,-0.004091282547966797
2006-06-26,0.018681557326798378,0.007009918967389354,0.004232610056744922
2006-07-03,-0.003587041134158685,0.005073952602991079,0.0030251494994668836
2006-07-10,-0.026237765939964016,0.004901107998271052,0.0036182528666960905
2006-07-17,0.001861243300124115,0.0017524639080218967,0.0010416207046029494
2006-07-24,0.03102701017235145,0.004127586219751839,0.00284965091030359
2006-07-31,0.0013318760094830837,0.005138978685186873,0.0034403194701642425
2006-08-07,-0.010779845307994232,-0.004561905029767199,-0.002697189811866934
2006-08-14,0.02683379398428267,0.00746289110090339,0.004178981702366176
2006-08-21,-0.0073086835457785776,0.0016062231142602132,0.0008946988519983541
2006-08-28,0.011468046614794867,0.003492916441291354,0.0028244144983910935
2006-09-04,-0.010207124271098133,0.0007268824072394658,0.0002966660157982023
2006-09-11,0.016496841680266675,-0.0021942106026040754,-0.001789195058054673
2006-09-18,-0.004733675182691256,0.012741483077743632,0.008444837733074178
2006-09-25,0.014537300736549637,-0.0024611720477839957,-0.0019258083615122804
2006-10-02,0.009726225199343245,-0.004231049734327266,-0.0026824772380430024
2006-10-09,0.010756605500254108,-0.0035071699628197537,-0.002535154691082164
2006-10-16,0.0010839527793102045,0.0013128893611037825,0.0007450455536786133
2006-10-23,0.0070264467541735175,0.006821390085924537,0.004453964528749563
2006-10-30,-0.011835514190703363,-0.0026598791686537164,-0.0022522358505951373
2006-11-06,0.01171963571384789,0.0075231554657857825,0.005040426806979801
2006-11-13,0.014305835087634656,-0.0010301665577270606,-0.0014921083548956322
2006-11-20,-0.0012531165571132102,0.0023074505882558715,0.00118472458853933
2006-11-27,-0.001938517622063422,0.008010423814325303,0.006618047464023981
2006-12-04,0.00671443639415974,-0.008037701086600048,-0.006191584054074816
2006-12-11,0.011163792678257817,-0.0026131505635386505,-0.0016362664480106383
2006-12-18,-0.01262759526514515,-0.0017492211453637345,-0.001043655467993692
2006-12-25,-0.00020083932248915514,-0.007543061028211679,-0.0049007301536379225
2007-01-01,-0.00847121535991633,0.0026038381790424317,0.0014815040012303808
2007-01-08,0.01692756086942545,-0.0069852350596113335,-0.004763686638254788
2007-01-15,-0.0027977640014377842,-0.0017547197845138255,-0.0014932710723243345
2007-01-22,-0.006570626075726199,-0.00586433035853982,-0.0037410372475117732
2007-01-29,0.017655629840389375,0.002634659107551904,0.001793430662104318
2007-02-05,-0.006937405414789644,0.0026211078413893875,0.0017884886587398617
2007-02-12,0.010969907824161922,0.005518893629598227,0.003716189575670962
2007-02-19,-0.0036139607253259055,-8.192870328287919e-06,-3.45192867047062e-06
2007-02-26,-0.04887233383447029,0.01092653588749787,0.008403439696705694
2007-03-05,0.013572354433792068,-0.0049088255306670905,-0.003990944351401724
2007-03-12,-0.013348392273900883,0.003872023365755174,0.003089330541474691
2007-03-19,0.03353657498694737,-0.0036131599306716156,-0.0016292896693718018
2007-03-26,-0.010980864198801916,-0.002312546946386914,-0.0010347989493169093
2007-04-02,0.014857396540764966,-0.006686059463897977,-0.005340839965018553
2007-04-09,0.005799943308650416,-0.0008762378876202897,-0.0008932263800138123
2007-04-16,0.02140851156119327,0.006377842026930713,0.004591656598367904
2007-04-23,0.005970430765015269,-0.0014551172359716408,-0.0010395247357371721
2007-04-30,0.008043149989572469,0.0034551091517492916,0.0011762831155979426
2007-05-07,-0.001420316371107384,-0.0023200827129784126,-0.0013350425857804574
2007-05-14,0.010302064620314164,-0.00843925864869444,-0.00594680325601122
2007-05-21,-0.007111673424565635,-0.0038067260557749054,-0.002537934973028189
2007-05-28,0.014516689342150857,-0.005304881641934355,-0.004048343379505879
2007-06-04,-0.020990035134693986,-0.009220564253734605,-0.00527774585996266
2007-06-11,0.01613932904809004,-0.003309661892920158,-0.0018224146550052502
2007-06-18,-0.01793460830507807,0.0032619575704190672,0.003010120699396434
2007-06-25,-0.0034594851496296177,0.007093298879647632,0.003597021828482689
2007-07-02,0.017582223436382684,-0.004177362076620118,-0.0021154617929472538
2007-07-09,0.011015299595965946,0.005029108388261093,0.0033006534268558065
2007-07-16,-0.009715866322339478,0.010311340935674559,0.006437413342699538
2007-07-23,-0.05862133234054469,0.010780653722360182,0.009348839295958837
2007-07-30,-0.010942848768432462,0.004344021183723418,0.0030996167568851807
2007-08-06,0.004699273338485488,-0.0035166446325722075,-0.0026853758507057817
2007-08-13,-0.001074667840038953,0.010090328349588392,0.00940144839192233
2007-08-20,0.022692655242857462,0.0005660683021542253,-0.0035362757534868863
2007-08-27,-0.005072795815675041,0.006554940259754583,0.005552281418776476
2007-09-03,-0.011748165755827829,0.013593434165591738,0.009144382143202043
2007-09-10,0.016982136159910705,-0.006543933111171704,-0.005685318783786064
2007-09-17,0.023615768850252482,-0.008614942964310174,-0.00425779611118573
2007-09-24,0.0022406572799964844,0.0034322582136470593,0.0033607171258847124
2007-10-01,0.02092502111611618,-0.004765492887533711,-0.004404827722249763
2007-10-08,0.0023024459356687315,-0.0018725346192622059,-0.001470868421707642
2007-10-15,-0.04509806292615462,0.019069037446400032,0.014569272199993533
2007-10-22,0.02400423160504227,0.0006923451793602528,0.0007170203849900872
2007-10-29,-0.01677551201025478,-0.005681833450511209,0.004731594515744872
2007-11-05,-0.042681175987805055,0.005715463091291996,0.005305677528208188
2007-11-12,0.0030204286582322364,0.006526768577531834,0.005574158176720597
2007-11-19,-0.013011908762732229,0.008286908332458709,0.0065444870706933885
2007-11-26,0.027710704287763867,0.0034790427029977007,0.0030754243910095947
2007-12-03,0.015441463393476771,-0.005732050350589624,-0.0031555367605004825
2007-12-10,-0.02686358280445141,-0.0055261237358402975,-0.004620971276926969
2007-12-17,0.01282608033827435,0.004246675576847981,0.002680764649577237
2007-12-24,-0.010643843827084925,0.00859197237107688,0.006687030198875411
2007-12-31,-0.03053630131779009,0.009433198718239614,0.007597195863326912
2008-01-07,-0.011046794176598585,0.003897241379255922,0.0037594226615300977
2008-01-14,-0.061153151798482214,0.010612444913897042,0.008741341142066077
2008-01-21,0.0045047126701668085,-0.006748064518081517,-0.0062428974457365135
2008-01-28,0.04567493201018971,-4.1579320417337116e-05,0.0013634774911695019
2008-02-04,-0.04949702893606914,0.00021684517667697276,0.002324083810247092
2008-02-11,0.015511423920797202,-0.0055186317063763415,-0.0020749775905809765
2008-02-18,0.0029599485708682793,0.007482706426520514,0.0050794297373938395
2008-02-25,-0.01854324399041879,0.018178236743440837,0.013565099045220283
2008-03-03,-0.029661199576033706,0.008662818650670472,0.005473163678003308
2008-03-10,-0.002305605283337866,0.01342395388280552,0.0039458148007147685
2008-03-17,0.022815103702013294,0.006080899570271422,-0.0014059602391615726
2008-03-24,-0.02445476643399852,0.004077527927150224,0.0050752089969693
2008-03-31,0.03879722825266791,-0.003384672541713968,-0.003752821789548836
2008-04-07,-0.027206450253438888,-0.000998455190436817,0.0032505856004703543
2008-04-14,0.038149887027842694,-0.01764322320134332,-0.014949917161743353
2008-04-21,0.006401314547762763,-0.009354720511763089,-0.008406956889379131
2008-04-28,0.01312057791944633,-0.0008471215176162937,0.001248494664851248
2008-05-05,-0.019298480839633023,0.009442970925792734,0.008363253503966392
2008-05-12,0.0259782629291484,-0.0073672495296968725,-0.006040238413247976
2008-05-19,-0.0376322364700525,0.002502160916809386,0.001215959483721447
2008-05-26,0.01941671314605991,-0.00811877250840329,-0.006214913069022498
2008-06-02,-0.030535054642500222,0.013979282544858432,0.010419461905146053
2008-06-09,-0.0015261664452908205,-0.025373418144759206,-0.022715235868911776
2008-06-16,-0.030642555740509628,0.011825149912333407,0.007852624228201457
2008-06-23,-0.030465510843163388,0.011822643834442322,0.008780605096174217
2008-06-30,-0.011966525420108873,0.004650548925740228,0.004231534465129086
2008-07-07,-0.020662571276659047,-0.003748986341589369,-0.0021474495764818744
2008-07-14,0.01609214239831958,-0.007196815243954268,-0.003851128616063409
2008-07-21,-0.005699864932931831,-0.0015966233524290626,-0.00046847631501443056
2008-07-28,0.004555291351196596,0.013903246932299164,0.009548065739791138
2008-08-04,0.024364649392140926,0.0023887788738558764,0.0008174043127702761
2008-08-11,0.00563359280357644,0.006705508445537578,0.00500864735680925
2008-08-18,-0.006032457868448152,-0.0006902559891177446,-0.0008476646706740139
2008-08-25,-0.007967246510477796,0.005721766999630647,0.003325258659789468
2008-09-01,-0.03339385406626881,0.0034763170065959478,0.0029078257464954602
2008-09-08,0.012326995378379575,-0.0055443170626758125,-0.0022325841436615507
2008-09-15,-0.013633884603293553,-0.0034482826285010468,-0.0037885402783426475
2008-09-22,-0.026360344576208002,-0.007243194887636377,0.0003753761578102295
2008-09-29,-0.09673776142809533,0.01000659202522084,0.012840339321309093
2008-10-06,-0.22387579938471405,-0.021797627950314057,-0.00853863516796535
2008-10-13,0.03168934907107435,-0.0019636355630268804,0.006396657867199474
2008-10-20,-0.08084650348473499,0.028031655791355272,0.011403350923750704
2008-10-27,0.10172870532725942,-0.017984050760679233,-0.004958854536814886
2008-11-03,-0.03573559251382651,0.017299620492191952,0.018243552876851466
2008-11-10,-0.08811946881839652,0.006319688776465325,0.003103069204362748
2008-11-17,-0.09153903251206698,0.029868816425003913,0.016450909317427244
2008-11-24,0.11950189149064291,0.015244107372286434,0.0025633360288617704
2008-12-01,-0.03196556812133068,0.01685123817450071,0.009924769475214026
2008-12-08,0.013600896399441797,0.010411480842207567,0.0028975985376558343
2008-12-15,-0.0061471994528665645,0.02083080210750372,0.012033911554614656
2008-12-22,-0.018814796117904722,-0.0021011162628206993,-0.003799103972862073
2008-12-29,0.03476181603423785,-0.012558436994379838,-0.0035512735502242513
2009-01-05,-0.04485592163923114,0.0099805114144956,0.012465133410374854
2009-01-12,-0.043516143948376024,0.007765649447055769,0.003504825383203505
2009-01-19,-0.031610105037280525,-0.018949597309098506,-0.008260251770299347
2009-01-26,-0.00287425893633483,-0.010110311238684477,-0.007014610963258141
2009-02-02,0.052884610813530325,-0.007002111835485715,-0.0036149397246427128
2009-02-09,-0.05783138524495754,0.0069880099699418784,0.0027277907381641087
2009-02-16,-0.06420203044090594,-0.009164097138625212,-0.0042326210451430635
2009-02-23,-0.048319586228468187,-0.01216788289119455,-0.0058620814516986055
2009-03-02,-0.06739354650928805,0.015201975322499943,0.005694448727156165
2009-03-09,0.09444356260238633,0.0007258309806234319,0.00024503153232205855
2009-03-16,0.011592022672857354,0.020372286325077208,0.01065169781837972
2009-03-23,0.06302641515514074,-0.010132710310026698,-0.0037113919218648705
2009-03-30,0.027958602839823488,-0.011187204526302239,-0.005210431766959611
2009-04-06,0.013213752876809051,0.00292116356866793,-0.00013885659905321169
2009-04-13,0.01450593259827787,-0.00679872845456227,-0.005194281430818914
2009-04-20,-0.0016321011181181753,-0.0060735908556878914,-0.0014795791347238956
2009-04-27,0.010598660088189413,-0.006622295052542269,-0.0016194311308188527
2009-05-04,0.05334563131378406,-0.0032678062555059765,-0.0038861708238146753
2009-05-11,-0.04667835010321333,0.009525266989082196,0.008253216984312767
2009-05-18,0.0017915497918891696,-0.019552718368955974,-0.007891905913250032
2009-05-25,0.03602094582138821,-0.0015593065061158175,-0.0002564134383126124
2009-06-01,0.023843877470978762,-0.03145353636340621,-0.021879376425688137
2009-06-08,0.004247190942566837,0.008200226274209238,0.00397646481854667
2009-06-15,-0.027326220582709577,0.00018731085631706413,-0.00016963462977217093
2009-06-22,-0.002623379975467077,0.017533800917159285,0.01243215080406669
2009-06-29,-0.02315081629473957,0.003737683025217972,0.005549072085551346
2009-07-06,-0.022003510297763734,0.015670042321971403,0.007767031204447804
2009-07-13,0.06857329002778467,-0.019749744263923875,-0.011366490808858232
2009-07-20,0.042224557330733506,-0.00023856901753028636,-0.0009920130118411651
2009-07-27,0.006838353739503917,0.007707846131628282,0.0025559035981142435
2009-08-03,0.02186874747364638,-0.020268624268871712,-0.011744563761838791
2009-08-10,-0.0009859697217734558,0.01999833750861305,0.013316275129992318
2009-08-17,0.01872791642896967,-0.0009846370422091208,-0.0011078334901254185
2009-08-24,0.0019421527026275381,0.007713179511230874,0.006619644491960915
2009-08-31,-0.013643204365111648,0.0026296112958165184,0.005136167125376967
2009-09-07,0.026658931167375402,0.008210345544740944,0.003639776917578713
2009-09-14,0.022479513323206843,-0.009750672977653429,-0.00650863411624626
2009-09-21,-0.01918414594576863,0.009701450244003958,0.005677425195776427
2009-09-28,-0.01913925999524862,0.010374764609143472,0.007378593755553823
2009-10-05,0.04403671291986215,-0.007945624867313424,-0.00552734809110236
2009-10-12,0.01283321998083841,-0.006622168683460631,-0.004041190058461497
2009-10-19,-0.004873109848963792,-0.0045329290082472586,-0.0028472412098527545
2009-10-26,-0.04261052794749632,0.008521909067877618,0.006829770746351406
2009-11-02,0.031525827386744476,-0.0015968111816629734,0.0017381079011163495
2009-11-09,0.02307874551502271,0.004467821939021871,0.0024050624448235243
2009-11-16,-0.0015575793136243677,0.005085304550341236,0.004922887971041898
2009-11-23,-0.0008077364121114698,0.007538507131145589,0.003447186035363027
2009-11-30,0.016666304285586502,-0.01713552387878888,-0.008064016690301429
2009-12-07,-0.00013112089744794428,-0.0014936283689425825,0.0009263994695146477
2009-12-14,-0.005078462425498836,-0.0007017731192504356,-0.0020399419179744863
2009-12-21,0.021775403971089555,-0.016119100280249623,-0.010309676145485901
2009-12-28,-0.011019805583011036,-0.0005489606882967692,-0.0016409818620026348
2010-01-04,0.011213354655473892,0.004297787036819667,0.003939642458176819
2010-01-11,-0.008256509917624721,0.010676522166886474,0.006352169760487932
2010-01-18,-0.037585360743295076,0.007038182177771482,0.00525356951376693
2010-01-25,-0.019143133985901357,0.0021081850617013314,0.0024132728937815194
2010-02-01,-0.010776811928835521,0.005892830331576313,0.005201571698351658
2010-02-08,0.017865823049667585,-0.006609906133619415,-0.004018698125100271
2010-02-15,0.024771469786730373,-0.009576964192732223,-0.006990776934185882
2010-02-22,-0.002550355075256589,0.014338737293800419,0.009151811502521406
2010-03-01,0.029328511938969452,-0.003739503138055928,-0.0027027379347505055
2010-03-08,0.012655484249419232,-0.002141090362052788,-0.003251517377997741
2010-03-15,0.008413552916753934,0.0014581059599645695,-0.0013640370544610652
2010-03-22,0.0062072277301754835,-0.00879362382130474,-0.003698054445092717
2010-03-29,0.00872773885909274,-0.00529231114788533,-0.0035597527491337843
2010-04-05,0.01576331818600877,0.004833049730655492,0.0020344610002546695
2010-04-12,-0.002069466824394201,0.010030419015595838,0.0077350930080365594
2010-04-19,0.01822357936318092,-0.005371936724500901,-0.004757631498202139
2010-04-26,-0.02454593103906809,0.012327616645385281,0.008775566024261916
2010-05-03,-0.06793445448320987,0.014905775332353596,0.00883667283729618
2010-05-10,0.02389663919762779,0.0006019089483052312,0.0026520703418797084
2010-05-17,-0.04663514023181237,0.012796925336805872,0.005437824688034259
2010-05-24,0.0028068907258290768,-0.005191724811039383,-0.003183187798581265
2010-05-31,-0.022021496199731375,0.006938848223608756,0.004645519156249046
2010-06-07,0.02100857434799482,-0.0007083291966056534,-0.0006871116647051414
2010-06-14,0.022783594616477443,-0.001843871865173906,-9.900266291487311e-06
2010-06-21,-0.03279972948786478,0.008633432011700493,0.006109504707093634
2010-06-28,-0.05860174646738256,0.006770934175040326,0.003962927605608731
2010-07-05,0.05517045775466505,-0.006649423170471342,-0.0025073116710445102
2010-07-12,-0.009308448678272307,0.010418800803937494,0.006433501077088021
2010-07-19,0.03413345921526663,-0.004337785411874779,-0.0007923040462813084
2010-07-26,-0.002124782851505587,0.009221478529763348,0.007048050244701276
2010-08-02,0.018914445412640552,0.006127581281343556,0.004017957195347718
2010-08-09,-0.04017998056079937,0.007971462794769527,0.0009037006986361215
2010-08-16,-0.005530293676738586,-0.0004040459427238417,-1.2767863175151481e-05
2010-08-23,-0.006428105279213069,-0.002804178941342504,-0.0010590362494677838
2010-08-30,0.035926420097427726,-0.002707312641475393,0.0007647274242528375
2010-09-06,0.005521886174015238,-0.011736441847146315,-0.007592673325987598
2010-09-13,0.013372694141558762,0.0060356573321154955,0.006523195278718373
2010-09-20,0.02041444997447188,0.008609688701652761,0.0037599120459133745
2010-09-27,-0.000911697456840433,0.006812237457855473,0.004395694917554243
2010-10-04,0.015670918485529456,0.009729886934562271,0.00617996106073909
2010-10-11,0.012378514095803605,-0.008524764421899676,-0.002706143659275244
2010-10-18,0.004747419300270304,0.001463560050298306,0.0020536184074871375
2010-10-25,-0.00021957915183529728,-0.0011550899462789191,-1.6819196792858867e-05
2010-11-01,0.03434990363779812,0.008944631386457048,0.002942371706023874
2010-11-08,-0.022042627044847996,-0.01176178961900198,-0.009681739342208468
2010-11-15,0.001992361673847696,-0.011406802456556769,-0.005334371659047125
2010-11-22,-0.012957267467414194,-0.0019386141130589424,0.00010900089915605489
2010-11-29,0.03309829950254066,-0.008438342348357825,-0.003302080173532939
2010-12-06,0.01416375737393849,-0.019982656917666482,-0.013528754767543694
2010-12-13,0.001998460028850454,0.00014199658703019022,9.825549411178035e-05
2010-12-20,0.011603063139361979,-0.005481856277499491,-0.0034637568411010266
2010-12-27,-0.00020186419620678948,0.004070083203961057,0.003821333936576811
2011-01-03,0.011442453323902941,0.0018632228041657786,0.0023502829658548683
2011-01-10,0.017125341266065786,0.0015351123225452157,0.0014500754209034621
2011-01-17,-0.007707701437183741,-0.003670888407068974,-0.0022653665734747273
2011-01-24,-0.006682795637420462,0.008241930879911367,0.006066374200366648
2011-01-31,0.027559278953654988,-0.021561081551613313,-0.014627521209623002
2011-02-07,0.01512968638239507,-0.000698016258080894,-0.0032369474817909062
2011-02-14,0.011398247601091226,0.004728587539238367,0.0042784188897335065
2011-02-21,-0.01806218013194055,0.0009186597046256986,-0.00013161753874848105
2011-02-28,0.0007422384866722902,-0.00268845543799615,0.00036283891911878356
2011-03-07,-0.011103604201529099,0.008885065317840444,0.006120972293121479
2011-03-14,-0.021292437424156884,0.008277312382012353,0.0046247177053954525
2011-03-21,0.02749241395503274,-0.012526936878353004,-0.009989024603044194
2011-03-28,0.013356538979956506,-0.001845914615286965,-0.002010952557141426
2011-04-04,-0.003026862250420186,-0.005018823009835737,-0.0017532134038520043
2011-04-11,-0.0038498148815554,0.012038421341957808,0.008132440841354643
2011-04-18,0.009021262477193313,0.0014241787346666469,0.0009246220624263173
2011-04-25,0.021300568558971774,0.006712584520523352,0.00594489743516814
2011-05-02,-0.018794580073705332,0.009360974589162843,0.004864695521153766
2011-05-09,-0.0005647508275067447,0.0017721472570102071,0.0013045873577230656
2011-05-16,-0.004825330838400335,0.0025374745654849927,0.002351326430682711
2011-05-23,0.0016127690874991316,0.008473999801015028,0.0054712279572975185
2011-05-30,-0.02612501209816428,0.005820525425863699,0.0035266392486556944
2011-06-06,-0.021241595927660277,0.0015034565027879682,0.0020789673860453182
2011-06-13,0.0012777886861262632,0.0030822740819404447,0.001797713405566986
2011-06-20,-0.0017368053890347516,0.00663972964766626,0.006087471290900561
2011-06-27,0.054146158804774816,-0.0223555501006163,-0.014889042072818567
2011-07-04,0.005129395326376244,0.008561325638994303,0.00531028702800313
2011-07-11,-0.02033839618005908,0.009144026821440561,0.005565356506855105
2011-07-18,0.01926537672117636,-0.00428236720042377,-0.002466387998976775
2011-07-25,-0.0402064140413704,0.010817711604774228,0.0077237574525158
2011-08-01,-0.07445708078612027,0.010674274404652805,0.0040837572060267065
2011-08-08,-0.023632499938861004,0.02186254467386849,0.011174259371031697
2011-08-15,-0.04699864143113836,0.007054764421164392,0.0015167237120991932
2011-08-22,0.04448263733934793,-0.003977435379808112,0.00012068773638120901
2011-08-29,-0.006661924763274121,0.008041358084787313,0.0025517663337883524
2011-09-05,-0.010781403249372119,0.004529649472170184,0.003042444527984898
2011-09-12,0.05021426438254685,-0.010215547691128883,-0.004833756192589452
2011-09-19,-0.07114347660604681,0.010717613584945513,0.002272456422071538
2011-09-26,-0.004214288497541411,-0.006736571450733121,-0.0036982704353054788
2011-10-03,0.024085757835512395,-0.009357549989286854,-0.0043629990969899
2011-10-10,0.053486079522631735,-0.006036614822601004,-0.00027123914814648607
2011-10-17,0.012213791517530737,0.00412606662226344,0.002557823485085147
2011-10-24,0.035469577013924676,-0.0044798204690772395,-0.0014314854605843846
2011-10-31,-0.02440376672792404,0.01661972032840338,0.008649538279720762
2011-11-07,0.007307040727621542,-0.0037087754445064443,-0.002802476956532773
2011-11-14,-0.03866848378090514,0.003998971152926993,0.0012662330486428786
2011-11-21,-0.05153327460015418,0.007041374743655597,0.002790865795958297
2011-11-28,0.07377714696053139,-0.0021858371491344274,0.0003766743065964438
2011-12-05,0.012457262251892021,0.0012971869322473562,0.001964469759799742
2011-12-12,-0.0359293412977077,0.010161150640168272,0.002281787545355021
2011-12-19,0.03948711451515683,-0.010083156906372761,-0.006044080560096736
2011-12-26,-0.0059109837982328755,0.008957849958854996,0.004887910690002389
2012-01-02,0.001374088731385862,0.0015518461457535195,0.001268540735072037
2012-01-09,0.012048561586744557,0.006057104857223975,0.003161671729122022
2012-01-16,0.016655120245031105,-0.010161870811239239,-0.004055575490426001
2012-01-23,0.001109752825744693,0.011062004012761325,0.006188690757214329
2012-01-30,0.020043905269665947,-0.002997760430267437,-0.0014556410418074893
2012-02-06,0.0005307731382233971,0.00045092033863677015,-0.0007005472398973005
2012-02-13,0.014728501791372924,-0.003591234302520077,-0.0026636654991853215
2012-02-20,0.0017960349285533876,0.004171832946690608,0.0007595287830479187
2012-02-27,0.0041305869458116325,0.0013985448918488828,0.0025259757832062474
2012-03-05,0.002314778033949091,-0.002879794203266216,-0.0029220926801453275
2012-03-12,0.02370565183306622,-0.01633706368819681,-0.008633019462191855
2012-03-19,-0.0032627934426134497,0.0033665780054461148,0.0012717723806018807
2012-03-26,0.006816595234392442,0.003367575552615299,0.003379644684414134
2012-04-02,-0.021015089997422742,0.011924511588967276,0.005196039527039344
2012-04-09,-0.007640951697637918,0.003675702143097849,0.0024035360815697713
2012-04-16,0.0071749972162990314,0.0010638077230922698,0.0003788302705534572
2012-04-23,0.017145286011569373,0.00366450030050305,0.0019570297206914166
2012-04-30,-0.026635812903004385,0.0036480034385919886,0.0013863528031235067
2012-05-07,-0.009274111289448132,0.0032877749535225364,0.0015738278533663735
2012-05-14,-0.04533072113089904,0.005496387469330094,-0.00037832428851226896
2012-05-21,0.018396160006205704,-0.00036374915033058827,-0.0006324920103091624
2012-05-28,-0.032232321336880386,0.014091784546459594,0.005408901401569771
2012-06-04,0.04228312733207057,-0.00934493424151541,-0.003781384846180374
2012-06-11,0.01142843939173172,0.0022000803618241072,0.0017573713435641747
2012-06-18,-0.009910137924153992,-0.005865245073364512,-0.0030279051083220926
2012-06-25,0.023904664129107082,0.0027936029786515305,0.0015721344288759892
2012-07-02,-0.0043073276770462,0.004997800611633685,0.002448441920617702
2012-07-09,-0.0005948575383541085,0.0013929329866873169,0.0006275533500249396
2012-07-16,0.004863560446609495,0.002654960082957504,0.002441398060480993
2012-07-23,0.016891810839887583,-0.005833571709766352,-0.0024497752422390617
2012-07-30,0.00481569872353017,-0.0016651700402030944,-0.0007609143906212627
2012-08-06,0.009120527705242902,-0.001295896003396134,-0.0003180407306992807
2012-08-13,0.009374823202201007,-0.009290750694652633,-0.003780377991130777
2012-08-20,-0.003607452046118607,0.008085375689404484,0.004022782884201573
2012-08-27,-0.004132251068824821,0.009117073930666696,0.005080878769576538
2012-09-03,0.023367355416188233,-0.0029457327468571525,-0.0008202865005173859
2012-09-10,0.019415664760577638,-0.008526907314774977,-0.002519760279391285
2012-09-17,-0.005334150040835504,0.0059017021426677405,0.001822978646223095
2012-09-24,-0.012089192305918105,0.006095192832662582,0.0023207143419059343
2012-10-01,0.014668638290757093,-0.004233277616027966,-0.0013816976989712453
2012-10-08,-0.023552166568284766,0.002928807458057066,0.00018591632441102468
2012-10-15,0.0011070916422448,-0.006967669739126811,-0.0039054451745702146
2012-10-22,-0.01164004861099336,0.0012745269887513675,0.00043491931158100424
2012-10-29,-0.0016680081731911475,0.00164222098758097,0.0014447027580220206
2012-11-05,-0.02165171184286089,0.008403998665119114,0.00350628319082572
2012-11-12,-0.011456402873238673,0.0020967754138458815,0.001314750202663861
2012-11-19,0.03184045451831654,-0.00596223274865462,-0.0028215111301198295
2012-11-26,0.007755849628051203,0.006082749666474547,0.0032597603029844583
2012-12-03,0.0010149844720934516,-0.000590166212861907,-0.0002513016345669391
2012-12-10,0.0002255580071731277,-0.005756772674159182,-0.0024483070497717876
2012-12-17,0.012287534347060616,-0.002371017234215683,-0.0014488158094316185
2012-12-24,-0.025634335328298515,0.0022281251187681547,0.0011921707141239813
2012-12-31,0.02820828769692359,-0.006043451366045144,-0.0022698156417328384
2013-01-07,0.005238210696878194,0.0029577915451164147,0.001384475196319378
2013-01-14,0.008274762149331687,0.0017660760555811448,0.0007523394404373826
2013-01-21,0.010550252152202445,-0.006538455864239042,-0.0038498862738770854
2013-01-28,0.007909819921964531,-0.0021446156878348966,0.00012549641837095383
2013-02-04,0.004019904018021391,0.00462515973023295,0.001889244386878983
2013-02-11,0.0021371439283969524,-0.001552090022473253,-0.0014531570800408087
2013-02-18,-0.0021473558115812086,0.0042696102442626345,0.002269178529250996
2013-02-25,0.0014814247656829444,0.00780335026248107,0.003901936599924951
2013-03-04,0.02130502850080631,-0.011945903389937345,-0.0060038668683230646
2013-03-11,0.0062664954836036,0.005139368379950665,0.00252841405939148
2013-03-18,-0.0010455909294096854,0.00475582857426625,0.0017662795455815148
2013-03-25,0.0068682576025781445,0.0035517150964808914,0.0015107933171696999
2013-04-01,-0.006537831741610024,0.007760959469613575,0.002950694834367931
2013-04-08,0.0228912461757094,-0.0013043385947489093,-0.0003159243617382316
2013-04-15,-0.022662025502513027,0.00011602280189388064,-0.0006907106111600165
2013-04-22,0.018471564880632556,0.003279774156354085,0.0017560327780736314
2013-04-29,0.019923235698243794,-0.00436118252319366,-0.0016359614752794742
2013-05-06,0.012935978227805433,-0.005911299106213088,-0.0034002851754867057
2013-05-13,0.020239266607306676,-0.0016819168910762365,-0.0005089037431742643
2013-05-20,-0.00756927416941395,-0.003931701441382053,-0.002148826523594665
2013-05-27,-0.015662580505000464,-0.0015729777239912195,-0.001722879211750196
2013-06-03,0.005608732893157787,-0.0011080217761838922,-0.0016670109996351655
2013-06-10,-0.009011178750113431,0.00408687348944828,0.0031816120525980317
2013-06-17,-0.022011478892471723,-0.026235490367976476,-0.015580559676733248
2013-06-24,0.009398430035537253,0.0023294365794437966,0.0027720168602483105
2013-07-01,0.0060665301276847695,-0.0016083635912251296,-0.0011636868562680265
2013-07-08,0.025965275043417703,0.011415186593784899,0.007112256311553889
2013-07-15,0.011421072867971522,0.007882497889390305,0.005665535286595919
2013-07-22,-0.0017827271438749538,-0.003216400314308581,-0.0006481632632836507
2013-07-29,0.010245728992310108,-0.0009460687583679479,0.00035923503536392475
2013-08-05,-0.010505167102420996,0.0018448356038820455,-0.00012986703921904835
2013-08-12,-0.021270500409917535,-0.014559891596140184,-0.007689952873695249
2013-08-19,0.006221514837182735,-0.001039831632995948,-0.002933678180565503
2013-08-26,-0.018522406289082992,0.004319117807155432,0.0026439057428702837
2013-09-02,0.008769185823907235,-0.005103314913590366,-0.004283086408296794
2013-09-09,0.0208577881763669,0.004925543516033708,0.0031400719650717195
2013-09-16,0.011987143886824777,0.013987740920952525,0.010007547920356043
2013-09-23,-0.009481201800482768,0.008305437313149349,0.004721257380950589
2013-09-30,-0.0011844422698913878,-0.001377395825704758,-0.0001334301473080899
2013-10-07,0.008047331539188431,-0.0007453331570355208,0.00038629946765024047
2013-10-14,0.02167227880242529,0.006771064683809301,0.0031529556231403213
2013-10-21,0.009982961447775211,0.004771652670879966,0.002181247218151376
2013-10-28,0.0002556282587603582,-0.006278787999964906,-0.0018018682585532026
2013-11-04,0.00664842731055939,-0.005117228183961525,-0.0008467232543797262
2013-11-11,0.014981440296760934,0.005412622907740985,0.0029481180448317425
2013-11-18,0.004402098527558876,-0.0017410107996394288,-6.657854427808996e-05
2013-11-25,0.001517692456070609,0.0004517709851056613,0.0006945008785591794
2013-12-02,0.00032715081975508674,-0.009285576656666794,-0.005904431905196838
2013-12-09,-0.016725351819569034,0.00036125975254472245,-0.0011103875359159943
2013-12-16,0.025051335806316438,-0.004303058445981641,-0.003855650341465588
2013-12-23,0.00794364166611944,-0.005579666465742416,-0.0029460872992873553
2013-12-30,0.0047281237868455825,0.00012471382491904235,-6.625467524499275e-05
2014-01-06,0.006667069682788286,0.009044561043152754,0.004159169951314868
2014-01-13,-0.001910376336841951,0.0009922705448038526,-0.00020036768343097188
2014-01-20,-0.03180597450006151,0.005483234960134236,0.003373535936371226
2014-01-27,-0.002196490459454464,0.005464703390606779,0.003692993936596836
2014-02-03,0.008141549955400942,0.0017128634425636253,0.0023858628169037047
2014-02-10,0.022933955808191863,-0.0026240591258705785,-0.0022063096927853704
2014-02-17,-0.0019468021111593138,-0.002736553610992278,-0.002007496050952743
2014-02-24,0.014293642953955325,0.003739745670703275,0.0022060884310225303
2014-03-03,0.008099985380059904,-0.007776479352607828,-0.005205326597950702
2014-03-10,-0.01948483856306332,0.008734553407477119,0.005060216027566851
2014-03-17,0.013012828230722053,-0.00935593283867555,-0.008207152000685752
2014-03-24,-0.006121668141450632,0.001002900401515698,0.0006539467463104634
2014-03-31,0.015512587616405973,-0.004064437293235783,-0.0016478577433061492
2014-04-07,-0.008555264247274734,0.0011265490048817123,0.0005217504728363661
2014-04-14,0.026973508491371742,-0.00945080649287526,-0.006681422295649755
2014-04-21,0.0025113943948750373,0.002517373953347168,0.0009816522910576575
2014-04-28,-0.0006663058374755297,0.0009324596501223264,7.00438280732572e-05
2014-05-05,-0.0015027358960504073,0.0026254199877361255,0.002283968788456747
2014-05-12,0.0017560281198055472,0.006211940304395735,0.003511402529336282
2014-05-19,0.012275314442883755,0.00012129421180029972,0.00103811365103345
2014-05-26,0.004796007109877153,0.0015886406812733408,0.0006412317190391511
2014-06-02,0.015084872115408881,-0.008526928770757707,-0.005502682491233115
2014-06-09,-0.0052038567342113816,-0.0005062372727902245,-0.0017084312449138774
2014-06-16,0.013485531536166783,0.00011217711593631413,-7.185948083718535e-05
2014-06-23,-0.001557049764253851,0.006008899902088242,0.0038657660938277248
2014-06-30,0.013327744256908084,-0.0051439974243296304,-0.0030181791568799957
2014-07-07,-0.004358514151699716,0.008573002627596301,0.004753854751038534
2014-07-14,0.004327703872716614,-0.00026477797648683877,-0.0017108563831414202
2014-07-21,0.0005448669891700581,0.0007389348405798064,6.17589160132753e-05
2014-07-28,-0.005735418437618353,-0.005519910137306454,-0.0031564789042112687
2014-08-04,-0.0002055252601688897,0.005145200324616721,0.001861802664473449
2014-08-11,0.019379975662106474,0.003388886708663104,0.002834105888097028
2014-08-18,0.01759095470439023,-0.005451403377983458,-0.004638213496458611
2014-08-25,0.00676055550599059,0.003470830084279629,0.002489826094402661
2014-09-01,0.0028628412629725765,-0.0013760917308868637,0.00019637186904175683
2014-09-08,-0.01085137142801985,-0.008794149714421684,-0.005024151096020598
2014-09-15,0.01327216966825115,0.00037127255214756917,-0.0002694265086941093
2014-09-22,-0.014387002410827679,0.0035059879590152005,0.0020441571911649753
2014-09-29,-0.0073057605367573015,0.005609369977460696,0.002830303720219582
2014-10-06,-0.02915720261519939,0.0116482635122025,0.008327087376706913
2014-10-13,-0.013362628313176052,0.007958353817882978,0.005850080029374932
2014-10-20,0.039690327710071596,-0.004673134179457061,-0.0022166175253998444
2014-10-27,0.026301454702013522,-0.005311557932069563,-0.0040539579677007845
2014-11-03,0.008271753349851831,0.0024511789468176903,0.0009081175133339092
2014-11-10,0.004548642800012076,-0.00037753468419138726,-0.0001334108536091606
2014-11-17,0.011567152477955603,0.0002415580895734732,0.000977863519278857
2014-11-24,0.0033782056299048136,0.004917654274197851,0.002671885945773054
2014-12-01,0.004040048361222688,-0.010031150398872967,-0.008153204166202016
2014-12-08,-0.03588876608890272,0.01364391054129183,0.007269514815486548
2014-12-15,0.03721380979449053,-0.0074106742171502265,-0.005391403992056266
2014-12-22,0.0021605720827988003,-0.005581756887039988,-0.0033640675538704505
2014-12-29,-0.012458318491533107,0.005312033575639766,0.001906995119318616
2015-01-05,-0.003172497093752805,0.010844659036949105,0.007178359870918602
2015-01-12,-0.01657255097059028,0.00999273617470218,0.006856552678552021
2015-01-19,0.018475675284318926,-0.0008616111809796592,-0.0013030842183643218
2015-01-26,-0.02816242848026168,0.008945015990028707,0.0059218097689070935
2015-02-02,0.026302177065600084,-0.018012844741944867,-0.012340584339183697
2015-02-09,0.022365535351219573,-0.002924703290201891,-0.0009154148360024228
2015-02-16,0.007240938790314885,-0.005796622235778023,-0.0028270261833189484
2015-02-23,0.0015789476321057608,0.006116305580146378,0.003919972825304711
2015-03-02,-0.0200632957905338,-0.012802269979372411,-0.007618311454534318
2015-03-09,-0.009337923353734396,0.008260326474432651,0.0051322948551410655
2015-03-16,0.027431874908932886,0.012761661777842786,0.008008866749276766
2015-03-23,-0.022651106508096694,-0.0012303640295186487,0.00031921068844048116
2015-03-30,0.004463552190673148,0.004354327657053717,0.0033778071603600404
2015-04-06,0.011434515613091965,-0.006958572719462807,-0.004966208395490148
2015-04-13,-0.010416749366228889,0.0067624029680641235,0.004214638172542436
2015-04-20,0.018447293486502214,-0.002311089706018575,-7.488492745819347e-06
2015-04-27,-0.005202062899083849,-0.012537611333613273,-0.006763078155750746
2015-05-04,0.004802256254176981,0.00035152960586139204,0.0009707319211288137
2015-05-11,0.0028778443085906956,0.0014224642083966732,0.0020707021098720687
2015-05-18,0.003404937876845115,-0.00467842355743289,-0.0038543467191096284
2015-05-25,-0.00875522509217842,0.0013481761447822508,0.002025529124920606
2015-06-01,-0.007677104083024733,-0.01876117937807862,-0.010196543368391854
2015-06-08,0.0013042802103316025,0.0010935095572898428,0.0005859936438145183
2015-06-15,0.008986286463510825,0.010648406227574701,0.007545817578220439
2015-06-22,-0.005996954689981219,-0.012705911245721853,-0.006113611172090912
2015-06-29,-0.013491543115214336,0.010675309122496842,0.006371747658471191
2015-07-06,0.0034746868491015845,-0.0041954338052955,-0.002142136366303769
2015-07-13,0.02232876530147867,0.002468893662145427,-7.108669748741607e-05
2015-07-20,-0.02214200589413283,0.004933707759344299,0.002484037421154926
2015-07-27,0.010882627320579912,0.005996530039186687,0.0036464463025564714
2015-08-03,-0.012054432471549262,-0.0005184037386197896,-0.002294312772664316
2015-08-10,0.008047602769654816,-0.001131985609337827,-0.00033724655149166855
2015-08-17,-0.05430211767868093,0.010836025932527141,0.007150844662762049
2015-08-24,-0.0026754705124790753,-0.006846050683364571,-0.003716035394449418
2015-08-31,-0.012051914993720488,0.003918932707334998,0.0020879385082928055
2015-09-07,0.018328489977949013,-0.001970111466764759,-0.000786690863928173
2015-09-14,-0.002468690259611675,0.00422505065684154,0.0034907102571178506
2015-09-21,-0.012047238669325474,-0.0014867719542641462,-0.0005928898434743533
2015-09-28,0.008076392329231491,0.012005976485760732,0.007382146834526683
2015-10-05,0.034439953769087366,-0.007166091587010222,-0.00486094625322814
2015-10-12,0.007895136557080835,0.004346876918960581,0.0025180544629177623
2015-10-19,0.021874419340369607,-0.004752165081825983,-0.0029244969795369433
2015-10-26,0.006914109195620715,-0.002088977453170812,-0.002286687220559682
2015-11-02,-0.00204071784692358,-0.010257821443593582,-0.007222427253314206
2015-11-09,-0.035645406528713224,0.00345571558767388,0.0028214233340540366
2015-11-16,0.031966188961628623,0.001231160042784858,-6.695916250601229e-05
2015-11-23,0.0028657769645104836,0.0033272818292877943,0.0013775804428778028
2015-11-30,-0.0014264105714947642,-0.004509377366940712,-0.0023862507421491637
2015-12-07,-0.03873195679499143,0.009479778986699154,0.006954203984816831
2015-12-14,0.011564728885979984,-0.005459378262543397,-0.005070137728207811
2015-12-21,0.020319694069171806,-0.002232114833727663,-0.001319289502421972
2015-12-28,-0.004909676734753524,-0.0027412711609297188,-0.00132519080113553
2016-01-04,-0.039117072985055366,0.010077024590060569,0.007475458479109541
2016-01-11,-0.022564374804371738,0.007542247913302966,0.005276095697563772
2016-01-18,0.012593128991612464,-0.0011075006384525744,-0.0007869544856427511
2016-01-25,0.017657213423310208,0.009557047270776796,0.005903278224764384
2016-02-01,-0.02939719113289392,0.005864333525508776,0.003093219838276346
2016-02-08,-0.008241985672391164,0.006162751069187326,0.00256487113030222
2016-02-15,0.029182798369771428,-0.002283009816284904,-0.0020043667593291265
2016-02-22,0.015550215826183265,-0.000862667680463637,-0.001172092555194626
2016-02-29,0.025920222354861844,-0.009784407061602385,-0.0063647629013668505
2016-03-07,0.012099201124206958,-0.006584484436761553,-0.004378520255534894
2016-03-14,0.013046855449029005,0.008351170307591348,0.006690524115604677
2016-03-21,-0.004452860404120118,-0.0014657307365619566,-0.0014344891114605371
2016-03-28,0.01624124898128656,0.007260553566523321,0.005846604782012708
2016-04-04,-0.010396456818657907,0.005600134845035769,0.0037935677696344745
2016-04-11,0.016781452434677924,-0.0032371808816890613,-0.002386384720428524
2016-04-18,0.004768742890436957,-0.008780035337068226,-0.005951196516955215
2016-04-25,-0.012482580631261182,0.003955646908259872,0.0032295756840207118
2016-05-02,-0.003252477288691558,0.004177589904210363,0.0025098576754577643
2016-05-09,-0.005143258021245245,0.0029794945426753453,0.0008342176079945969
2016-05-16,0.0031877140965660524,-0.009384076391858055,-0.006865490272485702
2016-05-23,0.02302033616729475,-0.0016968721390128497,-0.0018237688986812062
2016-05-30,-2.2204598360698723e-05,0.012315326923029767,0.008288425260253949
2016-06-06,-0.0006576968055292051,0.003325854658488335,0.0027730390280228338
2016-06-13,-0.013772007062490224,0.0034292430201608107,0.003020092235055063
2016-06-20,-0.017012463756328446,0.0036844283678812706,0.001828789072700553
2016-06-27,0.03334822476054977,0.00631898169098276,0.0036394490083956703
2016-07-04,0.011596079823152514,0.003854068318707491,0.0013395831390539635
2016-07-11,0.01562832379590026,-0.01403265232393266,-0.00802258596808579
2016-07-18,0.00622311781498683,0.0015308687386725002,0.0006398994129293487
2016-07-25,0.001374907163469091,0.007292685945517834,0.004677594871223604
2016-08-01,0.0028214437747448905,-0.007809395210027442,-0.004567993460850524
2016-08-08,0.0015946706883477432,0.003633555678418297,0.0015959736318119071
2016-08-15,0.0006726906576233803,-0.0045028163503505495,-0.0025763053103410793
2016-08-22,-0.00599073396950196,-0.003571018699331892,-0.0032286377432208333
2016-08-29,0.004226089361594342,0.0015186694156733252,0.0016747509700165372
2016-09-05,-0.02591214430668815,-0.0030233082638862164,-0.0012391488612482286
2016-09-12,0.006956262066449939,0.0010697589191361375,0.0013497256543530947
2016-09-19,0.012371141082956633,0.0038206486653939668,0.0019307084832786898
2016-09-26,1.5569208884372472e-05,0.001779303522392371,0.0007684270720717612
2016-10-03,-0.005838162196658584,-0.008263645983781088,-0.005160814147684089
2016-10-10,-0.009214061409353708,-0.0025330908000888767,-0.000907881142580909
2016-10-17,0.0036231117710380043,0.004199034089183063,0.002000924927240836
2016-10-24,-0.00519343008772355,-0.006140271404084941,-0.0025229445750506335
2016-10-31,-0.020168295528159862,0.005886166176737968,0.003936980432376548
2016-11-07,0.037369210932860525,-0.02472974713799285,-0.014307424476439581
2016-11-14,0.008471528816533489,-0.013137954886591838,-0.007885136854827496
2016-11-21,0.014317298697491414,-0.0013776915295193124,-0.001983203311112224
2016-11-28,-0.008313238601097632,-0.0011812302877522887,0.0002478034837817629
2016-12-05,0.029868022342053154,-0.0039154545979798935,-0.001795914848812963
2016-12-12,0.00027924739679574735,-0.009406309489883692,-0.007750599562621675
2016-12-19,0.0022020401418255467,0.004432620338435311,0.0027358552445074496
2016-12-26,-0.011932785961745858,0.0075713343655264345,0.005191323166884985
2017-01-02,0.012134369343165469,0.002486621776212795,0.0010512380827693516
2017-01-09,9.161986460480467e-05,0.0018738312658905655,0.001058783654795928
2017-01-16,-0.002437506263772557,-0.003547300603418949,-0.0007443071041195988
2017-01-23,0.010481920212990424,-0.0006589501695024112,0.0001222768848236932
2017-01-30,0.0010471162681715742,0.002006706258125245,0.0012585267627783273
2017-02-06,0.008769116620332727,0.0033597562717303303,0.0013816518423627577
2017-02-13,0.015191442171786392,-0.0003937816322906033,-0.000670499302581938
2017-02-20,0.006465001457987984,0.006731080984161203,0.0046220736720435154
2017-02-27,0.007272741808091728,-0.011463427346245732,-0.009050137943404564
2017-03-06,-0.004117710705897939,-0.005076682749703689,-0.0029446443501396705
2017-03-13,0.003130471056083879,0.005910734184982902,0.0037235275513350452
2017-03-20,-0.013854130982802176,0.0051554102716037655,0.003791166566655941
2017-03-27,0.007201700830568997,0.0013662147707083861,0.001122700156028383
2017-04-03,-0.0028880668682306496,0.0012346357876427488,0.0003231304131182124
2017-04-10,-0.011791954381520298,0.01045274878428602,0.007132256234111062
2017-04-17,0.000924609858744849,0.0015927872248037635,0.0009815870853603905
2017-04-24,0.014104914094156408,-0.003116073586934337,-0.0023114214886363373
2017-05-01,0.006474344692686817,-0.0033700344128207837,-0.0022496984481120514
2017-05-08,-0.003243049198549415,0.0021038347177310146,0.001645685746752082
2017-05-15,-0.0027121203373116493,0.005561332807189797,0.002825842982511903
2017-05-22,0.013215658643393096,-0.0002526272727993586,-0.00026635165042338335
2017-05-29,0.009452941680686718,0.004072327616886217,0.0020439894326777556
2017-06-05,-0.002467286677395143,-0.0027251734323963037,-0.002180781858316448
2017-06-12,0.0008118016422839225,0.003446318660537358,0.0014480205490479156
2017-06-19,0.0016009341762465263,-0.0002528426315019849,-0.0003329483580546208
2017-06-26,-0.006060221955166186,-0.009805612291543402,-0.0045699152326704965
2017-07-03,0.0009803825220288083,-0.004750481733585105,-0.002458823661077272
2017-07-10,0.006829566259955107,0.000246570830396435,0.0003304186054421621
2017-07-17,0.005264631232436108,0.00545041395849718,0.0025782597805695273
2017-07-24,0.0005996586767885014,-0.002868509558545791,-0.0009324757827818657
2017-07-31,0.0004003262932530628,0.0016015547728833856,0.0007901287502358901
2017-08-07,-0.01286462292013351,0.004936919816479432,0.0032305403974841997
2017-08-14,-0.0065683569706378175,-0.0001385492591385592,-0.0007300148733805794
2017-08-21,0.006817041636655206,0.0009760873090248463,0.00019450914692966715
2017-08-28,0.012892835008329868,0.0003602307274505425,0.0005897511723803052
2017-09-04,-0.004772395797763203,0.006861646148874274,0.00414191287015322
2017-09-11,0.01595338735380304,-0.009619369468044212,-0.006866779369549737
2017-09-18,-0.000103063651966655,-0.003972777964623226,-0.0025875133966458226
2017-09-25,0.006961144729450884,-0.004492945479927934,-0.0023960715152593058
2017-10-02,0.010839517549350898,-0.0011257114941358925,-0.0009327360989911434
2017-10-09,0.0032300193895630127,0.005103592052676275,0.0021935448456066433
2017-10-16,0.007789533981509882,-0.004751112606877913,-0.0044656322093724705
2017-10-23,0.0019073091216833607,-0.000885993989710618,-3.0829805553545322e-06
2017-10-30,0.0012489275689664802,0.0046198493503260525,0.0015319249024984096
2017-11-06,-0.0007850752230328187,-0.0047614788091187256,-0.0022030714421639934
2017-11-13,-0.000822644814244951,0.0021198718203364027,-0.0004022914979061337
2017-11-20,0.009345408504204055,-7.550454339982568e-06,-0.0004720859274772056
2017-11-27,0.010370950968586081,0.0033865456232485235,0.0016065992437108616
2017-12-04,0.002522143935430738,-0.0007570488670391084,-0.0005381070750622003
2017-12-11,0.010140122133157046,0.0012466208642398858,-0.0005426377305851894
2017-12-18,0.0019333472919840712,-0.00782526021345869,-0.003635599814398999
2017-12-25,-0.005421510606172139,0.0032751758523876804,0.0016141639863782116
2018-01-01,0.014572333898019423,-0.0018347165743067965,-0.0018546827057100007
2018-01-08,0.020541200677444315,-0.004636551218553754,-0.0020615620794002688
2018-01-15,0.0072827417550391455,-0.005103391888599224,-0.003388298510330693
2018-01-22,0.020435074965559824,-0.001927667522953067,-0.0017013821018726932
2018-01-29,-0.03385062073921624,-0.010566579473127958,-0.004634520513532623
2018-02-05,-0.0584694954206576,0.001669237835417515,0.0023690139882224337
2018-02-12,0.043896392227926004,-0.0031253698892670895,-0.003488784822977404
2018-02-19,0.003975621437345077,0.0011522401950479749,0.000406230619351626
2018-02-26,-0.025310422051183806,0.002968647890183952,0.001634136887843871
2018-03-05,0.021474844101536796,0.0006494846123282726,6.815038876040744e-05
2018-03-12,-0.00944908224171838,0.0025962438851599664,0.0004100214005518985
2018-03-19,-0.06004944793293633,0.0025820938380637284,0.0019119723038194662
2018-03-26,0.015117998130906807,0.003346296317159483,0.0016341967518158297
2018-04-02,0.00998230099388642,-0.0015611378364870517,-0.0013013693921811562
2018-04-09,0.019885014436231304,-0.0040192609724311575,-0.0034930660678029486
2018-04-16,0.0054946681052544495,-0.008474123184962701,-0.00508891639744252
2018-04-23,-0.0007288376554491227,-0.0003983344122824822,6.786802872406095e-05
2018-04-30,-0.0027813982607474436,0.0018258981031632736,0.0006872685919194104
2018-05-07,0.02438446625378419,-0.0023564521336920637,-0.001861451534914952
2018-05-14,-0.0060166025767657335,-0.004608879285405461,-0.0018000644514079294
2018-05-21,0.0017131923884126823,0.009142261315042878,0.005641874290566508
2018-05-28,0.004915702176072693,-0.007938092824184475,-0.006458357685644733
2018-06-04,0.007413474996868412,-0.0009193525417216055,-0.0006224474573404033
2018-06-11,0.0006166311602571228,0.00025739537017100355,-0.0011740391487440388
2018-06-18,-0.00905897752088826,0.002210057183352037,0.0015139148524277468
2018-06-25,-0.01355541614422235,0.002467760913927107,0.0015806217008071514
2018-07-02,0.014414406470915941,0.0022062511283004647,0.0006865527260508874
2018-07-09,0.014166581241456666,-0.00026462189338152895,-7.096760337283814e-05
2018-07-16,-0.0004698706569227311,-0.0031288518450434373,-0.0015163440981286456
2018-07-23,0.005795095575067756,-0.004317132197181488,-0.0029686892241978383
2018-07-30,0.008323329139037557,0.0011684505190501398,0.0014464920287293288
2018-08-06,-0.00161710652127717,0.006361897512220503,0.0035713383023439752
2018-08-13,0.005364120549837416,-0.0010449326206005039,-0.0010336501607639092
2018-08-20,0.008610905428374485,0.0028477611784799984,0.0013033231893981164
2018-08-27,0.009891549364984915,-0.004034247571311318,-0.0023437099350138197
2018-09-03,-0.004864920991523344,-0.005096986941484826,-0.0035970586212362315
2018-09-10,0.010942553742270489,-0.00419491225178476,-0.0033276585115343755
2018-09-17,0.0,-0.0036909539713958685,-0.001462028987855646
2018-09-24,-9.731760801852381e-05,0.0002567775683455136,-2.120081252343761e-06
2018-10-01,-0.004750798998013302,-0.009951967742090725,-0.004745055898604434
2018-10-08,-0.002076749435665914,0.005691285681411129,0.0030629223740770133
2018-10-15,-0.017052700901006582,-0.0015941742539598265,-0.0012561426599004642
2018-10-22,0.0,0.008027737041643232,0.005552266796116305
2018-10-29,0.021896066644547865,-0.007528189920572092,-0.004730215917058381
2018-11-05,-0.013911375381440298,0.0006548550235067185,-0.0002821383737548933
2018-11-12,0.016724107100870553,0.009333170468163496,0.00658936977010709
2018-11-19,0.004057369314965088,0.0005246759752851413,6.87248685762921e-05
2018-11-26,0.020968149822447314,0.0007837265461328768,-0.0002787662096572297
2018-12-03,-0.022572078907435508,0.013380323371551883,0.00853816261618939
2018-12-10,-0.01724801504522576,-0.004151172856812905,-0.0024083816410211878
2018-12-17,-0.07600387325077865,0.005814646680822315,0.004526704488531193
2018-12-24,0.0,0.004488337000632975,0.0032050968576036068
2018-12-31,0.0,0.004687836008291792,0.002293795761622087
2019-01-07,0.017341291154783254,-0.00141809235478826,-0.0008236416695040923
2019-01-14,0.021823615166068837,-0.006945358013124025,-0.004582171031632571
2019-01-21,0.002368994598692315,0.0014101299575030681,0.0008874444571583073
2019-01-28,0.008496728962871122,0.004735651399537844,0.0029292570387260673
2019-02-04,-0.008590792801474763,0.003320414714361823,0.002451354755648606
2019-02-11,-0.002277904328018223,-0.0028220219174964413,-0.0021835094706144937
2019-02-18,0.0,0.00037289057054369526,0.0006769042819372859
2019-02-25,0.00372744061645908,-0.006934566063322513,-0.004168606183782178
2019-03-04,-0.016766536772898525,0.010092936785673473,0.005926682491516468
2019-03-11,0.02814350933362139,0.0016397715543109525,0.001081480811598204
2019-03-18,0.0,0.008949235523786818,0.006212426842016181
2019-03-25,0.010238358055518471,0.00011235886227484258,-0.00034571867294299827
2019-04-01,0.013913802897128477,-0.004175419019013122,-0.002233624605461662
2019-04-08,0.004938470547822764,-0.0038131517882510108,-0.0025795325733792454
2019-04-15,-0.0005284139698416871,0.0002506925530553752,0.00020237663748263844
2019-04-22,0.005183548606390211,0.004296566650556289,0.003381306856166965
2019-04-29,0.009584393553859203,0.0008682693485689381,0.00046523633981055204
2019-05-06,0.0013652718363916499,0.0026439134287674147,0.0014160416026593764
2019-05-13,0.0021402006898000765,0.0032619375210095254,0.0020187122382445636
2019-05-20,0.003619669815485124,0.003868392549470376,0.0020787521773846206
2019-05-27,-0.01949405414536561,0.013096210637655894,0.008796269574580913
2019-06-03,0.024808339283971515,-0.0010040510860891984,-0.0006116456536996737
2019-06-10,0.005952954923460561,0.003927960373329063,0.00252150529383935
2019-06-17,0.018888450226699105,0.002321991926415811,0.0023139441270471034
2019-06-24,0.012474834436178486,-0.000378187047193932,-0.0008659628550768156
2019-07-01,0.01524025085778014,-0.0008859690802867724,-0.0020709621492905938
2019-07-08,0.006742415049721917,-0.003454108233529753,-0.0009389950656782538
2019-07-15,-0.011266310674640715,0.00293802308315714,0.0015234080714784685
2019-07-22,0.015677363359449487,-0.0008643553318166315,-0.0011315238367705493
2019-07-29,-0.031063345880730012,0.01227297986829048,0.0068644102437107985
2019-08-05,-0.005313720689488244,0.006224236480975863,0.0037936261967423963
2019-08-12,-0.01059338231229917,0.007400184577063782,0.00450764855244814
2019-08-19,-0.012911703430579744,0.005792220794938964,0.00304679128670801
2019-08-26,0.02245871270463063,-0.0013150860273609159,-0.0013059569795855867
2019-09-02,0.026022020132717063,-0.004646829465597878,-0.0024176963891535974
2019-09-09,0.003544194428823629,-0.018790196789510525,-0.012426791353310838
2019-09-16,0.0028273597020249575,0.006521020408422884,0.003820791241952109
2019-09-23,-0.012627478080294779,0.005029363761555303,0.0033423718662882757
2019-09-30,-0.009459483950008556,0.010937680479467533,0.008407199526751811
2019-10-07,0.012132595960238959,-0.013679454370637128,-0.009438540229379651
2019-10-14,0.0035922393681767704,0.00047585212696758556,0.0005233244191881096
2019-10-21,0.011731395616489957,-0.004347907001224256,-0.0034226780682153793
2019-10-28,0.014240191288679167,0.0035995713913636053,0.0024919497012011772
2019-11-04,0.006881177861185556,-0.012987083458425946,-0.007394953626518801
2019-11-11,0.008175163469542156,0.00714240919447609,0.0040861803078320325
2019-11-18,0.0014950125640033293,0.0013192670053684694,0.0003259779088975335
2019-11-25,0.00908006009190032,-0.001938779593265019,-0.0007244616539730063
2019-12-02,-0.000561514257602853,-0.0025955237306806325,-0.0016636234243513279
2019-12-09,0.009431571207871789,0.0002370403051100067,6.378747060281978e-05
2019-12-16,0.0154721682046328,-0.0054746913385306534,-0.0027699329960212743
2019-12-23,0.0038583651298895916,0.003523280488942797,0.0025681840546203025
2019-12-30,-0.005287975605666026,0.006973703156055425,0.004258147598823525
2020-01-06,0.013274965965374247,-0.0036510073689104924,-0.0028988981942576608
2020-01-13,0.018356726625575217,0.00047693217443615737,0.0005895332492612864
2020-01-20,-0.02122965463688869,0.012110190309502143,0.007060639619427545
2020-01-27,-0.008335517752955228,0.007481431487735854,0.005197154150707299
2020-02-03,0.02393858475515359,-0.0037193494247970207,-0.002808868154727391
2020-02-10,0.02275775567676689,-0.002509058231764508,-0.0019570657996138665
2020-02-17,-0.027143533552998863,0.009821319513031142,0.0059025055967257475
2020-02-24,-0.12454028659482264,0.022234591227780702,0.01678803725101871
2020-03-02,-0.03206202783380408,0.030478760999005153,0.01818640587133904
2020-03-09,-0.1037943395287198,-0.00833532401106512,2.1939323373682332e-05
2020-03-16,-0.1654683885099381,-0.002887233268251299,-9.140968455213609e-05
2020-03-23,0.12568631635069136,0.0068395366209263245,0.0005439629837421358
2020-03-30,0.015030844722780726,0.0014548246109353487,-0.00043921373402450116
2020-04-06,0.0886222145359249,-0.005427087065806131,-0.0006923994487223056
2020-04-13,0.03469290454990477,0.005501102593611453,0.0021136871143310697
2020-04-20,-0.012504915598054441,-5.5772850909541986e-06,-0.0009977454363903745
2020-04-27,-0.014517603352055652,0.0006690052229285757,0.0009955095702912317
2020-05-04,0.05040330029715355,-0.0021403740128052365,0.0006827362980675317
2020-05-11,-0.021030026745388234,0.0033669163869549748,0.0013050191063374353
2020-05-18,0.033342413632825536,-0.0007944402426108012,-0.000749059872627239
2020-05-25,0.030214331169517904,0.0007866936361782147,0.0012436803229806653
2020-06-01,0.04107905542646221,-0.013950080366269916,-0.006873439802294981
2020-06-08,-0.050933924029929675,0.011864261163718502,0.006049203344403248
2020-06-15,0.011379743480206192,0.0003329468864588872,-0.00012498685752527987
2020-06-22,-0.017953904479144488,0.003144315285332061,0.0015544635745044493
2020-06-29,0.03953959704358383,-0.0009004274551740926,0.0001853229325935327
2020-07-06,0.0032732123682227866,0.0008911622163395908,0.000185667600020648
2020-07-13,0.010493109742953444,0.001569205243691664,0.0007454265006297221
2020-07-20,-0.003430295727246147,0.0014558176585657164,0.00018621970577792083
2020-07-27,0.020306537662185157,0.004240841980963623,0.0024795429375662793
2020-08-03,0.023432294992290797,-0.001457838701598349,-0.0006830634014752477
2020-08-10,0.004855231136629421,-0.00583242439324106,-0.0022988104661809568
2020-08-17,0.008174442477453112,0.003584821280748835,0.0009313260152038627
2020-08-24,0.03328119206125126,-0.002925217706233444,-0.00012545574538129684
2020-08-31,-0.026742434896477055,-0.0006869447869096573,-0.0012439670916335036
2020-09-07,8.100676050247198e-05,0.0016796063206479472,0.0009295370177950927
2020-09-14,-0.0031407883337867606,-0.001680798203212551,-0.00117809856533584
2020-09-21,-0.010066282610313095,0.0021263561258338124,0.001053648632955907
2020-09-28,0.01784448043605609,-0.0019054012646861464,-0.0010543211964738554
2020-10-05,0.03782459692636765,-0.004286326703386464,-0.0019901179274689376
2020-10-12,-0.003571831281415898,0.0016845751268647529,0.0008070256519217918
2020-10-19,-0.0035273285378014827,-0.005187457096452382,-0.001989945987907048
2020-10-26,-0.052438295881571215,-0.0012540855778567376,0.00018521849198236458
2020-11-02,0.06764662842935193,0.0030251837932153787,0.0007423717863750947
2020-11-09,0.02009872027194042,-0.00352968421292524,-0.0016857482435835584
2020-11-16,-0.00873626001407996,0.0032717847110582668,0.0013058691150560871
2020-11-23,0.006851230425055929,-0.0015815634884771804,-0.0004977910522058366
