"Date","Price","Open","High","Low","Change %"
"Oct 24, 2019","1.1101","1.1132","1.1163","1.1093","-0.29%"
"Oct 23, 2019","1.1133","1.1129","1.1140","1.1106","0.07%"
"Oct 22, 2019","1.1125","1.1149","1.1158","1.1117","-0.22%"
"Oct 21, 2019","1.1149","1.1142","1.1180","1.1136","-0.20%"
"Oct 18, 2019","1.1171","1.1126","1.1174","1.1115","0.42%"
"Oct 17, 2019","1.1124","1.1073","1.1141","1.1065","0.47%"
"Oct 16, 2019","1.1072","1.1033","1.1087","1.1022","0.35%"
"Oct 15, 2019","1.1033","1.1029","1.1047","1.0991","0.04%"
"Oct 14, 2019","1.1029","1.1043","1.1049","1.1012","-0.12%"
"Oct 11, 2019","1.1042","1.1006","1.1064","1.1001","0.33%"
"Oct 10, 2019","1.1006","1.0972","1.1036","1.0971","0.32%"
"Oct 09, 2019","1.0971","1.0957","1.0991","1.0952","0.14%"
"Oct 08, 2019","1.0956","1.0971","1.0997","1.0941","-0.14%"
"Oct 07, 2019","1.0971","1.0975","1.1001","1.0961","-0.06%"
"Oct 04, 2019","1.0978","1.0964","1.0999","1.0957","0.11%"
"Oct 03, 2019","1.0966","1.0959","1.1001","1.0941","0.06%"
"Oct 02, 2019","1.0959","1.0932","1.0964","1.0903","0.25%"
"Oct 01, 2019","1.0932","1.0901","1.0944","1.0879","0.29%"
"Sep 30, 2019","1.0900","1.0940","1.0949","1.0885","-0.36%"
"Sep 27, 2019","1.0939","1.0920","1.0959","1.0904","0.16%"
"Sep 26, 2019","1.0922","1.0942","1.0968","1.0908","-0.19%"
"Sep 25, 2019","1.0943","1.1020","1.1025","1.0938","-0.70%"
"Sep 24, 2019","1.1020","1.0994","1.1026","1.0984","0.25%"
"Sep 23, 2019","1.0993","1.1016","1.1027","1.0966","-0.23%"
"Sep 20, 2019","1.1018","1.1041","1.1069","1.0995","-0.21%"
"Sep 19, 2019","1.1041","1.1029","1.1074","1.1022","0.10%"
"Sep 18, 2019","1.1030","1.1072","1.1076","1.1013","-0.39%"
"Sep 17, 2019","1.1073","1.1000","1.1076","1.0990","0.65%"
"Sep 16, 2019","1.1002","1.1087","1.1093","1.0994","-0.66%"
"Sep 13, 2019","1.1075","1.1064","1.1111","1.1055","0.11%"
"Sep 12, 2019","1.1063","1.1011","1.1088","1.0927","0.48%"
"Sep 11, 2019","1.1010","1.1043","1.1056","1.0984","-0.30%"
"Sep 10, 2019","1.1043","1.1045","1.1059","1.1030","-0.05%"
"Sep 09, 2019","1.1048","1.1024","1.1069","1.1016","0.17%"
"Sep 06, 2019","1.1029","1.1035","1.1058","1.1020","-0.05%"
"Sep 05, 2019","1.1035","1.1037","1.1086","1.1017","0.00%"
"Sep 04, 2019","1.1035","1.0974","1.1038","1.0969","0.56%"
"Sep 03, 2019","1.0974","1.0970","1.0980","1.0926","0.05%"
"Sep 02, 2019","1.0968","1.0990","1.1000","1.0958","-0.21%"
"Aug 30, 2019","1.0991","1.1058","1.1062","1.0963","-0.60%"
"Aug 29, 2019","1.1057","1.1078","1.1093","1.1042","-0.19%"
"Aug 28, 2019","1.1078","1.1090","1.1099","1.1072","-0.12%"
"Aug 27, 2019","1.1091","1.1101","1.1116","1.1084","-0.10%"
"Aug 26, 2019","1.1102","1.1147","1.1166","1.1094","-0.38%"
"Aug 23, 2019","1.1144","1.1079","1.1154","1.1051","0.59%"
"Aug 22, 2019","1.1079","1.1084","1.1114","1.1063","-0.05%"
"Aug 21, 2019","1.1085","1.1100","1.1109","1.1081","-0.14%"
"Aug 20, 2019","1.1100","1.1079","1.1107","1.1065","0.20%"
"Aug 19, 2019","1.1078","1.1092","1.1115","1.1076","-0.11%"
"Aug 16, 2019","1.1090","1.1106","1.1113","1.1066","-0.15%"
"Aug 15, 2019","1.1107","1.1138","1.1159","1.1090","-0.29%"
"Aug 14, 2019","1.1139","1.1170","1.1191","1.1130","-0.29%"
"Aug 13, 2019","1.1171","1.1214","1.1229","1.1171","-0.38%"
"Aug 12, 2019","1.1214","1.1204","1.1232","1.1162","0.12%"
"Aug 09, 2019","1.1200","1.1181","1.1224","1.1180","0.18%"
"Aug 08, 2019","1.1180","1.1199","1.1233","1.1177","-0.17%"
"Aug 07, 2019","1.1199","1.1199","1.1243","1.1180","-0.01%"
"Aug 06, 2019","1.1200","1.1203","1.1251","1.1168","-0.02%"
"Aug 05, 2019","1.1202","1.1101","1.1213","1.1101","0.84%"
"Aug 02, 2019","1.1109","1.1087","1.1118","1.1070","0.22%"
"Aug 01, 2019","1.1085","1.1076","1.1097","1.1027","0.08%"
"Jul 31, 2019","1.1076","1.1155","1.1163","1.1059","-0.71%"
"Jul 30, 2019","1.1155","1.1144","1.1162","1.1132","0.10%"
"Jul 29, 2019","1.1144","1.1126","1.1151","1.1112","0.15%"
"Jul 26, 2019","1.1127","1.1147","1.1152","1.1112","-0.18%"
"Jul 25, 2019","1.1147","1.1142","1.1189","1.1102","0.05%"
"Jul 24, 2019","1.1141","1.1152","1.1160","1.1127","-0.11%"
"Jul 23, 2019","1.1153","1.1210","1.1211","1.1146","-0.51%"
"Jul 22, 2019","1.1210","1.1218","1.1227","1.1206","-0.11%"
"Jul 19, 2019","1.1222","1.1277","1.1283","1.1204","-0.49%"
"Jul 18, 2019","1.1277","1.1224","1.1282","1.1205","0.47%"
"Jul 17, 2019","1.1224","1.1210","1.1234","1.1199","0.12%"
"Jul 16, 2019","1.1211","1.1258","1.1265","1.1202","-0.42%"
"Jul 15, 2019","1.1258","1.1268","1.1285","1.1252","-0.12%"
"Jul 12, 2019","1.1271","1.1254","1.1277","1.1238","0.15%"
"Jul 11, 2019","1.1254","1.1251","1.1287","1.1245","0.03%"
"Jul 10, 2019","1.1251","1.1208","1.1265","1.1202","0.38%"
"Jul 09, 2019","1.1208","1.1215","1.1221","1.1194","-0.06%"
"Jul 08, 2019","1.1215","1.1221","1.1235","1.1205","-0.10%"
"Jul 05, 2019","1.1226","1.1285","1.1289","1.1207","-0.52%"
"Jul 04, 2019","1.1285","1.1277","1.1296","1.1272","0.06%"
"Jul 03, 2019","1.1278","1.1284","1.1311","1.1268","-0.06%"
"Jul 02, 2019","1.1285","1.1286","1.1321","1.1275","0.00%"
"Jul 01, 2019","1.1285","1.1375","1.1375","1.1280","-0.75%"
"Jun 28, 2019","1.1370","1.1371","1.1395","1.1351","0.00%"
"Jun 27, 2019","1.1370","1.1369","1.1383","1.1348","0.01%"
"Jun 26, 2019","1.1369","1.1365","1.1392","1.1347","0.02%"
"Jun 25, 2019","1.1367","1.1400","1.1414","1.1344","-0.27%"
"Jun 24, 2019","1.1398","1.1361","1.1405","1.1361","0.26%"
"Jun 21, 2019","1.1368","1.1292","1.1379","1.1283","0.67%"
"Jun 20, 2019","1.1292","1.1225","1.1318","1.1225","0.59%"
"Jun 19, 2019","1.1226","1.1193","1.1254","1.1187","0.29%"
"Jun 18, 2019","1.1193","1.1219","1.1244","1.1181","-0.22%"
"Jun 17, 2019","1.1218","1.1215","1.1247","1.1203","0.08%"
"Jun 14, 2019","1.1209","1.1282","1.1291","1.1202","-0.60%"
"Jun 13, 2019","1.1277","1.1287","1.1305","1.1268","-0.11%"
"Jun 12, 2019","1.1289","1.1326","1.1345","1.1282","-0.38%"
"Jun 11, 2019","1.1332","1.1313","1.1340","1.1302","0.15%"
"Jun 10, 2019","1.1315","1.1324","1.1333","1.1291","-0.16%"
"Jun 07, 2019","1.1333","1.1276","1.1349","1.1251","0.51%"
"Jun 06, 2019","1.1276","1.1229","1.1310","1.1214","0.49%"
"Jun 05, 2019","1.1221","1.1251","1.1308","1.1219","-0.28%"
"Jun 04, 2019","1.1252","1.1241","1.1278","1.1226","0.10%"
"Jun 03, 2019","1.1241","1.1168","1.1263","1.1155","0.64%"
"May 31, 2019","1.1169","1.1134","1.1181","1.1125","0.34%"
"May 30, 2019","1.1131","1.1130","1.1144","1.1115","0.00%"
"May 29, 2019","1.1131","1.1162","1.1175","1.1124","-0.26%"
"May 28, 2019","1.1160","1.1198","1.1202","1.1158","-0.35%"
"May 27, 2019","1.1199","1.1197","1.1218","1.1186","-0.04%"
"May 24, 2019","1.1204","1.1183","1.1215","1.1175","0.21%"
"May 23, 2019","1.1180","1.1150","1.1187","1.1106","0.24%"
"May 22, 2019","1.1153","1.1166","1.1180","1.1145","-0.06%"
"May 21, 2019","1.1160","1.1171","1.1189","1.1142","-0.10%"
"May 20, 2019","1.1171","1.1158","1.1177","1.1148","0.12%"
"May 17, 2019","1.1158","1.1176","1.1186","1.1155","-0.14%"
"May 16, 2019","1.1174","1.1202","1.1227","1.1166","-0.25%"
"May 15, 2019","1.1202","1.1205","1.1226","1.1177","-0.02%"
"May 14, 2019","1.1204","1.1224","1.1247","1.1200","-0.18%"
"May 13, 2019","1.1224","1.1241","1.1266","1.1221","-0.10%"
"May 10, 2019","1.1235","1.1215","1.1255","1.1214","0.12%"
"May 09, 2019","1.1222","1.1194","1.1254","1.1174","0.27%"
"May 08, 2019","1.1192","1.1189","1.1215","1.1181","0.01%"
"May 07, 2019","1.1191","1.1198","1.1222","1.1165","-0.08%"
"May 06, 2019","1.1200","1.1173","1.1212","1.1160","-0.02%"
"May 03, 2019","1.1202","1.1178","1.1208","1.1135","0.21%"
"May 02, 2019","1.1179","1.1202","1.1221","1.1172","-0.15%"
"May 01, 2019","1.1196","1.1215","1.1267","1.1188","-0.19%"
"Apr 30, 2019","1.1217","1.1185","1.1232","1.1176","0.28%"
"Apr 29, 2019","1.1186","1.1153","1.1191","1.1140","0.33%"
"Apr 26, 2019","1.1149","1.1130","1.1175","1.1111","0.15%"
"Apr 25, 2019","1.1132","1.1160","1.1164","1.1118","-0.20%"
"Apr 24, 2019","1.1154","1.1229","1.1233","1.1141","-0.65%"
"Apr 23, 2019","1.1227","1.1259","1.1264","1.1192","-0.28%"
"Apr 22, 2019","1.1258","1.1246","1.1265","1.1237","0.09%"
"Apr 19, 2019","1.1248","1.1240","1.1255","1.1229","0.15%"
"Apr 18, 2019","1.1231","1.1297","1.1307","1.1226","-0.58%"
"Apr 17, 2019","1.1297","1.1282","1.1326","1.1280","0.14%"
"Apr 16, 2019","1.1281","1.1304","1.1315","1.1279","-0.25%"
"Apr 15, 2019","1.1309","1.1300","1.1323","1.1296","0.06%"
"Apr 12, 2019","1.1302","1.1255","1.1327","1.1253","0.44%"
"Apr 11, 2019","1.1253","1.1274","1.1293","1.1249","-0.19%"
"Apr 10, 2019","1.1274","1.1261","1.1286","1.1228","0.10%"
"Apr 09, 2019","1.1263","1.1272","1.1287","1.1255","0.02%"
"Apr 08, 2019","1.1261","1.1218","1.1277","1.1213","0.40%"
"Apr 05, 2019","1.1216","1.1223","1.1246","1.1210","-0.04%"
"Apr 04, 2019","1.1221","1.1233","1.1249","1.1205","-0.12%"
"Apr 03, 2019","1.1235","1.1204","1.1256","1.1200","0.28%"
"Apr 02, 2019","1.1204","1.1217","1.1220","1.1183","-0.08%"
"Apr 01, 2019","1.1213","1.1217","1.1250","1.1202","-0.04%"
"Mar 29, 2019","1.1218","1.1220","1.1248","1.1208","-0.04%"
"Mar 28, 2019","1.1222","1.1244","1.1264","1.1214","-0.22%"
"Mar 27, 2019","1.1247","1.1266","1.1286","1.1240","-0.17%"
"Mar 26, 2019","1.1266","1.1313","1.1329","1.1263","-0.42%"
"Mar 25, 2019","1.1313","1.1294","1.1334","1.1284","-0.01%"
"Mar 22, 2019","1.1314","1.1376","1.1393","1.1272","-0.54%"
"Mar 21, 2019","1.1375","1.1413","1.1440","1.1342","-0.34%"
"Mar 20, 2019","1.1414","1.1352","1.1450","1.1336","0.55%"
"Mar 19, 2019","1.1352","1.1338","1.1364","1.1334","0.13%"
"Mar 18, 2019","1.1337","1.1322","1.1360","1.1316","0.11%"
"Mar 15, 2019","1.1325","1.1304","1.1345","1.1295","0.19%"
"Mar 14, 2019","1.1304","1.1330","1.1343","1.1294","-0.20%"
"Mar 13, 2019","1.1327","1.1288","1.1341","1.1277","0.35%"
"Mar 12, 2019","1.1288","1.1249","1.1309","1.1244","0.35%"
"Mar 11, 2019","1.1249","1.1240","1.1260","1.1222","0.08%"
"Mar 08, 2019","1.1240","1.1194","1.1248","1.1185","0.41%"
"Mar 07, 2019","1.1194","1.1306","1.1322","1.1176","-1.00%"
"Mar 06, 2019","1.1307","1.1313","1.1328","1.1286","-0.01%"
"Mar 05, 2019","1.1308","1.1339","1.1353","1.1290","-0.28%"
"Mar 04, 2019","1.1340","1.1380","1.1398","1.1309","-0.33%"
"Mar 01, 2019","1.1377","1.1372","1.1410","1.1353","0.05%"
"Feb 28, 2019","1.1371","1.1371","1.1421","1.1357","0.02%"
"Feb 27, 2019","1.1369","1.1396","1.1404","1.1360","-0.16%"
"Feb 26, 2019","1.1387","1.1366","1.1404","1.1343","0.25%"
"Feb 25, 2019","1.1359","1.1338","1.1369","1.1323","0.14%"
"Feb 22, 2019","1.1343","1.1337","1.1360","1.1315","0.06%"
"Feb 21, 2019","1.1336","1.1338","1.1368","1.1320","-0.01%"
"Feb 20, 2019","1.1337","1.1342","1.1374","1.1324","-0.04%"
"Feb 19, 2019","1.1341","1.1310","1.1358","1.1274","0.27%"
"Feb 18, 2019","1.1311","1.1288","1.1337","1.1284","0.14%"
"Feb 15, 2019","1.1295","1.1295","1.1313","1.1233","-0.05%"
"Feb 14, 2019","1.1301","1.1262","1.1313","1.1247","0.30%"
"Feb 13, 2019","1.1267","1.1326","1.1346","1.1260","-0.51%"
"Feb 12, 2019","1.1325","1.1280","1.1342","1.1256","0.43%"
"Feb 11, 2019","1.1276","1.1328","1.1331","1.1264","-0.48%"
"Feb 08, 2019","1.1330","1.1346","1.1355","1.1320","-0.10%"
"Feb 07, 2019","1.1341","1.1360","1.1375","1.1322","-0.18%"
"Feb 06, 2019","1.1362","1.1406","1.1420","1.1359","-0.46%"
"Feb 05, 2019","1.1415","1.1442","1.1456","1.1400","-0.20%"
"Feb 04, 2019","1.1438","1.1457","1.1467","1.1421","-0.16%"
"Feb 01, 2019","1.1456","1.1447","1.1490","1.1433","0.09%"
"Jan 31, 2019","1.1446","1.1480","1.1517","1.1434","-0.29%"
"Jan 30, 2019","1.1479","1.1433","1.1503","1.1404","0.41%"
"Jan 29, 2019","1.1432","1.1428","1.1453","1.1410","-0.02%"
"Jan 28, 2019","1.1434","1.1404","1.1445","1.1388","0.17%"
"Jan 25, 2019","1.1415","1.1306","1.1421","1.1298","0.96%"
"Jan 24, 2019","1.1306","1.1380","1.1398","1.1287","-0.66%"
"Jan 23, 2019","1.1381","1.1358","1.1397","1.1348","0.19%"
"Jan 22, 2019","1.1359","1.1365","1.1386","1.1334","-0.06%"
"Jan 21, 2019","1.1366","1.1371","1.1409","1.1355","0.03%"
"Jan 18, 2019","1.1363","1.1389","1.1413","1.1352","-0.31%"
"Jan 17, 2019","1.1398","1.1396","1.1410","1.1369","-0.02%"
"Jan 16, 2019","1.1400","1.1414","1.1429","1.1377","-0.15%"
"Jan 15, 2019","1.1417","1.1473","1.1494","1.1381","-0.52%"
"Jan 14, 2019","1.1477","1.1471","1.1485","1.1440","0.07%"
"Jan 11, 2019","1.1469","1.1499","1.1542","1.1457","-0.27%"
"Jan 10, 2019","1.1500","1.1542","1.1572","1.1485","-0.37%"
"Jan 09, 2019","1.1543","1.1444","1.1556","1.1435","0.88%"
"Jan 08, 2019","1.1442","1.1476","1.1487","1.1422","-0.30%"
"Jan 07, 2019","1.1476","1.1392","1.1485","1.1392","0.71%"
"Jan 04, 2019","1.1395","1.1393","1.1422","1.1345","0.01%"
"Jan 03, 2019","1.1394","1.1345","1.1413","1.1309","0.45%"
"Jan 02, 2019","1.1343","1.1464","1.1499","1.1325","-1.06%"
"Jan 01, 2019","1.1464","1.1466","1.1481","1.1425","-0.05%"
"Dec 31, 2018","1.1470","1.1443","1.1470","1.1421","0.28%"
"Dec 28, 2018","1.1438","1.1429","1.1478","1.1424","0.07%"
"Dec 27, 2018","1.1430","1.1353","1.1457","1.1349","0.68%"
"Dec 26, 2018","1.1353","1.1363","1.1423","1.1342","-0.08%"
"Dec 25, 2018","1.1362","1.1400","1.1429","1.1361","-0.33%"
"Dec 24, 2018","1.1400","1.1370","1.1439","1.1350","0.27%"
"Dec 21, 2018","1.1369","1.1447","1.1477","1.1353","-0.67%"
"Dec 20, 2018","1.1446","1.1377","1.1487","1.1371","0.61%"
"Dec 19, 2018","1.1377","1.1361","1.1442","1.1360","0.14%"
"Dec 18, 2018","1.1361","1.1346","1.1402","1.1336","0.12%"
"Dec 17, 2018","1.1347","1.1308","1.1360","1.1299","0.34%"
"Dec 14, 2018","1.1309","1.1362","1.1374","1.1268","-0.48%"
"Dec 13, 2018","1.1363","1.1369","1.1396","1.1330","-0.04%"
"Dec 12, 2018","1.1368","1.1317","1.1388","1.1312","0.46%"
"Dec 11, 2018","1.1316","1.1361","1.1402","1.1304","-0.35%"
"Dec 10, 2018","1.1356","1.1401","1.1444","1.1349","-0.19%"
"Dec 07, 2018","1.1378","1.1377","1.1425","1.1359","0.02%"
"Dec 06, 2018","1.1376","1.1345","1.1414","1.1321","0.28%"
"Dec 05, 2018","1.1344","1.1342","1.1361","1.1309","-0.01%"
"Dec 04, 2018","1.1345","1.1354","1.1421","1.1318","-0.08%"
"Dec 03, 2018","1.1354","1.1315","1.1382","1.1315","0.33%"
"Nov 30, 2018","1.1317","1.1395","1.1402","1.1304","-0.67%"
"Nov 29, 2018","1.1393","1.1367","1.1403","1.1348","0.24%"
"Nov 28, 2018","1.1366","1.1291","1.1387","1.1264","0.69%"
"Nov 27, 2018","1.1288","1.1326","1.1344","1.1276","-0.35%"
"Nov 26, 2018","1.1328","1.1343","1.1385","1.1323","-0.11%"
"Nov 23, 2018","1.1341","1.1403","1.1422","1.1325","-0.59%"
"Nov 22, 2018","1.1408","1.1382","1.1434","1.1378","0.20%"
"Nov 21, 2018","1.1385","1.1371","1.1426","1.1363","0.12%"
"Nov 20, 2018","1.1371","1.1453","1.1473","1.1357","-0.72%"
"Nov 19, 2018","1.1453","1.1403","1.1467","1.1393","0.29%"
"Nov 16, 2018","1.1420","1.1330","1.1423","1.1320","0.81%"
"Nov 15, 2018","1.1328","1.1309","1.1364","1.1271","0.16%"
"Nov 14, 2018","1.1310","1.1290","1.1349","1.1262","0.17%"
"Nov 13, 2018","1.1291","1.1219","1.1296","1.1216","0.65%"
"Nov 12, 2018","1.1218","1.1331","1.1333","1.1214","-1.04%"
"Nov 09, 2018","1.1336","1.1364","1.1371","1.1315","-0.24%"
"Nov 08, 2018","1.1363","1.1425","1.1448","1.1352","-0.55%"
"Nov 07, 2018","1.1426","1.1427","1.1502","1.1395","-0.01%"
"Nov 06, 2018","1.1427","1.1406","1.1440","1.1389","0.18%"
"Nov 05, 2018","1.1407","1.1391","1.1425","1.1356","0.18%"
"Nov 02, 2018","1.1387","1.1408","1.1458","1.1372","-0.19%"
"Nov 01, 2018","1.1409","1.1311","1.1426","1.1306","0.86%"
"Oct 31, 2018","1.1312","1.1345","1.1363","1.1301","-0.28%"
"Oct 30, 2018","1.1344","1.1372","1.1387","1.1338","-0.25%"
"Oct 29, 2018","1.1373","1.1408","1.1418","1.1361","-0.26%"
"Oct 26, 2018","1.1403","1.1376","1.1422","1.1334","0.24%"
"Oct 25, 2018","1.1376","1.1392","1.1434","1.1355","-0.14%"
"Oct 24, 2018","1.1392","1.1470","1.1477","1.1378","-0.69%"
"Oct 23, 2018","1.1471","1.1466","1.1495","1.1438","0.05%"
"Oct 22, 2018","1.1465","1.1507","1.1552","1.1455","-0.43%"
"Oct 19, 2018","1.1515","1.1451","1.1536","1.1433","0.54%"
"Oct 18, 2018","1.1453","1.1500","1.1528","1.1448","-0.42%"
"Oct 17, 2018","1.1501","1.1575","1.1585","1.1495","-0.64%"
"Oct 16, 2018","1.1575","1.1580","1.1623","1.1564","-0.03%"
"Oct 15, 2018","1.1579","1.1559","1.1608","1.1537","0.14%"
"Oct 12, 2018","1.1563","1.1592","1.1611","1.1534","-0.27%"
"Oct 11, 2018","1.1594","1.1519","1.1600","1.1517","0.64%"
"Oct 10, 2018","1.1520","1.1491","1.1547","1.1479","0.26%"
"Oct 09, 2018","1.1490","1.1491","1.1504","1.1430","-0.02%"
"Oct 08, 2018","1.1492","1.1520","1.1536","1.1459","-0.28%"
"Oct 05, 2018","1.1524","1.1513","1.1550","1.1483","0.08%"
"Oct 04, 2018","1.1515","1.1478","1.1543","1.1464","0.32%"
"Oct 03, 2018","1.1478","1.1548","1.1595","1.1465","-0.61%"
"Oct 02, 2018","1.1548","1.1578","1.1582","1.1506","-0.26%"
"Oct 01, 2018","1.1578","1.1609","1.1630","1.1563","-0.27%"
"Sep 28, 2018","1.1609","1.1641","1.1652","1.1567","-0.27%"
"Sep 27, 2018","1.1641","1.1740","1.1759","1.1637","-0.84%"
"Sep 26, 2018","1.1740","1.1767","1.1799","1.1726","-0.27%"
"Sep 25, 2018","1.1772","1.1748","1.1793","1.1730","0.20%"
"Sep 24, 2018","1.1748","1.1751","1.1817","1.1723","-0.02%"
"Sep 21, 2018","1.1750","1.1776","1.1804","1.1731","-0.23%"
"Sep 20, 2018","1.1777","1.1671","1.1786","1.1665","0.89%"
"Sep 19, 2018","1.1673","1.1667","1.1716","1.1648","0.05%"
"Sep 18, 2018","1.1667","1.1684","1.1726","1.1651","-0.14%"
"Sep 17, 2018","1.1683","1.1623","1.1699","1.1617","0.46%"
"Sep 14, 2018","1.1630","1.1690","1.1724","1.1619","-0.51%"
"Sep 13, 2018","1.1690","1.1627","1.1703","1.1608","0.55%"
"Sep 12, 2018","1.1626","1.1604","1.1651","1.1570","0.16%"
"Sep 11, 2018","1.1607","1.1594","1.1645","1.1565","0.11%"
"Sep 10, 2018","1.1594","1.1560","1.1617","1.1526","0.35%"
"Sep 07, 2018","1.1553","1.1624","1.1651","1.1550","-0.59%"
"Sep 06, 2018","1.1622","1.1629","1.1660","1.1603","-0.06%"
"Sep 05, 2018","1.1629","1.1581","1.1640","1.1542","0.41%"
"Sep 04, 2018","1.1582","1.1623","1.1629","1.1528","-0.36%"
"Sep 03, 2018","1.1624","1.1596","1.1629","1.1583","0.20%"
"Aug 31, 2018","1.1601","1.1671","1.1692","1.1585","-0.60%"
"Aug 30, 2018","1.1671","1.1707","1.1720","1.1641","-0.32%"
"Aug 29, 2018","1.1708","1.1695","1.1712","1.1652","0.11%"
"Aug 28, 2018","1.1695","1.1678","1.1735","1.1662","0.15%"
"Aug 27, 2018","1.1678","1.1631","1.1694","1.1592","0.47%"
"Aug 24, 2018","1.1623","1.1540","1.1641","1.1533","0.73%"
"Aug 23, 2018","1.1539","1.1596","1.1601","1.1530","-0.50%"
"Aug 22, 2018","1.1597","1.1570","1.1624","1.1551","0.22%"
"Aug 21, 2018","1.1571","1.1482","1.1602","1.1479","0.78%"
"Aug 20, 2018","1.1481","1.1442","1.1486","1.1394","0.37%"
"Aug 17, 2018","1.1439","1.1377","1.1447","1.1365","0.54%"
"Aug 16, 2018","1.1377","1.1345","1.1411","1.1335","0.28%"
"Aug 15, 2018","1.1345","1.1344","1.1357","1.1299","0.01%"
"Aug 14, 2018","1.1344","1.1410","1.1431","1.1330","-0.57%"
"Aug 13, 2018","1.1409","1.1389","1.1434","1.1364","-0.02%"
"Aug 10, 2018","1.1411","1.1526","1.1537","1.1384","-1.01%"
"Aug 09, 2018","1.1527","1.1609","1.1620","1.1525","-0.72%"
"Aug 08, 2018","1.1611","1.1598","1.1629","1.1571","0.10%"
"Aug 07, 2018","1.1599","1.1555","1.1610","1.1547","0.39%"
"Aug 06, 2018","1.1554","1.1571","1.1574","1.1527","-0.11%"
"Aug 03, 2018","1.1567","1.1583","1.1611","1.1559","-0.15%"
"Aug 02, 2018","1.1584","1.1660","1.1669","1.1582","-0.65%"
"Aug 01, 2018","1.1660","1.1691","1.1701","1.1656","-0.27%"
"Jul 31, 2018","1.1691","1.1706","1.1745","1.1682","-0.13%"
"Jul 30, 2018","1.1706","1.1660","1.1721","1.1648","0.41%"
"Jul 27, 2018","1.1658","1.1643","1.1665","1.1621","0.13%"
"Jul 26, 2018","1.1643","1.1728","1.1744","1.1639","-0.72%"
"Jul 25, 2018","1.1728","1.1684","1.1739","1.1663","0.36%"
"Jul 24, 2018","1.1686","1.1692","1.1719","1.1654","-0.05%"
"Jul 23, 2018","1.1692","1.1730","1.1752","1.1682","-0.24%"
"Jul 20, 2018","1.1720","1.1644","1.1740","1.1626","0.66%"
"Jul 19, 2018","1.1643","1.1639","1.1680","1.1574","0.03%"
"Jul 18, 2018","1.1639","1.1660","1.1665","1.1601","-0.19%"
"Jul 17, 2018","1.1661","1.1711","1.1746","1.1650","-0.42%"
"Jul 16, 2018","1.1710","1.1676","1.1726","1.1674","0.21%"
"Jul 13, 2018","1.1685","1.1669","1.1688","1.1610","0.11%"
"Jul 12, 2018","1.1672","1.1674","1.1697","1.1648","-0.02%"
"Jul 11, 2018","1.1674","1.1745","1.1760","1.1665","-0.60%"
"Jul 10, 2018","1.1744","1.1751","1.1764","1.1690","-0.06%"
"Jul 09, 2018","1.1751","1.1748","1.1792","1.1731","0.03%"
"Jul 06, 2018","1.1747","1.1690","1.1769","1.1679","0.48%"
"Jul 05, 2018","1.1691","1.1655","1.1722","1.1649","0.30%"
"Jul 04, 2018","1.1656","1.1658","1.1684","1.1629","-0.01%"
"Jul 03, 2018","1.1657","1.1641","1.1675","1.1621","0.14%"
"Jul 02, 2018","1.1641","1.1651","1.1699","1.1590","-0.38%"
"Jun 29, 2018","1.1685","1.1569","1.1692","1.1558","1.00%"
"Jun 28, 2018","1.1569","1.1555","1.1602","1.1527","0.13%"
"Jun 27, 2018","1.1554","1.1647","1.1674","1.1541","-0.80%"
"Jun 26, 2018","1.1647","1.1704","1.1722","1.1635","-0.49%"
"Jun 25, 2018","1.1704","1.1659","1.1715","1.1627","0.40%"
"Jun 22, 2018","1.1657","1.1604","1.1677","1.1600","0.47%"
"Jun 21, 2018","1.1603","1.1572","1.1635","1.1509","0.27%"
"Jun 20, 2018","1.1572","1.1590","1.1602","1.1537","-0.16%"
"Jun 19, 2018","1.1590","1.1624","1.1646","1.1530","-0.28%"
"Jun 18, 2018","1.1623","1.1609","1.1625","1.1563","0.12%"
"Jun 15, 2018","1.1609","1.1568","1.1629","1.1543","0.35%"
"Jun 14, 2018","1.1569","1.1791","1.1853","1.1562","-1.88%"
"Jun 13, 2018","1.1791","1.1745","1.1803","1.1725","0.39%"
"Jun 12, 2018","1.1745","1.1784","1.1811","1.1733","-0.33%"
"Jun 11, 2018","1.1784","1.1766","1.1822","1.1754","0.14%"
"Jun 08, 2018","1.1768","1.1800","1.1812","1.1726","-0.26%"
"Jun 07, 2018","1.1799","1.1774","1.1842","1.1772","0.22%"
"Jun 06, 2018","1.1773","1.1717","1.1797","1.1708","0.47%"
"Jun 05, 2018","1.1718","1.1698","1.1733","1.1652","0.16%"
"Jun 04, 2018","1.1699","1.1656","1.1744","1.1652","0.33%"
"Jun 01, 2018","1.1661","1.1691","1.1718","1.1617","-0.27%"
"May 31, 2018","1.1692","1.1665","1.1726","1.1641","0.25%"
"May 30, 2018","1.1663","1.1540","1.1678","1.1518","1.07%"
"May 29, 2018","1.1540","1.1625","1.1641","1.1508","-0.71%"
"May 28, 2018","1.1623","1.1651","1.1729","1.1605","-0.25%"
"May 25, 2018","1.1652","1.1720","1.1735","1.1645","-0.58%"
"May 24, 2018","1.1720","1.1695","1.1750","1.1688","0.20%"
"May 23, 2018","1.1697","1.1778","1.1790","1.1675","-0.70%"
"May 22, 2018","1.1779","1.1792","1.1830","1.1754","-0.10%"
"May 21, 2018","1.1791","1.1764","1.1797","1.1717","0.11%"
"May 18, 2018","1.1778","1.1796","1.1825","1.1749","-0.14%"
"May 17, 2018","1.1795","1.1808","1.1839","1.1775","-0.10%"
"May 16, 2018","1.1807","1.1837","1.1854","1.1762","-0.26%"
"May 15, 2018","1.1838","1.1925","1.1939","1.1817","-0.75%"
"May 14, 2018","1.1927","1.1947","1.1998","1.1926","-0.14%"
"May 11, 2018","1.1944","1.1917","1.1970","1.1891","0.24%"
"May 10, 2018","1.1915","1.1852","1.1948","1.1843","0.55%"
"May 09, 2018","1.1850","1.1863","1.1898","1.1822","-0.12%"
"May 08, 2018","1.1864","1.1924","1.1941","1.1838","-0.49%"
"May 07, 2018","1.1922","1.1953","1.1980","1.1898","-0.32%"
"May 04, 2018","1.1960","1.1989","1.1997","1.1911","-0.23%"
"May 03, 2018","1.1988","1.1951","1.2009","1.1946","0.31%"
"May 02, 2018","1.1951","1.1992","1.2033","1.1938","-0.35%"
"May 01, 2018","1.1993","1.2076","1.2086","1.1981","-0.71%"
"Apr 30, 2018","1.2079","1.2125","1.2141","1.2064","-0.42%"
"Apr 27, 2018","1.2130","1.2105","1.2135","1.2055","0.22%"
"Apr 26, 2018","1.2103","1.2161","1.2211","1.2096","-0.48%"
"Apr 25, 2018","1.2161","1.2232","1.2240","1.2160","-0.58%"
"Apr 24, 2018","1.2232","1.2209","1.2247","1.2182","0.19%"
"Apr 23, 2018","1.2209","1.2289","1.2292","1.2198","-0.64%"
"Apr 20, 2018","1.2288","1.2346","1.2354","1.2250","-0.47%"
"Apr 19, 2018","1.2346","1.2373","1.2402","1.2329","-0.22%"
"Apr 18, 2018","1.2373","1.2369","1.2398","1.2343","0.02%"
"Apr 17, 2018","1.2370","1.2378","1.2413","1.2335","-0.08%"
"Apr 16, 2018","1.2380","1.2330","1.2395","1.2325","0.40%"
"Apr 13, 2018","1.2331","1.2327","1.2348","1.2307","0.03%"
"Apr 12, 2018","1.2327","1.2368","1.2382","1.2300","-0.32%"
"Apr 11, 2018","1.2367","1.2357","1.2397","1.2347","0.09%"
"Apr 10, 2018","1.2356","1.2320","1.2379","1.2303","0.28%"
"Apr 09, 2018","1.2321","1.2279","1.2331","1.2261","0.31%"
"Apr 06, 2018","1.2283","1.2240","1.2292","1.2214","0.35%"
"Apr 05, 2018","1.2240","1.2278","1.2292","1.2218","-0.31%"
"Apr 04, 2018","1.2278","1.2269","1.2315","1.2256","0.07%"
"Apr 03, 2018","1.2270","1.2304","1.2336","1.2253","-0.26%"
"Apr 02, 2018","1.2302","1.2323","1.2346","1.2282","-0.17%"
"Mar 30, 2018","1.2323","1.2301","1.2331","1.2293","0.17%"
"Mar 29, 2018","1.2302","1.2308","1.2335","1.2282","-0.05%"
"Mar 28, 2018","1.2308","1.2403","1.2424","1.2300","-0.77%"
"Mar 27, 2018","1.2403","1.2444","1.2478","1.2373","-0.32%"
"Mar 26, 2018","1.2443","1.2348","1.2463","1.2341","0.73%"
"Mar 23, 2018","1.2353","1.2302","1.2375","1.2301","0.41%"
"Mar 22, 2018","1.2302","1.2337","1.2389","1.2285","-0.29%"
"Mar 21, 2018","1.2338","1.2242","1.2351","1.2241","0.78%"
"Mar 20, 2018","1.2242","1.2335","1.2356","1.2239","-0.75%"
"Mar 19, 2018","1.2335","1.2284","1.2361","1.2258","0.37%"
"Mar 16, 2018","1.2289","1.2305","1.2338","1.2261","-0.13%"
"Mar 15, 2018","1.2305","1.2366","1.2385","1.2299","-0.50%"
"Mar 14, 2018","1.2367","1.2390","1.2414","1.2347","-0.19%"
"Mar 13, 2018","1.2390","1.2334","1.2408","1.2314","0.45%"
"Mar 12, 2018","1.2334","1.2311","1.2347","1.2291","0.22%"
"Mar 09, 2018","1.2307","1.2312","1.2336","1.2273","-0.04%"
"Mar 08, 2018","1.2312","1.2411","1.2448","1.2298","-0.81%"
"Mar 07, 2018","1.2413","1.2404","1.2445","1.2385","0.07%"
"Mar 06, 2018","1.2404","1.2336","1.2422","1.2328","0.55%"
"Mar 05, 2018","1.2336","1.2323","1.2366","1.2268","0.15%"
"Mar 02, 2018","1.2317","1.2266","1.2336","1.2250","0.40%"
"Mar 01, 2018","1.2268","1.2193","1.2272","1.2153","0.61%"
"Feb 28, 2018","1.2194","1.2232","1.2243","1.2188","-0.31%"
"Feb 27, 2018","1.2232","1.2317","1.2348","1.2221","-0.70%"
"Feb 26, 2018","1.2318","1.2299","1.2356","1.2278","0.20%"
"Feb 23, 2018","1.2293","1.2329","1.2337","1.2279","-0.31%"
"Feb 22, 2018","1.2331","1.2283","1.2354","1.2260","0.38%"
"Feb 21, 2018","1.2284","1.2338","1.2361","1.2281","-0.44%"
"Feb 20, 2018","1.2338","1.2409","1.2414","1.2320","-0.56%"
"Feb 19, 2018","1.2408","1.2409","1.2435","1.2368","0.02%"
"Feb 16, 2018","1.2406","1.2506","1.2557","1.2394","-0.80%"
"Feb 15, 2018","1.2506","1.2449","1.2511","1.2447","0.45%"
"Feb 14, 2018","1.2450","1.2352","1.2467","1.2276","0.79%"
"Feb 13, 2018","1.2352","1.2293","1.2373","1.2285","0.49%"
"Feb 12, 2018","1.2292","1.2253","1.2298","1.2234","0.47%"
"Feb 09, 2018","1.2235","1.2245","1.2289","1.2206","-0.10%"
"Feb 08, 2018","1.2247","1.2264","1.2297","1.2212","-0.14%"
"Feb 07, 2018","1.2264","1.2378","1.2407","1.2247","-0.91%"
"Feb 06, 2018","1.2377","1.2367","1.2434","1.2314","0.07%"
"Feb 05, 2018","1.2368","1.2455","1.2475","1.2362","-0.75%"
"Feb 02, 2018","1.2462","1.2508","1.2519","1.2409","-0.38%"
"Feb 01, 2018","1.2510","1.2414","1.2524","1.2386","0.72%"
"Jan 31, 2018","1.2421","1.2401","1.2476","1.2386","0.15%"
"Jan 30, 2018","1.2402","1.2383","1.2455","1.2335","0.15%"
"Jan 29, 2018","1.2383","1.2427","1.2436","1.2336","-0.31%"
"Jan 26, 2018","1.2421","1.2395","1.2495","1.2371","0.20%"
"Jan 25, 2018","1.2396","1.2408","1.2537","1.2364","-0.10%"
"Jan 24, 2018","1.2408","1.2299","1.2417","1.2293","0.89%"
"Jan 23, 2018","1.2299","1.2263","1.2308","1.2223","0.30%"
"Jan 22, 2018","1.2262","1.2268","1.2276","1.2214","0.33%"
"Jan 19, 2018","1.2222","1.2236","1.2296","1.2219","-0.14%"
"Jan 18, 2018","1.2239","1.2186","1.2267","1.2165","0.43%"
"Jan 17, 2018","1.2186","1.2260","1.2324","1.2176","-0.61%"
"Jan 16, 2018","1.2261","1.2265","1.2284","1.2194","-0.02%"
"Jan 15, 2018","1.2263","1.2198","1.2298","1.2188","0.62%"
"Jan 12, 2018","1.2187","1.2033","1.2190","1.2031","1.29%"
"Jan 11, 2018","1.2032","1.1946","1.2060","1.1928","0.71%"
"Jan 10, 2018","1.1947","1.1938","1.2019","1.1923","0.08%"
"Jan 09, 2018","1.1937","1.1967","1.1977","1.1916","-0.25%"
"Jan 08, 2018","1.1967","1.2029","1.2054","1.1956","-0.52%"
"Jan 05, 2018","1.2030","1.2068","1.2085","1.2021","-0.31%"
"Jan 04, 2018","1.2068","1.2015","1.2090","1.2004","0.45%"
"Jan 03, 2018","1.2014","1.2058","1.2070","1.2001","-0.37%"
"Jan 02, 2018","1.2059","1.2013","1.2084","1.2003","0.41%"
"Jan 01, 2018","1.2010","1.2003","1.2014","1.1995","0.10%"
"Dec 29, 2017","1.1998","1.1943","1.2030","1.1937","0.46%"
"Dec 28, 2017","1.1943","1.1888","1.1961","1.1888","0.46%"
"Dec 27, 2017","1.1888","1.1859","1.1912","1.1855","0.24%"
"Dec 26, 2017","1.1859","1.1867","1.1879","1.1845","-0.08%"
"Dec 25, 2017","1.1869","1.1850","1.1882","1.1842","0.08%"
"Dec 22, 2017","1.1859","1.1874","1.1878","1.1817","-0.12%"
"Dec 21, 2017","1.1873","1.1871","1.1889","1.1848","0.02%"
"Dec 20, 2017","1.1871","1.1840","1.1903","1.1829","0.26%"
"Dec 19, 2017","1.1840","1.1782","1.1851","1.1777","0.49%"
"Dec 18, 2017","1.1782","1.1753","1.1834","1.1737","0.24%"
"Dec 15, 2017","1.1754","1.1778","1.1814","1.1751","-0.20%"
"Dec 14, 2017","1.1778","1.1826","1.1863","1.1770","-0.41%"
"Dec 13, 2017","1.1826","1.1743","1.1832","1.1729","0.72%"
"Dec 12, 2017","1.1742","1.1770","1.1794","1.1718","-0.22%"
"Dec 11, 2017","1.1768","1.1767","1.1812","1.1762","0.03%"
"Dec 08, 2017","1.1764","1.1771","1.1778","1.1728","-0.08%"
"Dec 07, 2017","1.1773","1.1796","1.1816","1.1772","-0.19%"
"Dec 06, 2017","1.1796","1.1825","1.1849","1.1780","-0.25%"
"Dec 05, 2017","1.1826","1.1866","1.1879","1.1801","-0.34%"
"Dec 04, 2017","1.1866","1.1882","1.1890","1.1830","-0.21%"
"Dec 01, 2017","1.1891","1.1904","1.1942","1.1851","-0.11%"
"Nov 30, 2017","1.1904","1.1847","1.1933","1.1809","0.48%"
"Nov 29, 2017","1.1847","1.1841","1.1884","1.1817","0.05%"
"Nov 28, 2017","1.1841","1.1898","1.1921","1.1827","-0.48%"
"Nov 27, 2017","1.1898","1.1933","1.1962","1.1896","-0.27%"
"Nov 24, 2017","1.1930","1.1850","1.1945","1.1836","0.67%"
"Nov 23, 2017","1.1851","1.1822","1.1857","1.1812","0.25%"
"Nov 22, 2017","1.1822","1.1738","1.1829","1.1733","0.72%"
"Nov 21, 2017","1.1738","1.1732","1.1759","1.1713","0.05%"
"Nov 20, 2017","1.1732","1.1789","1.1808","1.1721","-0.53%"
"Nov 17, 2017","1.1795","1.1771","1.1823","1.1766","0.21%"
"Nov 16, 2017","1.1770","1.1792","1.1802","1.1756","-0.19%"
"Nov 15, 2017","1.1792","1.1797","1.1861","1.1784","-0.05%"
"Nov 14, 2017","1.1798","1.1667","1.1807","1.1660","1.12%"
"Nov 13, 2017","1.1667","1.1666","1.1677","1.1638","0.02%"
"Nov 10, 2017","1.1665","1.1642","1.1680","1.1623","0.20%"
"Nov 09, 2017","1.1642","1.1596","1.1657","1.1586","0.41%"
"Nov 08, 2017","1.1595","1.1586","1.1612","1.1579","0.08%"
"Nov 07, 2017","1.1586","1.1609","1.1618","1.1554","-0.21%"
"Nov 06, 2017","1.1610","1.1609","1.1625","1.1579","0.01%"
"Nov 03, 2017","1.1609","1.1660","1.1692","1.1599","-0.42%"
"Nov 02, 2017","1.1658","1.1619","1.1689","1.1613","0.34%"
"Nov 01, 2017","1.1619","1.1646","1.1659","1.1607","-0.23%"
"Oct 31, 2017","1.1646","1.1651","1.1663","1.1625","-0.04%"
"Oct 30, 2017","1.1651","1.1603","1.1660","1.1594","0.35%"
"Oct 27, 2017","1.1610","1.1650","1.1659","1.1575","-0.34%"
"Oct 26, 2017","1.1650","1.1811","1.1837","1.1640","-1.38%"
"Oct 25, 2017","1.1813","1.1760","1.1819","1.1752","0.44%"
"Oct 24, 2017","1.1761","1.1749","1.1794","1.1743","0.10%"
"Oct 23, 2017","1.1749","1.1773","1.1779","1.1725","-0.31%"
"Oct 20, 2017","1.1785","1.1853","1.1859","1.1763","-0.57%"
"Oct 19, 2017","1.1852","1.1788","1.1860","1.1768","0.55%"
"Oct 18, 2017","1.1787","1.1764","1.1805","1.1729","0.18%"
"Oct 17, 2017","1.1766","1.1797","1.1801","1.1735","-0.26%"
"Oct 16, 2017","1.1797","1.1825","1.1826","1.1781","-0.22%"
"Oct 13, 2017","1.1823","1.1829","1.1875","1.1804","-0.06%"
"Oct 12, 2017","1.1830","1.1862","1.1882","1.1826","-0.24%"
"Oct 11, 2017","1.1859","1.1808","1.1871","1.1795","0.45%"
"Oct 10, 2017","1.1806","1.1739","1.1825","1.1738","0.55%"
"Oct 09, 2017","1.1741","1.1728","1.1758","1.1718","0.06%"
"Oct 06, 2017","1.1734","1.1710","1.1739","1.1668","0.20%"
"Oct 05, 2017","1.1711","1.1758","1.1780","1.1698","-0.42%"
"Oct 04, 2017","1.1760","1.1743","1.1788","1.1733","0.14%"
"Oct 03, 2017","1.1744","1.1733","1.1775","1.1696","0.10%"
"Oct 02, 2017","1.1732","1.1818","1.1818","1.1730","-0.69%"
"Sep 29, 2017","1.1814","1.1787","1.1834","1.1773","0.24%"
"Sep 28, 2017","1.1786","1.1746","1.1805","1.1721","0.36%"
"Sep 27, 2017","1.1744","1.1792","1.1797","1.1717","-0.42%"
"Sep 26, 2017","1.1793","1.1848","1.1863","1.1758","-0.46%"
"Sep 25, 2017","1.1848","1.1953","1.1962","1.1833","-0.89%"