Dstamp,VAMI
03/01/2000,-0.0028
04/01/2000,-0.0266
05/01/2000,-0.0088
06/01/2000,-0.009
07/01/2000,-0.0099
10/01/2000,0.0076
11/01/2000,0.0242
12/01/2000,0.0055
13/01/2000,-0.0025
14/01/2000,0.02
17/01/2000,0.003
18/01/2000,0.0207
19/01/2000,-0.0024
20/01/2000,-0.0021
21/01/2000,-0.0008
24/01/2000,-0.0039
25/01/2000,0.0001
26/01/2000,-0.0099
27/01/2000,0.0109
28/01/2000,0.0031
31/01/2000,0.0045
01/02/2000,-0.0071
02/02/2000,-0.0128
03/02/2000,-0.0256
04/02/2000,0.0176
07/02/2000,0.0133
08/02/2000,-0.015
09/02/2000,0.0034
10/02/2000,0.0167
11/02/2000,-0.0067
14/02/2000,0.0042
15/02/2000,-0.0045
16/02/2000,0.0025
17/02/2000,0.0033
18/02/2000,0.0031
21/02/2000,-0.0042
22/02/2000,-0.0275
23/02/2000,0.009
24/02/2000,0.0007
25/02/2000,0.0008
28/02/2000,-0.0063
29/02/2000,0.0123
01/03/2000,-0.0078
02/03/2000,0.0065
03/03/2000,0.0035
06/03/2000,0.0052
07/03/2000,0.0056
08/03/2000,-0.021
09/03/2000,-0.0081
10/03/2000,0.0008
13/03/2000,-0.0112
14/03/2000,-0.0059
15/03/2000,-0.0016
16/03/2000,0.0016
17/03/2000,0.0112
20/03/2000,-0.012
21/03/2000,0.0129
22/03/2000,0.0025
23/03/2000,-0.0072
24/03/2000,-0.0133
27/03/2000,-0.0013
28/03/2000,0.0014
29/03/2000,-0.0003
30/03/2000,-0.0082
31/03/2000,0.0169
03/04/2000,-0.0113
04/04/2000,-0.0098
05/04/2000,-0.0044
06/04/2000,-0.0022
07/04/2000,0.0126
10/04/2000,-0.0064
11/04/2000,-0.0119
12/04/2000,-0.0069
13/04/2000,0.0017
14/04/2000,0.0052
17/04/2000,-0.0001
18/04/2000,-0.0049
19/04/2000,0.0029
20/04/2000,-0.0053
21/04/2000,0.002
24/04/2000,-0.0001
25/04/2000,0.0058
26/04/2000,0.0006
27/04/2000,-0.0006
28/04/2000,-0.0011
01/05/2000,-0.0088
02/05/2000,-0.0107
03/05/2000,0.0005
04/05/2000,-0.002
05/05/2000,-0.0093
08/05/2000,0.0056
09/05/2000,-0.0023
10/05/2000,0.0065
11/05/2000,0.0203
12/05/2000,-0.0192
15/05/2000,0.0087
16/05/2000,0.0019
17/05/2000,0.0165
18/05/2000,0.0175
19/05/2000,-0.013
22/05/2000,-0.0099
23/05/2000,0.001
24/05/2000,0.017
25/05/2000,-0.0053
26/05/2000,-0.0154
29/05/2000,0.0001
30/05/2000,-0.003
31/05/2000,-0.0069
01/06/2000,-0.0022
02/06/2000,-0.0217
05/06/2000,-0.0213
06/06/2000,-0.0105
07/06/2000,0.003
08/06/2000,0.0054
09/06/2000,0.0135
12/06/2000,0.006
13/06/2000,0.0103
14/06/2000,0.0021
15/06/2000,-0.007
16/06/2000,0.0002
19/06/2000,-0.0079
20/06/2000,0.0013
21/06/2000,-0.0032
22/06/2000,-0.0032
23/06/2000,0.0038
26/06/2000,0.0004
27/06/2000,0.0005
28/06/2000,-0.0021
29/06/2000,0.0084
30/06/2000,-0.0052
03/07/2000,0.0004
04/07/2000,0
05/07/2000,-0.0135
06/07/2000,-0.0044
07/07/2000,0.0002
10/07/2000,-0.0066
11/07/2000,-0.0003
12/07/2000,0.003
13/07/2000,0.0112
14/07/2000,-0.0038
17/07/2000,-0.0064
18/07/2000,0.0018
19/07/2000,-0.0064
20/07/2000,0.0005
21/07/2000,0.0013
24/07/2000,-0.0069
25/07/2000,0.0032
26/07/2000,0.0058
27/07/2000,0.0054
28/07/2000,0.001
31/07/2000,-0.0092
01/08/2000,-0.0024
02/08/2000,0.0061
03/08/2000,0.0034
04/08/2000,0.007
07/08/2000,-0.0056
08/08/2000,0.0039
09/08/2000,-0.003
10/08/2000,0.0051
11/08/2000,-0.0052
14/08/2000,0.0095
15/08/2000,-0.0142
16/08/2000,-0.0069
17/08/2000,0.0077
18/08/2000,0.01
21/08/2000,0.0088
22/08/2000,-0.0102
23/08/2000,-0.0029
24/08/2000,-0.0104
25/08/2000,0.0109
28/08/2000,0.0011
29/08/2000,0.0068
30/08/2000,0.0051
31/08/2000,0.0073
01/09/2000,0.0049
04/09/2000,-0.0007
05/09/2000,0.0157
06/09/2000,0.0199
07/09/2000,-0.0009
08/09/2000,-0.0185
11/09/2000,0.0115
12/09/2000,-0.0093
13/09/2000,0.0001
14/09/2000,-0.0006
15/09/2000,0.011
18/09/2000,-0.0029
19/09/2000,-0.0094
20/09/2000,0.0001
21/09/2000,-0.0211
22/09/2000,-0.039
25/09/2000,-0.0047
26/09/2000,-0.0099
27/09/2000,-0.0023
28/09/2000,-0.0124
29/09/2000,0.0002
02/10/2000,0.0085
03/10/2000,0.0014
04/10/2000,-0.0098
05/10/2000,0.0016
06/10/2000,0.0047
09/10/2000,0.009
10/10/2000,0.0019
11/10/2000,0.0137
12/10/2000,0.0281
13/10/2000,-0.0055
16/10/2000,-0.0114
17/10/2000,0.005
18/10/2000,0.0192
19/10/2000,-0.015
20/10/2000,0.0035
23/10/2000,0.0083
24/10/2000,-0.0109
25/10/2000,0.0103
26/10/2000,0.0025
27/10/2000,-0.0242
30/10/2000,0.004
31/10/2000,-0.0116
01/11/2000,-0.0084
02/11/2000,-0.0014
03/11/2000,-0.021
06/11/2000,0.0027
07/11/2000,-0.0011
08/11/2000,0.0078
09/11/2000,0.01
10/11/2000,0.013
13/11/2000,0.022
14/11/2000,0.0027
15/11/2000,0.0139
16/11/2000,0.0074
17/11/2000,0.0088
20/11/2000,0.0179
21/11/2000,0.0079
22/11/2000,0.0152
23/11/2000,0.0006
24/11/2000,0.0072
27/11/2000,-0.0241
28/11/2000,-0.0051
29/11/2000,0.0251
30/11/2000,0.0197
01/12/2000,-0.0219
04/12/2000,0.0025
05/12/2000,0.011
06/12/2000,0.0131
07/12/2000,0.0095
08/12/2000,-0.0094
11/12/2000,-0.0206
12/12/2000,0.0026
13/12/2000,0.0222
14/12/2000,0.0247
15/12/2000,0.021
18/12/2000,-0.0002
19/12/2000,0.0026
20/12/2000,0.0444
21/12/2000,0.0117
22/12/2000,0.0126
25/12/2000,-0.0012
26/12/2000,0.0069
27/12/2000,-0.0028
28/12/2000,-0.0097
29/12/2000,0.0184
01/01/2001,0.0001
02/01/2001,0.0332
03/01/2001,-0.0284
04/01/2001,0.0341
05/01/2001,0.023
08/01/2001,-0.0023
09/01/2001,-0.0068
10/01/2001,-0.0228
11/01/2001,0.0165
12/01/2001,-0.0191
15/01/2001,-0.0021
16/01/2001,-0.0132
17/01/2001,0.0036
18/01/2001,0.0164
19/01/2001,-0.0225
22/01/2001,-0.0031
23/01/2001,-0.0027
24/01/2001,-0.0115
25/01/2001,-0.0036
26/01/2001,0.0103
29/01/2001,-0.0066
30/01/2001,0.003
31/01/2001,0.0176
01/02/2001,0.0068
02/02/2001,-0.0176
05/02/2001,0.0068
06/02/2001,-0.0103
07/02/2001,0.0134
08/02/2001,-0.0101
09/02/2001,0.0186
12/02/2001,-0.0004
13/02/2001,-0.0097
14/02/2001,-0.0127
15/02/2001,-0.0251
16/02/2001,0.0152
19/02/2001,0.0022
20/02/2001,-0.0009
21/02/2001,0.0047
22/02/2001,-0.0047
23/02/2001,0.0053
26/02/2001,0.008
27/02/2001,0.0121
28/02/2001,0.0106
01/03/2001,0.0108
02/03/2001,0.0012
05/03/2001,-0.0016
06/03/2001,-0.0019
07/03/2001,0.0117
08/03/2001,0.0026
09/03/2001,-0.0056
12/03/2001,0.0152
13/03/2001,-0.0027
14/03/2001,0.0282
15/03/2001,0.0112
16/03/2001,0.0128
19/03/2001,-0.0042
20/03/2001,-0.009
21/03/2001,0.0175
22/03/2001,0.0217
23/03/2001,-0.0254
26/03/2001,-0.0097
27/03/2001,-0.0206
28/03/2001,0.0018
29/03/2001,0.0067
30/03/2001,0.0214
02/04/2001,-0.0045
03/04/2001,-0.0052
04/04/2001,-0.0069
05/04/2001,-0.0158
06/04/2001,0.0105
09/04/2001,0.0019
10/04/2001,-0.0269
11/04/2001,-0.0166
12/04/2001,-0.0207
13/04/2001,0.0001
16/04/2001,-0.0026
17/04/2001,0.0024
18/04/2001,-0.0095
19/04/2001,-0.0112
20/04/2001,0.0034
23/04/2001,0.001
24/04/2001,0.0054
25/04/2001,-0.0034
26/04/2001,0.0001
27/04/2001,0.0123
30/04/2001,0
01/05/2001,-0.0075
02/05/2001,-0.0076
03/05/2001,-0.0021
04/05/2001,-0.004
07/05/2001,0.0062
08/05/2001,0.0049
09/05/2001,-0.0001
10/05/2001,-0.0003
11/05/2001,0.0095
14/05/2001,0.0089
15/05/2001,-0.0001
16/05/2001,-0.004
17/05/2001,-0.0077
18/05/2001,0.0081
21/05/2001,-0.0014
22/05/2001,0.0113
23/05/2001,-0.003
24/05/2001,-0.0036
25/05/2001,0.0034
28/05/2001,-0.0011
29/05/2001,0.0013
30/05/2001,-0.0055
31/05/2001,0.005
01/06/2001,-0.0155
04/06/2001,-0.0021
05/06/2001,-0.0103
06/06/2001,0.0044
07/06/2001,0.0026
08/06/2001,0.0028
11/06/2001,0.004
12/06/2001,-0.0057
13/06/2001,-0.0015
14/06/2001,-0.0144
15/06/2001,0.0011
18/06/2001,-0.0016
19/06/2001,0.0079
20/06/2001,-0.0026
21/06/2001,-0.0015
22/06/2001,-0.0035
25/06/2001,0.0004
26/06/2001,-0.0011
27/06/2001,0.0062
28/06/2001,0.0131
29/06/2001,-0.006
02/07/2001,-0.0043
03/07/2001,-0.0044
04/07/2001,0.0006
05/07/2001,0.015
06/07/2001,-0.0145
09/07/2001,-0.0004
10/07/2001,-0.0105
11/07/2001,-0.0103
12/07/2001,0
13/07/2001,0.0088
16/07/2001,0.001
17/07/2001,-0.0032
18/07/2001,-0.0064
19/07/2001,-0.003
20/07/2001,-0.0126
23/07/2001,0.0088
24/07/2001,0.0006
25/07/2001,-0.0024
26/07/2001,-0.0014
27/07/2001,-0.0007
30/07/2001,0.0052
31/07/2001,0.0052
01/08/2001,-0.0036
02/08/2001,-0.0206
03/08/2001,0.0086
06/08/2001,0.0026
07/08/2001,-0.0041
08/08/2001,0.0116
09/08/2001,0.0063
10/08/2001,0.0038
13/08/2001,0.0093
14/08/2001,-0.0146
15/08/2001,-0.0007
16/08/2001,0.009
17/08/2001,0.0227
20/08/2001,-0.0123
21/08/2001,-0.0077
22/08/2001,-0.0052
23/08/2001,0.0011
24/08/2001,-0.0167
27/08/2001,-0.0052
28/08/2001,0.0223
29/08/2001,0.01
30/08/2001,0.0253
31/08/2001,-0.012
03/09/2001,0.0022
04/09/2001,-0.0731
05/09/2001,0.0034
06/09/2001,0.0281
07/09/2001,0.0303
10/09/2001,-0.0065
11/09/2001,0.0481
12/09/2001,0.0081
13/09/2001,0.0147
14/09/2001,0.0214
17/09/2001,0.003
18/09/2001,-0.0119
19/09/2001,0.0005
20/09/2001,0.0004
21/09/2001,-0.0002
24/09/2001,-0.0225
25/09/2001,0.0094
26/09/2001,0.0051
27/09/2001,-0.0046
28/09/2001,-0.0107
01/10/2001,0.0067
02/10/2001,0.0105
03/10/2001,0.0045
04/10/2001,-0.0054
05/10/2001,0.0086
08/10/2001,0.0018
09/10/2001,-0.018
10/10/2001,-0.0098
11/10/2001,-0.0307
12/10/2001,0.0131
15/10/2001,0.0107
16/10/2001,0.0038
17/10/2001,-0.004
18/10/2001,0.0144
19/10/2001,-0.0089
22/10/2001,-0.0024
23/10/2001,-0.0071
24/10/2001,0.0165
25/10/2001,0.018
26/10/2001,-0.001
29/10/2001,0.0158
30/10/2001,0.0194
31/10/2001,0.015
01/11/2001,0.0119
02/11/2001,-0.0111
05/11/2001,0.006
06/11/2001,0.0006
07/11/2001,0.018
08/11/2001,-0.0228
09/11/2001,-0.0114
12/11/2001,0.0025
13/11/2001,-0.0272
14/11/2001,-0.0234
15/11/2001,-0.0331
16/11/2001,-0.0269
19/11/2001,0.0145
20/11/2001,-0.0114
21/11/2001,-0.0077
22/11/2001,0
23/11/2001,0.0018
26/11/2001,-0.0014
27/11/2001,-0.0158
28/11/2001,-0.0056
29/11/2001,0.0084
30/11/2001,-0.0094
03/12/2001,0.0004
04/12/2001,0.0059
05/12/2001,-0.0063
06/12/2001,0.0056
07/12/2001,0.0028
10/12/2001,0.0044
11/12/2001,0.0016
12/12/2001,-0.0074
13/12/2001,0.0037
14/12/2001,0.0051
17/12/2001,0.0099
18/12/2001,-0.0035
19/12/2001,-0.0052
20/12/2001,0.0063
21/12/2001,0.0084
24/12/2001,0.001
25/12/2001,0.0005
26/12/2001,0.0038
27/12/2001,0.0047
28/12/2001,-0.0063
31/12/2001,0.0027
01/01/2002,0
02/01/2002,-0.0068
03/01/2002,-0.0016
04/01/2002,-0.0119
07/01/2002,-0.0061
08/01/2002,0.0119
09/01/2002,0.0039
10/01/2002,-0.0052
11/01/2002,-0.003
14/01/2002,-0.004
15/01/2002,-0.0083
16/01/2002,-0.0016
17/01/2002,0.0098
18/01/2002,0.0005
21/01/2002,0.0009
22/01/2002,0.0118
23/01/2002,-0.0043
24/01/2002,0.0056
25/01/2002,0.0065
28/01/2002,-0.012
29/01/2002,-0.0046
30/01/2002,0.0015
31/01/2002,0.0104
01/02/2002,-0.0087
04/02/2002,-0.0151
05/02/2002,0.0183
06/02/2002,-0.0012
07/02/2002,0.0021
08/02/2002,-0.0033
11/02/2002,-0.0155
12/02/2002,-0.007
13/02/2002,0.0075
14/02/2002,-0.0082
15/02/2002,-0.0002
18/02/2002,-0.0004
19/02/2002,0.005
20/02/2002,0.0006
21/02/2002,-0.0025
22/02/2002,-0.0076
25/02/2002,0.0038
26/02/2002,0.0088
27/02/2002,-0.0026
28/02/2002,-0.0131
01/03/2002,-0.0042
04/03/2002,-0.01
05/03/2002,-0.0022
06/03/2002,-0.0057
07/03/2002,-0.0035
08/03/2002,0.0088
11/03/2002,0.0034
12/03/2002,-0.0065
13/03/2002,-0.0051
14/03/2002,0.0126
15/03/2002,0.0037
18/03/2002,0.0003
19/03/2002,0.0038
20/03/2002,0.0001
21/03/2002,0.0047
22/03/2002,-0.0059
25/03/2002,-0.0036
26/03/2002,-0.0049
27/03/2002,0.004
28/03/2002,0.0159
29/03/2002,-0.0021
01/04/2002,0.0097
02/04/2002,0.0092
03/04/2002,-0.0201
04/04/2002,-0.0186
05/04/2002,-0.0126
08/04/2002,0.0045
09/04/2002,-0.009
10/04/2002,0.0081
11/04/2002,-0.0122
12/04/2002,-0.0247
15/04/2002,0.0048
16/04/2002,0.0075
17/04/2002,0.0131
18/04/2002,0.0027
19/04/2002,0.0014
22/04/2002,-0.0018
23/04/2002,0.0015
24/04/2002,-0.002
25/04/2002,0.0063
26/04/2002,0.0074
29/04/2002,0.0037
30/04/2002,-0.0029
01/05/2002,0.0061
02/05/2002,-0.0089
03/05/2002,0.0238
06/05/2002,-0.0036
07/05/2002,0.0017
08/05/2002,-0.0241
09/05/2002,0.0123
10/05/2002,0.0152
13/05/2002,-0.0077
14/05/2002,-0.0196
15/05/2002,0.008
16/05/2002,0.0065
17/05/2002,0.0196
20/05/2002,0.0048
21/05/2002,-0.0039
22/05/2002,0.014
23/05/2002,-0.0186
24/05/2002,0.0006
27/05/2002,0.0004
28/05/2002,0.0132
29/05/2002,0.0135
30/05/2002,0.0088
31/05/2002,-0.0111
03/06/2002,0.0135
04/06/2002,0.0077
05/06/2002,-0.0108
06/06/2002,0.0131
07/06/2002,-0.002
10/06/2002,-0.0072
11/06/2002,0.0027
12/06/2002,-0.0016
13/06/2002,0
14/06/2002,0.0257
17/06/2002,-0.0201
18/06/2002,0.0177
19/06/2002,0.0283
20/06/2002,0.0057
21/06/2002,0.0284
24/06/2002,-0.0013
25/06/2002,0.0027
26/06/2002,0.0373
27/06/2002,-0.0132
28/06/2002,-0.0009
01/07/2002,-0.0065
02/07/2002,0.0136
03/07/2002,-0.0039
04/07/2002,-0.0052
05/07/2002,-0.0363
08/07/2002,0.0326
09/07/2002,0.0214
10/07/2002,0.0208
11/07/2002,0.0139
12/07/2002,0.0047
15/07/2002,0.0262
16/07/2002,-0.0009
17/07/2002,-0.0011
18/07/2002,0.0003
19/07/2002,0.0231
22/07/2002,0.0073
23/07/2002,-0.0279
24/07/2002,0.0249
25/07/2002,0.0018
26/07/2002,-0.0188
29/07/2002,-0.0337
30/07/2002,0.007
31/07/2002,0.0116
01/08/2002,0.0164
02/08/2002,0.0219
05/08/2002,0.0073
06/08/2002,-0.0281
07/08/2002,0.0124
08/08/2002,-0.0166
09/08/2002,0.0053
12/08/2002,0.0166
13/08/2002,0.0091
14/08/2002,0.0117
15/08/2002,-0.019
16/08/2002,-0.0098
19/08/2002,-0.0083
20/08/2002,0.0069
21/08/2002,-0.0026
22/08/2002,-0.0188
23/08/2002,0.008
26/08/2002,0.0054
27/08/2002,0.0016
28/08/2002,0.0045
29/08/2002,0.0134
30/08/2002,0.0025
02/09/2002,0.0045
03/09/2002,0.0206
04/09/2002,0.002
05/09/2002,0.0132
06/09/2002,-0.0066
09/09/2002,-0.0038
10/09/2002,-0.007
11/09/2002,-0.0092
12/09/2002,0.0069
13/09/2002,0.0064
16/09/2002,0.0052
17/09/2002,-0.0078
18/09/2002,0.0029
19/09/2002,0.0076
20/09/2002,0.0015
23/09/2002,0.0139
24/09/2002,0.0066
25/09/2002,-0.0131
26/09/2002,-0.0055
27/09/2002,0.0082
30/09/2002,0.0111
01/10/2002,-0.0031
02/10/2002,-0.0078
03/10/2002,-0.0044
04/10/2002,0.0024
07/10/2002,0.0141
08/10/2002,-0.0022
09/10/2002,0.0064
10/10/2002,-0.0117
11/10/2002,-0.0156
14/10/2002,0.0087
15/10/2002,-0.0277
16/10/2002,-0.0072
17/10/2002,-0.0148
18/10/2002,0.0012
21/10/2002,-0.016
22/10/2002,0.0014
23/10/2002,0.0022
24/10/2002,0.0023
25/10/2002,-0.0053
28/10/2002,-0.0006
29/10/2002,0.0043
30/10/2002,-0.0038
31/10/2002,0.0081
01/11/2002,-0.0046
04/11/2002,-0.0015
05/11/2002,-0.0043
06/11/2002,0.0051
07/11/2002,0.0128
08/11/2002,0.0046
11/11/2002,0.0005
12/11/2002,-0.0052
13/11/2002,-0.0025
14/11/2002,-0.0115
15/11/2002,0.0026
18/11/2002,-0.0053
19/11/2002,-0.0017
20/11/2002,-0.0074
21/11/2002,-0.0115
22/11/2002,-0.0076
25/11/2002,-0.0129
26/11/2002,0.0026
27/11/2002,-0.0115
28/11/2002,-0.0021
29/11/2002,0.0063
02/12/2002,0.0039
03/12/2002,-0.005
04/12/2002,0.0093
05/12/2002,0.0019
06/12/2002,0.0007
09/12/2002,-0.0023
10/12/2002,0.0023
11/12/2002,0.0052
12/12/2002,0.0141
13/12/2002,-0.005
16/12/2002,0.0036
17/12/2002,0.0075
18/12/2002,0.0105
19/12/2002,0.0021
20/12/2002,-0.002
23/12/2002,0.008
24/12/2002,0.0101
25/12/2002,0.0007
26/12/2002,0.0049
27/12/2002,0.0226
30/12/2002,-0.0051
31/12/2002,0.002
01/01/2003,0
02/01/2003,-0.0321
03/01/2003,0.0132
06/01/2003,-0.0045
07/01/2003,-0.0085
08/01/2003,0.0232
09/01/2003,-0.004
10/01/2003,0.0108
13/01/2003,-0.0019
14/01/2003,0.0025
15/01/2003,0.0097
16/01/2003,0.0147
17/01/2003,0.0124
20/01/2003,0.0061
21/01/2003,0.0024
22/01/2003,0.0075
23/01/2003,0.0021
24/01/2003,0.0246
27/01/2003,-0.0057
28/01/2003,-0.0028
29/01/2003,0.0118
30/01/2003,-0.0011
31/01/2003,-0.0051
03/02/2003,-0.0059
04/02/2003,0.0244
05/02/2003,-0.0147
06/02/2003,0.0148
07/02/2003,0.0117
10/02/2003,-0.0156
11/02/2003,0.0047
12/02/2003,-0.0015
13/02/2003,0.0168
14/02/2003,-0.0148
17/02/2003,-0.0085
18/02/2003,-0.0101
19/02/2003,0.0219
20/02/2003,0.0097
21/02/2003,0.0014
24/02/2003,0.0256
25/02/2003,-0.0003
26/02/2003,0.0115
27/02/2003,-0.0088
28/02/2003,0.011
03/03/2003,0.0018
04/03/2003,0.0042
05/03/2003,0.0068
06/03/2003,0.0014
07/03/2003,0.0142
10/03/2003,0.0089
11/03/2003,-0.0079
12/03/2003,-0.0088
13/03/2003,-0.0507
14/03/2003,-0.0121
17/03/2003,-0.0141
18/03/2003,-0.0157
19/03/2003,-0.0157
20/03/2003,-0.0079
21/03/2003,-0.0091
24/03/2003,0.0048
25/03/2003,0.0023
26/03/2003,-0.0029
27/03/2003,0
28/03/2003,0.0022
31/03/2003,0.0048
01/04/2003,-0.003
02/04/2003,-0.0073
03/04/2003,0.0024
04/04/2003,-0.0026
07/04/2003,-0.013
08/04/2003,0.0067
09/04/2003,0.0032
10/04/2003,0.0011
11/04/2003,0.0007
14/04/2003,-0.0003
15/04/2003,0.0019
16/04/2003,-0.0002
17/04/2003,0.0016
18/04/2003,0.0001
21/04/2003,-0.0001
22/04/2003,0.0034
23/04/2003,0.0001
24/04/2003,0.0001
25/04/2003,0.0056
28/04/2003,0.0009
29/04/2003,0.0024
30/04/2003,0.0041
01/05/2003,0.002
02/05/2003,-0.0042
05/05/2003,0.0043
06/05/2003,0.0114
07/05/2003,-0.0037
08/05/2003,0.0062
09/05/2003,-0.0005
12/05/2003,0.0074
13/05/2003,0.0014
14/05/2003,0.0027
15/05/2003,-0.0093
16/05/2003,0.0269
19/05/2003,0.0018
20/05/2003,0.0164
21/05/2003,-0.0036
22/05/2003,0.0024
23/05/2003,0.0108
26/05/2003,0.004
27/05/2003,-0.0031
28/05/2003,-0.0172
29/05/2003,0.0208
30/05/2003,-0.0048
02/06/2003,-0.0052
03/06/2003,0.0155
04/06/2003,-0.0058
05/06/2003,0.0157
06/06/2003,-0.0089
09/06/2003,0.0061
10/06/2003,0.0098
11/06/2003,0.0089
12/06/2003,-0.0041
13/06/2003,0.0094
16/06/2003,-0.0084
17/06/2003,-0.0116
18/06/2003,-0.0246
19/06/2003,-0.0013
20/06/2003,-0.0189
23/06/2003,0.0018
24/06/2003,-0.0036
25/06/2003,-0.0009
26/06/2003,-0.0417
27/06/2003,-0.002
30/06/2003,0.0168
01/07/2003,0.0067
02/07/2003,0.0052
03/07/2003,-0.0005
04/07/2003,-0.0008
07/07/2003,0.0022
08/07/2003,-0.0068
09/07/2003,0.0006
10/07/2003,-0.0005
11/07/2003,-0.0007
14/07/2003,0.005
15/07/2003,-0.0172
16/07/2003,-0.0096
17/07/2003,-0.0181
18/07/2003,0.0005
21/07/2003,-0.0044
22/07/2003,-0.0041
23/07/2003,0.0022
24/07/2003,0.0097
25/07/2003,0.0005
28/07/2003,0.0093
29/07/2003,0.0037
30/07/2003,-0.0101
31/07/2003,0.0124
01/08/2003,0.0097
04/08/2003,-0.0174
05/08/2003,0.002
06/08/2003,-0.0151
07/08/2003,-0.0057
08/08/2003,-0.0122
11/08/2003,0.0146
12/08/2003,-0.0018
13/08/2003,0.0152
14/08/2003,0.0178
15/08/2003,-0.0061
18/08/2003,0.0091
19/08/2003,0.0014
20/08/2003,0.0076
21/08/2003,0.0124
22/08/2003,0.0007
25/08/2003,-0.0006
26/08/2003,-0.0031
27/08/2003,-0.0002
28/08/2003,-0.0042
29/08/2003,0.0051
01/09/2003,0.0095
02/09/2003,0.016
03/09/2003,0.0052
04/09/2003,-0.0195
05/09/2003,-0.0232
08/09/2003,0
09/09/2003,0.0002
10/09/2003,-0.0182
11/09/2003,0.0031
12/09/2003,-0.0156
15/09/2003,-0.0002
16/09/2003,0.0136
17/09/2003,-0.0032
18/09/2003,0.0109
19/09/2003,0.0008
22/09/2003,-0.0056
23/09/2003,-0.0021
24/09/2003,-0.0038
25/09/2003,-0.0101
26/09/2003,-0.005
29/09/2003,0.0076
30/09/2003,-0.0039
01/10/2003,0.0131
02/10/2003,0.0024
03/10/2003,-0.0185
06/10/2003,0.013
07/10/2003,0.0128
08/10/2003,0.0002
09/10/2003,0.001
10/10/2003,0.0155
13/10/2003,0.0044
14/10/2003,-0.0007
15/10/2003,-0.0098
16/10/2003,-0.0021
17/10/2003,-0.0005
20/10/2003,-0.0006
21/10/2003,0.0024
22/10/2003,0.0104
23/10/2003,-0.0171
24/10/2003,0.0041
27/10/2003,0.0078
28/10/2003,0.005
29/10/2003,0.0043
30/10/2003,-0.0029
31/10/2003,-0.0112
03/11/2003,-0.0093
04/11/2003,0.0116
05/11/2003,0.0008
06/11/2003,-0.002
07/11/2003,0.011
10/11/2003,0.0015
11/11/2003,-0.0075
12/11/2003,0.004
13/11/2003,0.0019
14/11/2003,-0.0047
17/11/2003,-0.0234
18/11/2003,0.0128
19/11/2003,-0.0128
20/11/2003,-0.0005
21/11/2003,-0.0005
24/11/2003,-0.0082
25/11/2003,0.0013
26/11/2003,0.0135
27/11/2003,0.0045
28/11/2003,0.0054
01/12/2003,0.0054
02/12/2003,0.0083
03/12/2003,0.0062
04/12/2003,-0.0069
05/12/2003,-0.009
08/12/2003,0.0091
09/12/2003,0.0048
10/12/2003,-0.0071
11/12/2003,0.0019
12/12/2003,0.0102
15/12/2003,-0.0005
16/12/2003,0.0014
17/12/2003,0.0018
18/12/2003,0.0082
19/12/2003,-0.0096
22/12/2003,-0.0073
23/12/2003,0.0003
24/12/2003,0.0135
25/12/2003,-0.0001
26/12/2003,-0.0006
29/12/2003,0.0054
30/12/2003,0.0052
31/12/2003,0.0008
01/01/2004,-0.0008
02/01/2004,0.0033
05/01/2004,0.0238
06/01/2004,0.0087
07/01/2004,-0.0073
08/01/2004,0.0159
09/01/2004,0.0153
12/01/2004,-0.0014
13/01/2004,-0.0039
14/01/2004,-0.0019
15/01/2004,-0.0165
16/01/2004,-0.0042
19/01/2004,-0.0015
20/01/2004,0.0168
21/01/2004,0.0051
22/01/2004,0.0127
23/01/2004,-0.0103
26/01/2004,-0.0125
27/01/2004,0.0053
28/01/2004,-0.0144
29/01/2004,-0.028
30/01/2004,0.0113
02/02/2004,0.0041
03/02/2004,0.0086
04/02/2004,-0.0098
05/02/2004,0.0001
06/02/2004,0.0174
09/02/2004,0.0105
10/02/2004,0.0056
11/02/2004,0.0193
12/02/2004,0.0009
13/02/2004,-0.0007
16/02/2004,0.0017
17/02/2004,0.015
18/02/2004,-0.0095
19/02/2004,0.0035
20/02/2004,-0.0264
23/02/2004,0.0035
24/02/2004,0.0121
25/02/2004,0.0023
26/02/2004,-0.0019
27/02/2004,0.0114
01/03/2004,0.0064
02/03/2004,-0.0161
03/03/2004,-0.0195
04/03/2004,0.0128
05/03/2004,0.03
08/03/2004,-0.0004
09/03/2004,-0.0033
10/03/2004,-0.0139
11/03/2004,-0.0017
12/03/2004,-0.0035
15/03/2004,0.0051
16/03/2004,0.0003
17/03/2004,0.0089
18/03/2004,-0.0063
19/03/2004,-0.0016
22/03/2004,0.0034
23/03/2004,0.002
24/03/2004,-0.001
25/03/2004,-0.0079
26/03/2004,-0.0063
29/03/2004,-0.0116
30/03/2004,0.0034
31/03/2004,0.0022
01/04/2004,-0.0086
02/04/2004,-0.0291
05/04/2004,-0.0062
06/04/2004,0.0075
07/04/2004,0.0038
08/04/2004,-0.0021
09/04/2004,-0.0025
12/04/2004,0.0081
13/04/2004,-0.0208
14/04/2004,-0.0135
15/04/2004,-0.0045
16/04/2004,0.0027
19/04/2004,-0.0031
20/04/2004,0.0018
21/04/2004,-0.0111
22/04/2004,0.0011
23/04/2004,0.001
26/04/2004,0.0044
27/04/2004,-0.0001
28/04/2004,-0.0005
29/04/2004,-0.0037
30/04/2004,-0.0034
03/05/2004,0.0075
04/05/2004,0.0036
05/05/2004,0.0004
06/05/2004,-0.0024
07/05/2004,0.0155
10/05/2004,-0.0114
11/05/2004,0.0033
12/05/2004,0.003
13/05/2004,0.0107
14/05/2004,-0.0097
17/05/2004,-0.0078
18/05/2004,-0.0057
19/05/2004,0.0053
20/05/2004,-0.0071
21/05/2004,-0.0072
24/05/2004,0.0109
25/05/2004,-0.0109
26/05/2004,-0.0091
27/05/2004,-0.0174
28/05/2004,0.0024
31/05/2004,0.002
01/06/2004,0.0179
02/06/2004,-0.0085
03/06/2004,-0.0034
04/06/2004,0.0015
07/06/2004,-0.0086
08/06/2004,-0.0062
09/06/2004,0.0045
10/06/2004,0.0008
11/06/2004,-0.0027
14/06/2004,0.009
15/06/2004,-0.0236
16/06/2004,0.0084
17/06/2004,0.0075
18/06/2004,-0.0064
21/06/2004,-0.0102
22/06/2004,0.0024
23/06/2004,-0.0043
24/06/2004,-0.0072
25/06/2004,-0.0065
28/06/2004,0.003
29/06/2004,-0.01
30/06/2004,-0.0036
01/07/2004,0.0022
02/07/2004,-0.0051
05/07/2004,-0.0031
06/07/2004,0.0022
07/07/2004,0.0017
08/07/2004,0.0026
09/07/2004,0.0015
12/07/2004,-0.0019
13/07/2004,-0.0081
14/07/2004,0.0048
15/07/2004,-0.0029
16/07/2004,0.015
19/07/2004,-0.0013
20/07/2004,-0.0174
21/07/2004,-0.0123
22/07/2004,0.0079
23/07/2004,-0.0085
26/07/2004,0.0027
27/07/2004,-0.0086
28/07/2004,0.0067
29/07/2004,-0.004
30/07/2004,0.0075
02/08/2004,0.0025
03/08/2004,0.0029
04/08/2004,-0.0043
05/08/2004,0.0054
06/08/2004,0.0125
09/08/2004,0.001
10/08/2004,-0.0064
11/08/2004,-0.0018
12/08/2004,0.0081
13/08/2004,0.0174
16/08/2004,-0.0127
17/08/2004,-0.0032
18/08/2004,-0.0057
19/08/2004,0.0073
20/08/2004,-0.0072
23/08/2004,-0.0208
24/08/2004,-0.0106
25/08/2004,-0.0008
26/08/2004,0.0019
27/08/2004,0.0032
30/08/2004,-0.0006
31/08/2004,0.0105
01/09/2004,0.0039
02/09/2004,-0.0072
03/09/2004,-0.0129
06/09/2004,-0.0084
07/09/2004,-0.0034
08/09/2004,0.0057
09/09/2004,0.0121
10/09/2004,-0.0008
13/09/2004,-0.0017
14/09/2004,0.0048
15/09/2004,-0.0033
16/09/2004,0.0076
17/09/2004,0.0017
20/09/2004,0.0072
21/09/2004,0.0036
22/09/2004,0.0111
23/09/2004,-0.0002
24/09/2004,-0.0016
27/09/2004,0.0082
28/09/2004,0.0013
29/09/2004,-0.0094
30/09/2004,0.0035
01/10/2004,-0.0033
04/10/2004,-0.0083
05/10/2004,0.0136
06/10/2004,0.0034
07/10/2004,-0.0024
08/10/2004,0.0189
11/10/2004,-0.0024
12/10/2004,-0.0003
13/10/2004,-0.0131
14/10/2004,0.0126
15/10/2004,0.0001
18/10/2004,-0.0028
19/10/2004,0.0014
20/10/2004,0.0203
21/10/2004,0.0058
22/10/2004,0.0039
25/10/2004,0.0136
26/10/2004,-0.0017
27/10/2004,-0.0191
28/10/2004,-0.0044
29/10/2004,0.0152
01/11/2004,-0.011
02/11/2004,-0.0148
03/11/2004,0.0221
04/11/2004,0.0095
05/11/2004,-0.0079
08/11/2004,-0.0083
09/11/2004,0.0023
10/11/2004,-0.0017
11/11/2004,0.0127
12/11/2004,0.0213
15/11/2004,-0.0068
16/11/2004,-0.0018
17/11/2004,0.0211
18/11/2004,-0.0117
19/11/2004,0.0056
22/11/2004,0.0079
23/11/2004,0.0086
24/11/2004,0.0156
25/11/2004,0.0078
26/11/2004,0.0066
29/11/2004,-0.0099
30/11/2004,-0.0043
01/12/2004,0.0096
02/12/2004,-0.0197
03/12/2004,0.0273
06/12/2004,-0.0016
07/12/2004,0.0027
08/12/2004,-0.0153
09/12/2004,-0.0055
10/12/2004,-0.0061
13/12/2004,0.0146
14/12/2004,-0.0013
15/12/2004,0.0175
16/12/2004,-0.022
17/12/2004,-0.0116
20/12/2004,0.0177
21/12/2004,-0.0059
22/12/2004,0.0002
23/12/2004,0.0133
24/12/2004,0.0012
27/12/2004,0.0065
28/12/2004,-0.0055
29/12/2004,-0.0098
30/12/2004,0.0067
31/12/2004,-0.0051
03/01/2005,-0.0041
04/01/2005,-0.0383
05/01/2005,-0.0068
06/01/2005,-0.0101
07/01/2005,-0.0046
10/01/2005,0.0029
11/01/2005,0.0006
12/01/2005,0.0059
13/01/2005,-0.0041
14/01/2005,0.0011
17/01/2005,0.0019
18/01/2005,-0.0001
19/01/2005,-0.0047
20/01/2005,-0.0132
21/01/2005,0.0062
24/01/2005,0.0017
25/01/2005,-0.0056
26/01/2005,0.0056
27/01/2005,-0.0025
28/01/2005,0.0013
31/01/2005,0.0051
01/02/2005,0.0025
02/02/2005,0.0005
03/02/2005,-0.0047
04/02/2005,0.0115
07/02/2005,0.0037
08/02/2005,-0.0016
09/02/2005,-0.0004
10/02/2005,0.0006
11/02/2005,0.0029
14/02/2005,-0.0018
15/02/2005,-0.0034
16/02/2005,-0.0043
17/02/2005,-0.0011
18/02/2005,-0.0012
21/02/2005,0
22/02/2005,-0.0076
23/02/2005,0.002
24/02/2005,0.001
25/02/2005,0.0062
28/02/2005,0.0039
01/03/2005,-0.0007
02/03/2005,0.0011
03/03/2005,0.0066
04/03/2005,0.0111
07/03/2005,0.0051
08/03/2005,0.0081
09/03/2005,-0.0055
10/03/2005,-0.0063
11/03/2005,0.0074
14/03/2005,-0.005
15/03/2005,0.0008
16/03/2005,0.005
17/03/2005,-0.0055
18/03/2005,0.0017
21/03/2005,-0.0147
22/03/2005,-0.0016
23/03/2005,-0.0242
24/03/2005,0.004
25/03/2005,0.0004
28/03/2005,0.0026
29/03/2005,0.0007
30/03/2005,0.0036
31/03/2005,0.0102
01/04/2005,0.0024
04/04/2005,0.0027
05/04/2005,-0.0025
06/04/2005,0.0006
07/04/2005,-0.0031
08/04/2005,-0.0031
11/04/2005,-0.0015
12/04/2005,-0.0101
13/04/2005,-0.0102
14/04/2005,-0.0024
15/04/2005,-0.0095
18/04/2005,-0.0085
19/04/2005,0.0113
20/04/2005,0.0049
21/04/2005,-0.0059
22/04/2005,0.0039
25/04/2005,-0.0019
26/04/2005,-0.0018
27/04/2005,-0.0053
28/04/2005,0.0084
29/04/2005,-0.007
02/05/2005,-0.0011
03/05/2005,-0.0024
04/05/2005,0.0007
05/05/2005,0.0067
06/05/2005,-0.0111
09/05/2005,-0.0032
10/05/2005,0.0059
11/05/2005,0.0047
12/05/2005,-0.0011
13/05/2005,0.001
16/05/2005,-0.0081
17/05/2005,0.002
18/05/2005,0.0027
19/05/2005,-0.0034
20/05/2005,-0.0006
23/05/2005,0.0021
24/05/2005,0.0104
25/05/2005,0.0022
26/05/2005,0.0023
27/05/2005,-0.0028
30/05/2005,0.0038
31/05/2005,0.0187
01/06/2005,0.0153
02/06/2005,-0.0005
03/06/2005,-0.0036
06/06/2005,-0.0014
07/06/2005,0.0089
08/06/2005,0.0052
09/06/2005,0.0006
10/06/2005,-0.0008
13/06/2005,0.0003
14/06/2005,-0.0004
15/06/2005,-0.0139
16/06/2005,0.0026
17/06/2005,-0.0053
20/06/2005,0.0122
21/06/2005,0.0038
22/06/2005,0.017
23/06/2005,0.0071
24/06/2005,-0.0013
27/06/2005,-0.0044
28/06/2005,-0.0056
29/06/2005,-0.0023
30/06/2005,0.0026
01/07/2005,0.0108
04/07/2005,-0.0035
05/07/2005,-0.0048
06/07/2005,0.0059
07/07/2005,-0.0018
08/07/2005,-0.0002
11/07/2005,-0.0118
12/07/2005,-0.0103
13/07/2005,0.0116
14/07/2005,-0.0046
15/07/2005,0.004
18/07/2005,-0.0039
19/07/2005,0.0049
20/07/2005,-0.0047
21/07/2005,-0.0161
22/07/2005,0.0197
25/07/2005,0.0017
26/07/2005,0.004
27/07/2005,0.0005
28/07/2005,0.0009
29/07/2005,0.0012
01/08/2005,-0.0026
02/08/2005,0.0004
03/08/2005,-0.0101
04/08/2005,-0.0026
05/08/2005,0.0019
08/08/2005,0.0058
09/08/2005,-0.0033
10/08/2005,0.0084
11/08/2005,0.0035
12/08/2005,-0.0006
15/08/2005,-0.0001
16/08/2005,-0.0028
17/08/2005,-0.0144
18/08/2005,-0.0082
19/08/2005,0.0084
22/08/2005,0.0067
23/08/2005,-0.0018
24/08/2005,0.005
25/08/2005,-0.0006
26/08/2005,-0.006
29/08/2005,0.0146
30/08/2005,0.0129
31/08/2005,0.0025
01/09/2005,0.0103
02/09/2005,-0.0043
05/09/2005,-0.0018
06/09/2005,-0.0036
07/09/2005,-0.01
08/09/2005,0.0011
09/09/2005,0.0013
12/09/2005,-0.014
13/09/2005,0.0006
14/09/2005,0.0037
15/09/2005,-0.0055
16/09/2005,-0.0034
19/09/2005,0.0195
20/09/2005,-0.0017
21/09/2005,0.0025
22/09/2005,-0.0013
23/09/2005,-0.0095
26/09/2005,0.0025
27/09/2005,0.0022
28/09/2005,0.0076
29/09/2005,0.0015
30/09/2005,0.0028
03/10/2005,0.0056
04/10/2005,-0.0007
05/10/2005,-0.0134
06/10/2005,-0.0256
07/10/2005,0.0099
10/10/2005,0.0049
11/10/2005,0.0098
12/10/2005,-0.0063
13/10/2005,-0.0047
14/10/2005,-0.0046
17/10/2005,0.0137
18/10/2005,0.0044
19/10/2005,-0.012
20/10/2005,-0.0006
21/10/2005,-0.0026
24/10/2005,-0.0011
25/10/2005,0.0074
26/10/2005,0.0116
27/10/2005,-0.0058
28/10/2005,0.0006
31/10/2005,0.0059
01/11/2005,0.0036
02/11/2005,0.0048
03/11/2005,0.0092
04/11/2005,0.0119
07/11/2005,-0.0038
08/11/2005,-0.0091
09/11/2005,0.0105
10/11/2005,0.0025
11/11/2005,0.0009
14/11/2005,0.0082
15/11/2005,-0.0054
16/11/2005,-0.0047
17/11/2005,-0.0044
18/11/2005,0.0123
21/11/2005,-0.0032
22/11/2005,-0.0082
23/11/2005,0.0048
24/11/2005,-0.0001
25/11/2005,0.0059
28/11/2005,-0.0083
29/11/2005,0.014
30/11/2005,0.0007
01/12/2005,0.0167
02/12/2005,0.0021
05/12/2005,0.001
06/12/2005,-0.0013
07/12/2005,0.0041
08/12/2005,-0.0114
09/12/2005,0.0078
12/12/2005,-0.0045
13/12/2005,0.0001
14/12/2005,-0.0284
15/12/2005,-0.0121
16/12/2005,-0.0014
19/12/2005,-0.0021
20/12/2005,0.0078
21/12/2005,0.0072
22/12/2005,-0.005
23/12/2005,-0.0027
26/12/2005,0.0004
27/12/2005,-0.0021
28/12/2005,0.0036
29/12/2005,0.0015
30/12/2005,-0.0047
02/01/2006,0.0014
03/01/2006,-0.0093
04/01/2006,0.0003
05/01/2006,-0.0035
06/01/2006,0.0027
09/01/2006,0.0047
10/01/2006,-0.0033
11/01/2006,0.0043
12/01/2006,0.0014
13/01/2006,0.0036
16/01/2006,0.0016
17/01/2006,-0.0003
18/01/2006,-0.0073
19/01/2006,0.0056
20/01/2006,-0.0072
23/01/2006,0.0022
24/01/2006,-0.0006
25/01/2006,0.0041
26/01/2006,0.0031
27/01/2006,0.009
30/01/2006,0.0014
31/01/2006,0.0023
01/02/2006,0.0048
02/02/2006,-0.0046
03/02/2006,-0.0047
06/02/2006,0.0034
07/02/2006,-0.0134
08/02/2006,-0.0006
09/02/2006,0.007
10/02/2006,-0.0071
13/02/2006,-0.0053
14/02/2006,0.0043
15/02/2006,-0.0023
16/02/2006,0.0026
17/02/2006,-0.0034
20/02/2006,0.0006
21/02/2006,0.0047
22/02/2006,0.0025
23/02/2006,-0.0009
24/02/2006,0.005
27/02/2006,0.0009
28/02/2006,-0.0121
01/03/2006,0.0069
02/03/2006,-0.0019
03/03/2006,0.0001
06/03/2006,0.0027
07/03/2006,0.0006
08/03/2006,-0.0071
09/03/2006,0.0043
10/03/2006,0.0114
13/03/2006,0.0045
14/03/2006,-0.0183
15/03/2006,0.0039
16/03/2006,-0.0139
17/03/2006,0.0046
20/03/2006,0.0001
21/03/2006,0.0098
22/03/2006,-0.0018
23/03/2006,0.0097
24/03/2006,-0.0062
27/03/2006,-0.0019
28/03/2006,0.0173
29/03/2006,0.0093
30/03/2006,0.0031
31/03/2006,-0.0011
03/04/2006,0.0155
04/04/2006,-0.0047
05/04/2006,-0.005
06/04/2006,0.0101
07/04/2006,0.0026
10/04/2006,0.0083
11/04/2006,-0.0082
12/04/2006,0.0041
13/04/2006,0.0127
14/04/2006,0.0015
17/04/2006,-0.0066
18/04/2006,0.0003
19/04/2006,0.007
20/04/2006,-0.0011
21/04/2006,0.0058
24/04/2006,-0.0153
25/04/2006,0.017
26/04/2006,0.0085
27/04/2006,-0.0075
28/04/2006,-0.0037
01/05/2006,0.0053
02/05/2006,0.0109
03/05/2006,0
04/05/2006,0.0062
05/05/2006,-0.0004
08/05/2006,0.0021
09/05/2006,0.0086
10/05/2006,0.0031
11/05/2006,0.0108
12/05/2006,-0.0078
15/05/2006,-0.0263
16/05/2006,-0.0084
17/05/2006,-0.0003
18/05/2006,-0.0114
19/05/2006,-0.0095
22/05/2006,-0.0086
23/05/2006,0.0088
24/05/2006,-0.0156
25/05/2006,0.0049
26/05/2006,-0.0023
29/05/2006,0.0008
30/05/2006,0.012
31/05/2006,-0.0034
01/06/2006,-0.0029
02/06/2006,-0.0052
05/06/2006,0.0009
06/06/2006,-0.0027
07/06/2006,-0.0029
08/06/2006,-0.0178
09/06/2006,0.0002
12/06/2006,-0.0017
13/06/2006,-0.0109
14/06/2006,0.0064
15/06/2006,0.0041
16/06/2006,0.0033
19/06/2006,0.0014
20/06/2006,0.004
21/06/2006,0.0029
22/06/2006,0.0055
23/06/2006,0.0058
26/06/2006,0.007
27/06/2006,-0.0061
28/06/2006,0.0016
29/06/2006,-0.0067
30/06/2006,-0.0041
03/07/2006,0.0017
04/07/2006,-0.001
05/07/2006,0.014
06/07/2006,-0.0014
07/07/2006,-0.0088
10/07/2006,-0.0044
11/07/2006,-0.0029
12/07/2006,0.0049
13/07/2006,-0.0021
14/07/2006,-0.0029
17/07/2006,-0.0061
18/07/2006,0.001
19/07/2006,-0.0078
20/07/2006,-0.002
21/07/2006,-0.0036
24/07/2006,0.0009
25/07/2006,0.0001
26/07/2006,-0.0007
27/07/2006,-0.0015
28/07/2006,-0.0073
31/07/2006,0.0019
01/08/2006,0.0039
02/08/2006,0.0023
03/08/2006,0.0023
04/08/2006,0.0013
07/08/2006,0.0053
08/08/2006,-0.0006
09/08/2006,0.0027
10/08/2006,-0.0106
11/08/2006,0.0054
14/08/2006,0.0007
15/08/2006,-0.0014
16/08/2006,-0.0026
17/08/2006,-0.0099
18/08/2006,-0.0015
21/08/2006,0.0049
22/08/2006,-0.0014
23/08/2006,-0.003
24/08/2006,-0.0022
25/08/2006,0.0031
28/08/2006,0.0012
29/08/2006,-0.0009
30/08/2006,0.0051
31/08/2006,0.0049
01/09/2006,0.0013
04/09/2006,-0.0011
05/09/2006,-0.0063
06/09/2006,-0.0026
07/09/2006,-0.0097
08/09/2006,-0.002
11/09/2006,-0.0015
12/09/2006,0.0082
13/09/2006,0.0007
14/09/2006,0.0048
15/09/2006,-0.0034
18/09/2006,0.0022
19/09/2006,-0.0025
20/09/2006,0.0057
21/09/2006,0.001
22/09/2006,-0.0043
25/09/2006,0.0024
26/09/2006,0.0044
27/09/2006,0.003
28/09/2006,-0.0028
29/09/2006,0.0002
02/10/2006,0.0025
03/10/2006,0.004
04/10/2006,0.0041
05/10/2006,-0.0022
06/10/2006,0.002
09/10/2006,-0.0008
10/10/2006,0.0036
11/10/2006,0.0023
12/10/2006,0.0036
13/10/2006,0.0014
16/10/2006,-0.0008
17/10/2006,-0.0077
18/10/2006,0.0068
19/10/2006,-0.0066
20/10/2006,0.0078
23/10/2006,0.0079
24/10/2006,0.0001
25/10/2006,-0.0026
26/10/2006,0
27/10/2006,-0.0066
30/10/2006,0.0003
31/10/2006,-0.002
01/11/2006,0.0001
02/11/2006,-0.0008
03/11/2006,0.0008
06/11/2006,0.0115
07/11/2006,0.0064
08/11/2006,-0.0051
09/11/2006,-0.0034
10/11/2006,-0.0045
13/11/2006,0.0025
14/11/2006,0.0004
15/11/2006,0.0028
16/11/2006,0.0036
17/11/2006,-0.0047
20/11/2006,0.0021
21/11/2006,0.0015
22/11/2006,0.003
23/11/2006,-0.0003
24/11/2006,0.0009
27/11/2006,-0.0086
28/11/2006,0.0022
29/11/2006,0.0047
30/11/2006,0.0091
01/12/2006,0.0032
04/12/2006,0.0043
05/12/2006,0.0018
06/12/2006,-0.0089
07/12/2006,0
08/12/2006,-0.0099
11/12/2006,0.0124
12/12/2006,0.0072
13/12/2006,-0.0043
14/12/2006,0.0021
15/12/2006,-0.0072
18/12/2006,-0.0005
19/12/2006,0.0062
20/12/2006,0.005
21/12/2006,0.0018
22/12/2006,-0.0038
25/12/2006,0
26/12/2006,0.0051
27/12/2006,0.0095
28/12/2006,0.0043
29/12/2006,-0.0008
01/01/2007,0.0002
02/01/2007,0.0123
03/01/2007,-0.0043
04/01/2007,-0.0081
05/01/2007,-0.0183
08/01/2007,0.0001
09/01/2007,0.006
10/01/2007,-0.0021
11/01/2007,0.0253
12/01/2007,0.0113
15/01/2007,0.0026
16/01/2007,0.004
17/01/2007,0.0012
18/01/2007,0.0076
19/01/2007,-0.0017
22/01/2007,-0.0008
23/01/2007,0.0005
24/01/2007,-0.0067
25/01/2007,-0.001
26/01/2007,-0.0056
29/01/2007,0.008
30/01/2007,-0.0066
31/01/2007,-0.0061
01/02/2007,0.0081
02/02/2007,0.0005
05/02/2007,-0.0083
06/02/2007,0.0018
07/02/2007,0.0052
08/02/2007,-0.0034
09/02/2007,0.0046
12/02/2007,0.0012
13/02/2007,0.0027
14/02/2007,0.0082
15/02/2007,-0.0115
16/02/2007,-0.0007
19/02/2007,0.0029
20/02/2007,0.0056
21/02/2007,0.0035
22/02/2007,0.0063
23/02/2007,-0.0021
26/02/2007,-0.0028
27/02/2007,-0.0465
28/02/2007,-0.0147
01/03/2007,-0.0225
02/03/2007,-0.0218
05/03/2007,-0.0241
06/03/2007,0.0104
07/03/2007,0.0077
08/03/2007,0.0077
09/03/2007,0.0046
12/03/2007,0.0071
13/03/2007,-0.0097
14/03/2007,-0.0082
15/03/2007,0.0116
16/03/2007,0.004
19/03/2007,0.0091
20/03/2007,0.0047
21/03/2007,0.005
22/03/2007,-0.0015
23/03/2007,-0.0044
26/03/2007,-0.0003
27/03/2007,-0.0021
28/03/2007,-0.0112
29/03/2007,0.0105
30/03/2007,0.0012
02/04/2007,0.0074
03/04/2007,0.0114
04/04/2007,0.0036
05/04/2007,0.0018
06/04/2007,-0.0019
09/04/2007,0.0004
10/04/2007,0.0111
11/04/2007,0.0002
12/04/2007,0.0016
13/04/2007,0.0127
16/04/2007,0.0079
17/04/2007,0.0031
18/04/2007,-0.0067
19/04/2007,-0.0053
20/04/2007,0.0124
23/04/2007,-0.0046
24/04/2007,-0.0058
25/04/2007,0.0072
26/04/2007,0.0003
27/04/2007,0.002
30/04/2007,-0.008
01/05/2007,0.0034
02/05/2007,0.007
03/05/2007,0.0054
04/05/2007,0.005
07/05/2007,0.0058
08/05/2007,-0.008
09/05/2007,0.0022
10/05/2007,-0.0134
11/05/2007,0.0089
14/05/2007,0.0066
15/05/2007,0.0064
16/05/2007,-0.0029
17/05/2007,-0.0001
18/05/2007,0.0063
21/05/2007,0.006
22/05/2007,-0.0006
23/05/2007,0.0085
24/05/2007,-0.0136
25/05/2007,0.0057
28/05/2007,0.0007
29/05/2007,0.0034
30/05/2007,0
31/05/2007,0.0146
01/06/2007,0.017
04/06/2007,-0.0009
05/06/2007,-0.0002
06/06/2007,-0.0165
07/06/2007,-0.0012
08/06/2007,0.0026
11/06/2007,0.0065
12/06/2007,0.0011
13/06/2007,0.006
14/06/2007,0.0104
15/06/2007,0.0126
18/06/2007,0.0013
19/06/2007,-0.0076
20/06/2007,0.0019
21/06/2007,0.0011
22/06/2007,-0.0076
25/06/2007,-0.0088
26/06/2007,-0.0062
27/06/2007,-0.0111
28/06/2007,0.0212
29/06/2007,0.0021
02/07/2007,0.0027
03/07/2007,0.0065
04/07/2007,0.0034
05/07/2007,0.0095
06/07/2007,0.0131
09/07/2007,0.0043
10/07/2007,-0.0179
11/07/2007,-0.0002
12/07/2007,0.0153
13/07/2007,0.0047
16/07/2007,-0.0077
17/07/2007,0.0029
18/07/2007,-0.0067
19/07/2007,0.0075
20/07/2007,-0.012
23/07/2007,0.0032
24/07/2007,-0.0088
25/07/2007,-0.0154
26/07/2007,-0.0413
27/07/2007,-0.0245
30/07/2007,-0.0004
31/07/2007,0.0141
01/08/2007,-0.018
02/08/2007,0.0137
03/08/2007,-0.0069
06/08/2007,-0.0125
07/08/2007,0.0019
08/08/2007,0.0165
09/08/2007,-0.0283
10/08/2007,-0.015
13/08/2007,0.0026
14/08/2007,-0.0128
15/08/2007,-0.0098
16/08/2007,-0.0275
17/08/2007,0.0046
20/08/2007,0.006
21/08/2007,-0.0017
22/08/2007,0.0037
23/08/2007,0.0009
24/08/2007,0.0042
27/08/2007,0.0018
28/08/2007,-0.0001
29/08/2007,0.0032
30/08/2007,0.0044
31/08/2007,-0.0013
03/09/2007,0.0013
04/09/2007,0.0063
05/09/2007,0.0054
06/09/2007,-0.0003
07/09/2007,0.0083
10/09/2007,0.0051
11/09/2007,0.0033
12/09/2007,0.001
13/09/2007,-0.0021
14/09/2007,-0.0016
17/09/2007,-0.0001
18/09/2007,0.0111
19/09/2007,0.0007
20/09/2007,0.0045
21/09/2007,0.0038
24/09/2007,-0.0005
25/09/2007,-0.0041
26/09/2007,0.0027
27/09/2007,0.0158
28/09/2007,-0.0008
01/10/2007,-0.0008
02/10/2007,-0.0144
03/10/2007,-0.0011
04/10/2007,0.0066
05/10/2007,0.0079
08/10/2007,-0.0112
09/10/2007,0.0063
10/10/2007,0.0061
11/10/2007,0.0149
12/10/2007,-0.0018
15/10/2007,0.0009
16/10/2007,-0.0042
17/10/2007,0.0039
18/10/2007,0.0101
19/10/2007,-0.008
22/10/2007,-0.0184
23/10/2007,0.0165
24/10/2007,0.0001
25/10/2007,0.0153
26/10/2007,0.0144
29/10/2007,0.0129
30/10/2007,-0.0088
31/10/2007,0.0126
01/11/2007,-0.0128
02/11/2007,0.0127
05/11/2007,-0.0044
06/11/2007,0.017
07/11/2007,0.0039
08/11/2007,-0.0052
09/11/2007,-0.0051
12/11/2007,-0.0243
13/11/2007,-0.002
14/11/2007,0.0116
15/11/2007,-0.0033
16/11/2007,0.0035
19/11/2007,0.0017
20/11/2007,0.0125
21/11/2007,0.0019
22/11/2007,0.0002
23/11/2007,0.0048
26/11/2007,0.0032
27/11/2007,-0.012
28/11/2007,-0.0054
29/11/2007,0.0036
30/11/2007,-0.0108
03/12/2007,0.008
04/12/2007,0.0091
05/12/2007,-0.0053
06/12/2007,-0.005
07/12/2007,-0.0106
10/12/2007,0.0005
11/12/2007,0.0068
12/12/2007,0.0058
13/12/2007,-0.0082
14/12/2007,-0.0104
17/12/2007,-0.0027
18/12/2007,0.0021
19/12/2007,0.0048
20/12/2007,0.0013
21/12/2007,0.002
24/12/2007,0.0047
25/12/2007,0.001
26/12/2007,0.0049
27/12/2007,0.004
28/12/2007,0.0024
31/12/2007,-0.0017
01/01/2008,0.0001
02/01/2008,0.0083
03/01/2008,-0.0008
04/01/2008,-0.0024
07/01/2008,-0.0076
08/01/2008,0.0085
09/01/2008,-0.001
10/01/2008,0.0039
11/01/2008,0.0069
14/01/2008,0.0068
15/01/2008,-0.0017
16/01/2008,-0.009
17/01/2008,0.0009
18/01/2008,0
21/01/2008,0.0037
22/01/2008,0.0073
23/01/2008,0.0021
24/01/2008,-0.0109
25/01/2008,-0.0002
28/01/2008,0.0103
29/01/2008,-0.0093
30/01/2008,0.0052
31/01/2008,0.0051
01/02/2008,-0.0016
04/02/2008,0.0015
05/02/2008,0.0046
06/02/2008,0.002
07/02/2008,0.0028
08/02/2008,0.0101
11/02/2008,0.0043
12/02/2008,-0.0117
13/02/2008,-0.0006
14/02/2008,0.0038
15/02/2008,0.005
18/02/2008,-0.0018
19/02/2008,0.008
20/02/2008,-0.0006
21/02/2008,0.0012
22/02/2008,0.0045
25/02/2008,0.0006
26/02/2008,0.0079
27/02/2008,0.0052
28/02/2008,0.0199
29/02/2008,0.0046
03/03/2008,0.0115
04/03/2008,-0.01
05/03/2008,0.0066
06/03/2008,-0.0012
07/03/2008,-0.0001
10/03/2008,0.0071
11/03/2008,-0.0071
12/03/2008,0.0102
13/03/2008,0.0113
14/03/2008,0.0021
17/03/2008,-0.0074
18/03/2008,-0.0042
19/03/2008,-0.0185
20/03/2008,-0.0161
21/03/2008,-0.0003
24/03/2008,-0.0037
25/03/2008,-0.0001
26/03/2008,0.0128
27/03/2008,0.001
28/03/2008,-0.0041
31/03/2008,-0.0029
01/04/2008,-0.02
02/04/2008,0.0034
03/04/2008,-0.0011
04/04/2008,0.0071
07/04/2008,0.0017
08/04/2008,0.001
09/04/2008,0.0132
10/04/2008,-0.0012
11/04/2008,0.0021
14/04/2008,0.0023
15/04/2008,-0.0002
16/04/2008,-0.0007
17/04/2008,-0.0051
18/04/2008,-0.0055
21/04/2008,0.0016
22/04/2008,0.0073
23/04/2008,-0.0014
24/04/2008,-0.0122
25/04/2008,-0.0044
28/04/2008,0.0022
29/04/2008,-0.0083
30/04/2008,0.0014
01/05/2008,-0.0098
02/05/2008,0.0062
05/05/2008,0.0082
06/05/2008,0.0033
07/05/2008,-0.0007
08/05/2008,0.0005
09/05/2008,0.0054
12/05/2008,0.0011
13/05/2008,-0.0003
14/05/2008,-0.0039
15/05/2008,0.0019
16/05/2008,0.007
19/05/2008,-0.0016
20/05/2008,0.0071
21/05/2008,0.0092
22/05/2008,-0.0039
23/05/2008,0.0054
26/05/2008,0.0004
27/05/2008,-0.0054
28/05/2008,0.001
29/05/2008,-0.0049
30/05/2008,-0.0004
02/06/2008,0.0023
03/06/2008,-0.0004
04/06/2008,-0.0022
05/06/2008,0.0137
06/06/2008,0.0151
09/06/2008,-0.0017
10/06/2008,-0.0061
11/06/2008,0.0094
12/06/2008,-0.002
13/06/2008,0.0016
16/06/2008,0.0026
17/06/2008,-0.0017
18/06/2008,0.0045
19/06/2008,0.0001
20/06/2008,0.0048
23/06/2008,-0.0023
24/06/2008,0.0021
25/06/2008,-0.0013
26/06/2008,0.0092
27/06/2008,0.003
30/06/2008,0.0022
01/07/2008,0.0062
02/07/2008,0.0111
03/07/2008,-0.0076
04/07/2008,-0.0003
07/07/2008,-0.0124
08/07/2008,-0.0087
09/07/2008,0.0017
10/07/2008,0.0104
11/07/2008,0.0095
14/07/2008,0.0023
15/07/2008,-0.0011
16/07/2008,-0.01
17/07/2008,-0.0161
18/07/2008,-0.0045
21/07/2008,0.0015
22/07/2008,-0.0103
23/07/2008,-0.0177
24/07/2008,0.0003
25/07/2008,0.0011
28/07/2008,0.0064
29/07/2008,-0.007
30/07/2008,-0.005
31/07/2008,-0.0008
01/08/2008,0.0021
04/08/2008,-0.0017
05/08/2008,-0.0164
06/08/2008,-0.0069
07/08/2008,0.0019
08/08/2008,-0.0125
11/08/2008,-0.008
12/08/2008,0.0019
13/08/2008,0.0035
14/08/2008,0.0016
15/08/2008,-0.0002
18/08/2008,0.0032
19/08/2008,0.0046
20/08/2008,0.0012
21/08/2008,-0.0011
22/08/2008,-0.0032
25/08/2008,0.0023
26/08/2008,0.0029
27/08/2008,0.0021
28/08/2008,-0.0041
29/08/2008,-0.0023
01/09/2008,0
02/09/2008,0.006
03/09/2008,0.0017
04/09/2008,0.0062
05/09/2008,0.0081
08/09/2008,-0.008
09/09/2008,0.0064
10/09/2008,0.0027
11/09/2008,0.0027
12/09/2008,-0.0168
15/09/2008,0.0222
16/09/2008,0.0044
17/09/2008,-0.0065
18/09/2008,-0.0006
19/09/2008,-0.0298
22/09/2008,-0.0121
23/09/2008,0.0035
24/09/2008,0.002
25/09/2008,-0.0027
26/09/2008,0.0042
29/09/2008,0.0196
30/09/2008,-0.0022
01/10/2008,0.0012
02/10/2008,0.0139
03/10/2008,-0.0003
06/10/2008,0.032
07/10/2008,-0.0028
08/10/2008,0.0057
09/10/2008,-0.0034
10/10/2008,0.0146
13/10/2008,-0.0147
14/10/2008,-0.005
15/10/2008,0.012
16/10/2008,0.0072
17/10/2008,-0.0039
20/10/2008,-0.0007
21/10/2008,0.0061
22/10/2008,0.0144
23/10/2008,0.0028
24/10/2008,0.0093
27/10/2008,0.0008
28/10/2008,-0.0059
29/10/2008,-0.0119
30/10/2008,0.0002
31/10/2008,0.0002
03/11/2008,0.0014
04/11/2008,-0.0079
05/11/2008,0.005
06/11/2008,0.0115
07/11/2008,-0.0002
10/11/2008,-0.0012
11/11/2008,0.0074
12/11/2008,0.0071
13/11/2008,-0.0015
14/11/2008,-0.0024
17/11/2008,0.0035
18/11/2008,0.0027
19/11/2008,0.0028
20/11/2008,0.0101
21/11/2008,-0.0006
24/11/2008,-0.0117
25/11/2008,0.0016
26/11/2008,0.0006
27/11/2008,-0.0008
28/11/2008,0.0007
01/12/2008,0.0116
02/12/2008,0.0038
03/12/2008,0.0027
04/12/2008,0.0031
05/12/2008,0.0033
08/12/2008,-0.0092
09/12/2008,0.0021
10/12/2008,-0.0021
11/12/2008,-0.0014
12/12/2008,0.0018
15/12/2008,0.0004
16/12/2008,0.0011
17/12/2008,0.0022
18/12/2008,0.0026
19/12/2008,0.001
22/12/2008,0.0004
23/12/2008,0.001
24/12/2008,0.0002
25/12/2008,-0.001
26/12/2008,0.0007
29/12/2008,0.0018
30/12/2008,-0.0003
31/12/2008,-0.0048
01/01/2009,0
02/01/2009,-0.0088
05/01/2009,-0.0077
06/01/2009,-0.0084
07/01/2009,0.0044
08/01/2009,0.0064
09/01/2009,0.0026
12/01/2009,0.0094
13/01/2009,0.003
14/01/2009,0.0047
15/01/2009,-0.0005
16/01/2009,-0.0039
19/01/2009,-0.0003
20/01/2009,0.0088
21/01/2009,-0.0018
22/01/2009,-0.002
23/01/2009,-0.0025
26/01/2009,-0.0077
27/01/2009,0.0023
28/01/2009,-0.0052
29/01/2009,0.0022
30/01/2009,0.0022
02/02/2009,0.0038
03/02/2009,-0.0057
04/02/2009,-0.0037
05/02/2009,-0.0033
06/02/2009,-0.0087
09/02/2009,-0.0035
10/02/2009,0.0122
11/02/2009,0.0065
12/02/2009,0.0065
13/02/2009,-0.0051
16/02/2009,0.0024
17/02/2009,0.0148
18/02/2009,-0.0007
19/02/2009,-0.0073
20/02/2009,0.007
23/02/2009,-0.0002
24/02/2009,-0.0043
25/02/2009,-0.0016
26/02/2009,-0.0079
27/02/2009,0.0046
02/03/2009,0.0166
03/03/2009,-0.0008
04/03/2009,-0.0131
05/03/2009,0.0116
06/03/2009,0.0027
09/03/2009,0.0008
10/03/2009,-0.0117
11/03/2009,-0.0014
12/03/2009,-0.0055
13/03/2009,-0.0053
16/03/2009,-0.0087
17/03/2009,-0.0054
18/03/2009,0.0012
19/03/2009,-0.0068
20/03/2009,0.0018
23/03/2009,-0.0127
24/03/2009,-0.0048
25/03/2009,-0.0004
26/03/2009,-0.0012
27/03/2009,0.0057
30/03/2009,0.0097
31/03/2009,-0.0018
01/04/2009,0
02/04/2009,-0.0157
03/04/2009,-0.0073
06/04/2009,0.0001
07/04/2009,0.0027
08/04/2009,0.0003
09/04/2009,-0.0019
10/04/2009,-0.0001
13/04/2009,0.0019
14/04/2009,-0.0014
15/04/2009,0.0003
16/04/2009,-0.0011
17/04/2009,-0.0046
20/04/2009,0.0061
21/04/2009,-0.0005
22/04/2009,-0.0036
23/04/2009,-0.0016
24/04/2009,-0.0011
27/04/2009,0.0037
28/04/2009,-0.0012
29/04/2009,0
30/04/2009,0.0003
01/05/2009,-0.004
04/05/2009,-0.0031
05/05/2009,0.0006
06/05/2009,-0.0016
07/05/2009,-0.0042
08/05/2009,-0.0007
11/05/2009,-0.0017
12/05/2009,-0.0023
13/05/2009,0.0008
14/05/2009,0.0019
15/05/2009,-0.0019
18/05/2009,0.0053
19/05/2009,0.0032
20/05/2009,0.0002
21/05/2009,0.0007
22/05/2009,0.0025
25/05/2009,-0.0009
26/05/2009,0.0011
27/05/2009,0.003
28/05/2009,-0.0012
29/05/2009,0.0073
01/06/2009,0.006
02/06/2009,0.0041
03/06/2009,-0.0115
04/06/2009,0.0022
05/06/2009,-0.0114
08/06/2009,-0.0086
09/06/2009,0.0072
10/06/2009,0.0039
11/06/2009,0.0055
12/06/2009,-0.0068
15/06/2009,-0.0172
16/06/2009,-0.0025
17/06/2009,-0.002
18/06/2009,0.004
19/06/2009,-0.001
22/06/2009,-0.0125
23/06/2009,0.0031
24/06/2009,0.0027
25/06/2009,0.0037
26/06/2009,-0.0004
29/06/2009,0.0022
30/06/2009,-0.0019
01/07/2009,0.0028
02/07/2009,-0.0034
03/07/2009,-0.0004
06/07/2009,-0.0027
07/07/2009,-0.0039
08/07/2009,-0.004
09/07/2009,0.0011
10/07/2009,-0.0005
13/07/2009,-0.0017
14/07/2009,-0.0031
15/07/2009,0.0017
16/07/2009,-0.0013
17/07/2009,-0.0012
20/07/2009,0.0036
21/07/2009,0.0023
22/07/2009,0.0018
23/07/2009,-0.0008
24/07/2009,0.0015
27/07/2009,0.0011
28/07/2009,0.0003
29/07/2009,-0.0061
30/07/2009,0.0084
31/07/2009,0.0065
03/08/2009,0.0048
04/08/2009,-0.0001
05/08/2009,0.0006
06/08/2009,-0.0013
07/08/2009,0.0031
10/08/2009,-0.0007
11/08/2009,-0.0063
12/08/2009,0.0081
13/08/2009,0.0073
14/08/2009,-0.0138
17/08/2009,-0.018
18/08/2009,0.0071
19/08/2009,0.0047
20/08/2009,0.0051
21/08/2009,0.0092
24/08/2009,0.0056
25/08/2009,-0.0008
26/08/2009,-0.0044
27/08/2009,0.0029
28/08/2009,0.008
31/08/2009,-0.005
01/09/2009,-0.0119
02/09/2009,0.0037
03/09/2009,0.0051
04/09/2009,0.0041
07/09/2009,0.0017
08/09/2009,0.0102
09/09/2009,-0.0006
10/09/2009,0.0032
11/09/2009,0.0055
14/09/2009,-0.0068
15/09/2009,0.0001
16/09/2009,0.0098
17/09/2009,0.001
18/09/2009,-0.0073
21/09/2009,-0.0047
22/09/2009,0.0114
23/09/2009,-0.0023
24/09/2009,-0.0122
25/09/2009,0.0026
28/09/2009,0.0056
29/09/2009,-0.001
30/09/2009,0.007
01/10/2009,-0.0095
02/10/2009,-0.0051
05/10/2009,0.0136
06/10/2009,0.0108
07/10/2009,0.0017
08/10/2009,0.0091
09/10/2009,-0.0174
12/10/2009,0.0054
13/10/2009,0.0017
14/10/2009,0.0063
15/10/2009,-0.0027
16/10/2009,-0.006
19/10/2009,0.0089
20/10/2009,-0.0018
21/10/2009,0.0038
22/10/2009,-0.005
23/10/2009,-0.0053
26/10/2009,-0.015
27/10/2009,0.0005
28/10/2009,-0.0201
29/10/2009,0.0149
30/10/2009,-0.0175
02/11/2009,0.0034
03/11/2009,0.0021
04/11/2009,0.0117
05/11/2009,-0.0024
06/11/2009,-0.0006
09/11/2009,0.017
10/11/2009,-0.0006
11/11/2009,0.0052
12/11/2009,-0.0101
13/11/2009,0.0033
16/11/2009,0.0208
17/11/2009,-0.0036
18/11/2009,0.0053
19/11/2009,-0.0103
20/11/2009,-0.005
23/11/2009,0.0096
24/11/2009,-0.0007
25/11/2009,0.0096
26/11/2009,-0.0025
27/11/2009,-0.0098
30/11/2009,0.0088
01/12/2009,0.0157
02/12/2009,-0.0022
03/12/2009,-0.0025
04/12/2009,-0.023
07/12/2009,-0.0008
08/12/2009,-0.0057
09/12/2009,-0.0026
10/12/2009,-0.0035
11/12/2009,-0.002
14/12/2009,0.0064
15/12/2009,-0.008
16/12/2009,0.0102
17/12/2009,-0.0069
18/12/2009,-0.0012
21/12/2009,-0.0044
22/12/2009,-0.0035
23/12/2009,0.004
24/12/2009,0.0027
25/12/2009,-0.0002
28/12/2009,-0.0008
29/12/2009,0.0019
30/12/2009,-0.0039
31/12/2009,-0.0005
01/01/2010,0.001983
04/01/2010,0.01536
05/01/2010,0.005048
06/01/2010,0.009885
07/01/2010,-0.005031
08/01/2010,0.00177
11/01/2010,0.003907
12/01/2010,-0.011436
13/01/2010,-0.000165
14/01/2010,0.00702
15/01/2010,-0.010681
18/01/2010,0.00172
19/01/2010,0.007244
20/01/2010,-0.019856
21/01/2010,-0.012273
22/01/2010,-0.011037
25/01/2010,0.001734
26/01/2010,-0.003561
27/01/2010,-0.011824
28/01/2010,-0.005179
29/01/2010,-0.002897
01/02/2010,0.003422
02/02/2010,0.002794
03/02/2010,-0.004794
04/02/2010,-0.010077
05/02/2010,-0.002093
08/02/2010,-0.001211
09/02/2010,0.004912
10/02/2010,-0.004942
11/02/2010,0.009338
12/02/2010,0.004217
15/02/2010,0.000948
16/02/2010,0.007324
17/02/2010,-0.000459
18/02/2010,0.001855
19/02/2010,-0.00138
22/02/2010,-0.001432
23/02/2010,-0.001818
24/02/2010,0.00493
25/02/2010,0.001162
26/02/2010,0.007073
01/03/2010,0.007351
02/03/2010,0.007009
03/03/2010,-0.000615
04/03/2010,-0.001297
05/03/2010,0.005289
08/03/2010,0.001124
09/03/2010,0.005302
10/03/2010,-0.002441
11/03/2010,-0.004808
12/03/2010,-0.001952
15/03/2010,-0.002659
16/03/2010,0.012564
17/03/2010,0.012383
18/03/2010,-0.002521
19/03/2010,-0.008613
22/03/2010,0.003729
23/03/2010,0.007541
24/03/2010,-0.012661
25/03/2010,0.001619
26/03/2010,-0.003872
29/03/2010,0.01739
30/03/2010,0.00334
31/03/2010,0.005208
01/04/2010,0.009341
02/04/2010,0.000677
05/04/2010,0.005283
06/04/2010,0.0048
07/04/2010,-0.002559
08/04/2010,0.000215
09/04/2010,0.001572
12/04/2010,-0.00242
13/04/2010,-0.004888
14/04/2010,0.013759
15/04/2010,0.006946
16/04/2010,-0.017481
19/04/2010,-0.007424
20/04/2010,0.012546
21/04/2010,0.002423
22/04/2010,-0.005446
23/04/2010,0.003438
26/04/2010,0.008002
27/04/2010,-0.018353
28/04/2010,-0.001882
29/04/2010,0.012592
30/04/2010,-0.00032
03/05/2010,0.005354
04/05/2010,-0.022723
05/05/2010,-0.006192
06/05/2010,-0.013089
07/05/2010,-0.017599
10/05/2010,0.016965
11/05/2010,0.002586
12/05/2010,0.008313
13/05/2010,0.004393
14/05/2010,-0.000133
17/05/2010,-0.009088
18/05/2010,0.005545
19/05/2010,-0.01228
20/05/2010,-0.013448
21/05/2010,0.000334
24/05/2010,0.003258
25/05/2010,0.005653
26/05/2010,-0.00194
27/05/2010,-0.00861
28/05/2010,0.007163
31/05/2010,0.000496
01/06/2010,0.000349
02/06/2010,0.001833
03/06/2010,-0.006422
04/06/2010,0.013653
07/06/2010,0.004454
08/06/2010,0.00469
09/06/2010,-0.006314
10/06/2010,-0.009705
11/06/2010,0.004579
14/06/2010,-0.0132
15/06/2010,-0.001954
16/06/2010,0.00005
17/06/2010,0.002456
18/06/2010,-0.001088
21/06/2010,-0.003043
22/06/2010,0.00699
23/06/2010,-0.001624
24/06/2010,0.000641
25/06/2010,0.002053
28/06/2010,0.005529
29/06/2010,-0.001498
30/06/2010,-0.007498
01/07/2010,-0.0135
02/07/2010,-0.008388
05/07/2010,0.002209
06/07/2010,-0.001523
07/07/2010,-0.000953
08/07/2010,-0.007205
09/07/2010,0.000088
12/07/2010,0.004567
13/07/2010,-0.003624
14/07/2010,-0.000666
15/07/2010,0.003651
16/07/2010,-0.000575
19/07/2010,-0.004715
20/07/2010,0.002338
21/07/2010,0.005603
22/07/2010,0.003428
23/07/2010,-0.008492
26/07/2010,-0.003555
27/07/2010,-0.008585
28/07/2010,0.003113
29/07/2010,0.006332
30/07/2010,0.014539
02/08/2010,0.006718
03/08/2010,0.005259
04/08/2010,0.003276
05/08/2010,0.003531
06/08/2010,-0.001204
09/08/2010,0.004168
10/08/2010,-0.00392
11/08/2010,0.001383
12/08/2010,-0.000428
13/08/2010,0.001512
16/08/2010,0.013772
17/08/2010,0.000344
18/08/2010,0.00251
19/08/2010,-0.001106
20/08/2010,0.001609
23/08/2010,0.003376
24/08/2010,0.004064
25/08/2010,-0.002935
26/08/2010,0.001181
27/08/2010,-0.004183
30/08/2010,0.005604
31/08/2010,0.008749
01/09/2010,-0.005281
02/09/2010,0.000319
03/09/2010,-0.005325
06/09/2010,-0.001416
07/09/2010,0.014958
08/09/2010,-0.00433
09/09/2010,-0.006218
10/09/2010,-0.010882
13/09/2010,0.0084
14/09/2010,0.016291
15/09/2010,-0.013444
16/09/2010,-0.007849
17/09/2010,0.009311
20/09/2010,0.006831
21/09/2010,0.003103
22/09/2010,0.00814
23/09/2010,-0.001869
24/09/2010,0.013109
27/09/2010,0.00601
28/09/2010,0.006178
29/09/2010,-0.00251
30/09/2010,-0.006705
01/10/2010,-0.004343
04/10/2010,-0.002041
05/10/2010,0.020957
06/10/2010,0.0086
07/10/2010,-0.000487
08/10/2010,0.021812
11/10/2010,0.004823
12/10/2010,0.004307
13/10/2010,0.008971
14/10/2010,0.000784
15/10/2010,-0.007435
18/10/2010,0.00361
19/10/2010,-0.02083
20/10/2010,0.016091
21/10/2010,-0.005276
22/10/2010,-0.00083
25/10/2010,0.013383
26/10/2010,-0.011373
27/10/2010,-0.017013
28/10/2010,0.010269
29/10/2010,0.005617
01/11/2010,0.005296
02/11/2010,0.008471
03/11/2010,-0.00087
04/11/2010,0.027673
05/11/2010,-0.001817
08/11/2010,-0.003579
09/11/2010,0.001222
10/11/2010,-0.009649
11/11/2010,-0.006804
12/11/2010,-0.026243
15/11/2010,-0.002576
16/11/2010,-0.02833
17/11/2010,-0.002657
18/11/2010,0.012204
19/11/2010,-0.006324
22/11/2010,-0.000712
23/11/2010,-0.007526
24/11/2010,0.008292
25/11/2010,0.000814
26/11/2010,-0.010479
29/11/2010,0.002794
30/11/2010,0.00273
01/12/2010,0.01112
02/12/2010,0.006787
03/12/2010,0.006676
06/12/2010,0.002742
07/12/2010,-0.006146
08/12/2010,-0.007142
09/12/2010,0.002343
10/12/2010,0.000128
13/12/2010,0.01025
14/12/2010,0.000969
15/12/2010,-0.004342
16/12/2010,0.000007
17/12/2010,0.004714
20/12/2010,0.005185
21/12/2010,0.011013
22/12/2010,0.003213
23/12/2010,0.002191
24/12/2010,-0.000572
27/12/2010,-0.001304
28/12/2010,0.004859
29/12/2010,0.002182
30/12/2010,-0.005227
31/12/2010,0.005844
03/01/2011,0.003044
04/01/2011,-0.014962
05/01/2011,-0.001358
06/01/2011,-0.002423
07/01/2011,-0.003282
10/01/2011,0.00144
11/01/2011,0.003905
12/01/2011,0.010443
13/01/2011,-0.004884
14/01/2011,-0.00276
17/01/2011,0.000497
18/01/2011,0.005861
19/01/2011,-0.004846
20/01/2011,-0.01735
21/01/2011,0.00531
24/01/2011,0.003867
25/01/2011,-0.008635
26/01/2011,0.012138
27/01/2011,0.004265
28/01/2011,-0.007587
31/01/2011,0.006333
01/02/2011,0.017609
02/02/2011,0.002216
03/02/2011,-0.00441
04/02/2011,-0.000145
07/02/2011,0.001968
08/02/2011,0.003458
09/02/2011,0.002266
10/02/2011,-0.006267
11/02/2011,-0.003575
14/02/2011,0.005008
15/02/2011,-0.004153
16/02/2011,0.006186
17/02/2011,0.00386
18/02/2011,0.002071
21/02/2011,-0.003134
22/02/2011,-0.019472
23/02/2011,-0.0001
24/02/2011,-0.001357
25/02/2011,0.008966
28/02/2011,0.007949
01/03/2011,0.001205
02/03/2011,0.004216
03/03/2011,0.006912
04/03/2011,0.001385
07/03/2011,-0.008564
08/03/2011,-0.004858
09/03/2011,0.000237
10/03/2011,-0.016296
11/03/2011,-0.002881
14/03/2011,-0.007162
15/03/2011,-0.036739
16/03/2011,-0.004453
17/03/2011,0.012514
18/03/2011,0.005865
21/03/2011,0.005284
22/03/2011,-0.00053
23/03/2011,-0.002048
24/03/2011,0.003063
25/03/2011,-0.007541
28/03/2011,-0.005007
29/03/2011,0.001606
30/03/2011,0.002852
31/03/2011,0.010483
01/04/2011,0.004284
04/04/2011,0.00226
05/04/2011,0.003739
06/04/2011,0.008037
07/04/2011,-0.001099
08/04/2011,0.014629
11/04/2011,-0.00584
12/04/2011,-0.018215
13/04/2011,0.003035
14/04/2011,0.000666
15/04/2011,0.004154
18/04/2011,-0.021733
19/04/2011,0.006389
20/04/2011,0.020451
21/04/2011,0.004064
22/04/2011,-0.000061
25/04/2011,0.000929
26/04/2011,0.004039
27/04/2011,0.005205
28/04/2011,0.004801
29/04/2011,0.007477
02/05/2011,-0.001337
03/05/2011,-0.009237
04/05/2011,-0.011987
05/05/2011,-0.034635
06/05/2011,-0.002465
09/05/2011,0.008413
10/05/2011,0.00663
11/05/2011,-0.015079
12/05/2011,-0.003393
13/05/2011,-0.006041
16/05/2011,-0.002314
17/05/2011,-0.002458
18/05/2011,0.004256
19/05/2011,0.004709
20/05/2011,-0.000891
23/05/2011,-0.010944
24/05/2011,0.002778
25/05/2011,0.001152
26/05/2011,0.00943
27/05/2011,0.007059
30/05/2011,0.000398
31/05/2011,0.005678
01/06/2011,0.000043
02/06/2011,-0.001419
03/06/2011,0.002778
06/06/2011,-0.004108
07/06/2011,0.001513
08/06/2011,-0.001552
09/06/2011,0.000077
10/06/2011,-0.004611
13/06/2011,-0.000824
14/06/2011,-0.006099
15/06/2011,-0.008722
16/06/2011,0.004167
17/06/2011,0.002236
20/06/2011,-0.001267
21/06/2011,0.001286
22/06/2011,0.002876
23/06/2011,-0.00352
24/06/2011,-0.000871
27/06/2011,-0.003069
28/06/2011,-0.005898
29/06/2011,-0.003266
30/06/2011,-0.003602
01/07/2011,-0.002302
04/07/2011,0.001016
05/07/2011,0.004762
06/07/2011,0.005788
07/07/2011,0.007658
08/07/2011,0.003837
11/07/2011,-0.002185
12/07/2011,0.001073
13/07/2011,0.006652
14/07/2011,-0.004686
15/07/2011,0.003946
18/07/2011,-0.003055
19/07/2011,0.007291
20/07/2011,-0.003036
21/07/2011,-0.000486
22/07/2011,0.00691
25/07/2011,0.001845
26/07/2011,0.007896
27/07/2011,-0.007361
28/07/2011,-0.000515
29/07/2011,0.011737
01/08/2011,-0.001995
02/08/2011,0.001593
03/08/2011,-0.000527
04/08/2011,-0.016614
05/08/2011,-0.001691
08/08/2011,-0.003206
09/08/2011,0.006753
10/08/2011,0.009484
11/08/2011,-0.007405
12/08/2011,-0.00093
15/08/2011,-0.003291
16/08/2011,0.003642
17/08/2011,0.004675
18/08/2011,0.010871
19/08/2011,0.005046
22/08/2011,0.000479
23/08/2011,-0.00694
24/08/2011,-0.009304
25/08/2011,-0.001551
26/08/2011,0.006737
29/08/2011,-0.004667
30/08/2011,0.004678
31/08/2011,-0.007184
01/09/2011,-0.00031
02/09/2011,0.011525
05/09/2011,0.004853
06/09/2011,-0.002314
07/09/2011,-0.005598
08/09/2011,0.001294
09/09/2011,0.0025
12/09/2011,-0.004569
13/09/2011,-0.004498
14/09/2011,-0.004352
15/09/2011,-0.008226
16/09/2011,0.002726
19/09/2011,0.00492
20/09/2011,0.00258
21/09/2011,0.000139
22/09/2011,0.006488
23/09/2011,-0.006173
26/09/2011,-0.005012
27/09/2011,-0.017746
28/09/2011,0.003526
29/09/2011,-0.002664
30/09/2011,0.010473
03/10/2011,0.010627
04/10/2011,0.005959
05/10/2011,-0.008149
06/10/2011,-0.012389
07/10/2011,-0.004492
10/10/2011,-0.013007
11/10/2011,-0.002703
12/10/2011,-0.008323
13/10/2011,0.003829
14/10/2011,-0.008151
17/10/2011,0.005053
18/10/2011,0.00644
19/10/2011,-0.001864
20/10/2011,0.004946
21/10/2011,-0.005584
24/10/2011,-0.007439
25/10/2011,0.003593
26/10/2011,0.001043
27/10/2011,-0.01241
28/10/2011,-0.003178
31/10/2011,-0.000994
01/11/2011,0.011105
02/11/2011,0.000641
03/11/2011,-0.000382
04/11/2011,0.001341
07/11/2011,0.007126
08/11/2011,-0.000507
09/11/2011,0.001448
10/11/2011,0.001503
11/11/2011,-0.002154
14/11/2011,0.002436
15/11/2011,0.005442
16/11/2011,-0.000902
17/11/2011,-0.007903
18/11/2011,-0.003275
21/11/2011,-0.000459
22/11/2011,0.003337
23/11/2011,0.001797
24/11/2011,-0.000379
25/11/2011,-0.002195
28/11/2011,-0.006009
29/11/2011,-0.006388
30/11/2011,-0.006687
01/12/2011,-0.007254
02/12/2011,0.003482
05/12/2011,0.000011
06/12/2011,0.001532
07/12/2011,0.004045
08/12/2011,0.001882
09/12/2011,0.001862
12/12/2011,0.003695
13/12/2011,0.00569
14/12/2011,0.002972
15/12/2011,-0.000793
16/12/2011,0.000621
19/12/2011,0.0002
20/12/2011,-0.008342
21/12/2011,-0.004746
22/12/2011,0.000238
23/12/2011,-0.002161
26/12/2011,-0.000236
27/12/2011,-0.000225
28/12/2011,0.006694
29/12/2011,0.007507
30/12/2011,-0.000082
02/01/2012,-0.001452
03/01/2012,-0.008877
04/01/2012,0.002838
05/01/2012,0.008916
06/01/2012,0.003964
09/01/2012,-0.001799
10/01/2012,-0.003665
11/01/2012,0.009284
12/01/2012,-0.003555
13/01/2012,0.006961
16/01/2012,0.003984
17/01/2012,-0.00138
18/01/2012,-0.004051
19/01/2012,-0.009255
20/01/2012,-0.007994
23/01/2012,-0.006988
24/01/2012,-0.006661
25/01/2012,0.004506
26/01/2012,0.013566
27/01/2012,0.002101
30/01/2012,0.00389
31/01/2012,0.006682
01/02/2012,0.004228
02/02/2012,-0.000297
03/02/2012,-0.000483
06/02/2012,0.00121
07/02/2012,-0.005495
08/02/2012,-0.000581
09/02/2012,-0.002465
10/02/2012,-0.002016
13/02/2012,0.004399
14/02/2012,0.000654
15/02/2012,0.007141
16/02/2012,-0.001729
17/02/2012,-0.002953
20/02/2012,0.001366
21/02/2012,0.001183
22/02/2012,0.002681
23/02/2012,0.007145
24/02/2012,0.003006
27/02/2012,0.004329
28/02/2012,0.001107
29/02/2012,-0.007032
01/03/2012,0.007876
02/03/2012,-0.00005
05/03/2012,-0.010847
06/03/2012,-0.015347
07/03/2012,0.008537
08/03/2012,0.011276
09/03/2012,0.005381
12/03/2012,-0.001631
13/03/2012,0.005475
14/03/2012,-0.019285
15/03/2012,-0.00602
16/03/2012,0.000905
19/03/2012,0.000465
20/03/2012,-0.011178
21/03/2012,0.002312
22/03/2012,-0.005867
23/03/2012,0.00664
26/03/2012,0.008622
27/03/2012,0.001242
28/03/2012,-0.006748
29/03/2012,-0.004824
30/03/2012,0.001051
02/04/2012,0.010383
03/04/2012,-0.004826
04/04/2012,-0.014163
05/04/2012,0.007876
06/04/2012,-0.001365
09/04/2012,-0.006444
10/04/2012,-0.003282
11/04/2012,-0.002659
12/04/2012,0.008298
13/04/2012,0.005393
16/04/2012,-0.008939
17/04/2012,0.004321
18/04/2012,0.000876
19/04/2012,-0.001117
20/04/2012,-0.001298
23/04/2012,0.001049
24/04/2012,-0.003332
25/04/2012,0.006678
26/04/2012,0.009754
27/04/2012,0.001089
30/04/2012,-0.00068
01/05/2012,-0.000504
02/05/2012,0.005133
03/05/2012,-0.007372
04/05/2012,-0.007413
07/05/2012,-0.001803
08/05/2012,-0.000251
09/05/2012,0.00039
10/05/2012,-0.000424
11/05/2012,0.001207
14/05/2012,0.004002
15/05/2012,-0.000032
16/05/2012,-0.00359
17/05/2012,-0.005253
18/05/2012,-0.005725
21/05/2012,0.001894
22/05/2012,-0.001179
23/05/2012,0.019925
24/05/2012,-0.000574
25/05/2012,-0.000125
28/05/2012,-0.000056
29/05/2012,0.004835
30/05/2012,0.020373
31/05/2012,0.006185
01/06/2012,0.007382
04/06/2012,-0.005953
05/06/2012,-0.003452
06/06/2012,-0.015817
07/06/2012,-0.010849
08/06/2012,0.013235
11/06/2012,-0.002175
12/06/2012,-0.00556
13/06/2012,-0.007616
14/06/2012,0.000355
15/06/2012,0.004592
18/06/2012,0.001336
19/06/2012,-0.011691
20/06/2012,-0.003287
21/06/2012,0.014596
22/06/2012,-0.001557
25/06/2012,0.006481
26/06/2012,-0.002435
27/06/2012,-0.001548
28/06/2012,0.007685
29/06/2012,-0.031204
02/07/2012,0.011212
03/07/2012,-0.011136
04/07/2012,0.003575
05/07/2012,0.017843
06/07/2012,0.012154
09/07/2012,0.001416
10/07/2012,0.0047
11/07/2012,-0.00043
12/07/2012,0.007833
13/07/2012,-0.00306
16/07/2012,0.004749
17/07/2012,-0.001159
18/07/2012,0.00888
19/07/2012,-0.003665
20/07/2012,0.011116
23/07/2012,-0.000327
24/07/2012,-0.003118
25/07/2012,-0.000317
26/07/2012,-0.008203
27/07/2012,-0.010547
30/07/2012,0.00847
31/07/2012,0.001147
01/08/2012,-0.004825
02/08/2012,0.007002
03/08/2012,-0.009397
06/08/2012,-0.001169
07/08/2012,-0.013019
08/08/2012,0.002559
09/08/2012,0.003899
10/08/2012,0.007592
13/08/2012,-0.006779
14/08/2012,-0.006606
15/08/2012,-0.002378
16/08/2012,-0.003298
17/08/2012,0.001839
20/08/2012,0.001322
21/08/2012,-0.003762
22/08/2012,0.001887
23/08/2012,-0.003236
24/08/2012,0.00308
27/08/2012,-0.000185
28/08/2012,-0.001536
29/08/2012,-0.000123
30/08/2012,0.00028
31/08/2012,0.006941
03/09/2012,-0.001294
04/09/2012,-0.005612
05/09/2012,-0.005356
06/09/2012,0.005063
07/09/2012,0.00355
10/09/2012,-0.008057
11/09/2012,0.001026
12/09/2012,-0.007098
13/09/2012,0.012575
14/09/2012,-0.005587
17/09/2012,-0.013967
18/09/2012,-0.000335
19/09/2012,0.002916
20/09/2012,0.00195
21/09/2012,0.002254
24/09/2012,-0.003709
25/09/2012,-0.002701
26/09/2012,-0.005548
27/09/2012,0.010057
28/09/2012,-0.000678
01/10/2012,-0.000089
02/10/2012,-0.00393
03/10/2012,-0.001853
04/10/2012,0.005504
05/10/2012,-0.006961
08/10/2012,-0.001836
09/10/2012,-0.006151
10/10/2012,-0.003768
11/10/2012,0.007824
12/10/2012,-0.005392
15/10/2012,-0.001256
16/10/2012,-0.004572
17/10/2012,-0.005284
18/10/2012,-0.005984
19/10/2012,-0.011903
22/10/2012,-0.00425
23/10/2012,-0.008113
24/10/2012,0.0011
25/10/2012,-0.001527
26/10/2012,0.002657
29/10/2012,0.002139
30/10/2012,0.00079
31/10/2012,0.003346
01/11/2012,0.005312
02/11/2012,-0.005983
05/11/2012,0.00401
06/11/2012,0.003485
07/11/2012,0.00018
08/11/2012,-0.003888
09/11/2012,-0.000799
12/11/2012,-0.003635
13/11/2012,0.000167
14/11/2012,-0.004906
15/11/2012,-0.002587
16/11/2012,0.000434
19/11/2012,0.000337
20/11/2012,-0.004887
21/11/2012,0.000804
22/11/2012,0.001598
23/11/2012,0.005011
26/11/2012,0.000447
27/11/2012,-0.001398
28/11/2012,0.006456
29/11/2012,0.002431
30/11/2012,-0.001311
03/12/2012,-0.006364
04/12/2012,0.000925
05/12/2012,0.009962
06/12/2012,0.00874
07/12/2012,-0.000875
10/12/2012,0.003282
11/12/2012,0.002396
12/12/2012,0.003838
13/12/2012,-0.009007
14/12/2012,0.000671
17/12/2012,-0.003569
18/12/2012,0.000097
19/12/2012,0.001633
20/12/2012,-0.001359
21/12/2012,-0.009551
24/12/2012,-0.00018
25/12/2012,0.000467
26/12/2012,0.001583
27/12/2012,0.008303
28/12/2012,-0.004193
31/12/2012,0.006147
01/01/2013,-0.000045
02/01/2013,0.013136
03/01/2013,-0.004119
04/01/2013,-0.002686
07/01/2013,-0.001467
08/01/2013,-0.002779
09/01/2013,0.007155
10/01/2013,0.00579
11/01/2013,-0.004386
14/01/2013,0.001238
15/01/2013,-0.005458
16/01/2013,-0.00324
17/01/2013,0.005293
18/01/2013,0.001865
21/01/2013,0.000181
22/01/2013,0.004614
23/01/2013,-0.001569
24/01/2013,0.007418
25/01/2013,0.001433
28/01/2013,-0.003318
29/01/2013,0.007955
30/01/2013,-0.000792
31/01/2013,0.000516
01/02/2013,0.012371
04/02/2013,-0.012612
05/02/2013,0.003231
06/02/2013,0.000839
07/02/2013,-0.006624
08/02/2013,0.005849
11/02/2013,-0.000787
12/02/2013,0.00746
13/02/2013,0.002646
14/02/2013,0.001971
15/02/2013,-0.003619
18/02/2013,0.001165
19/02/2013,0.008266
20/02/2013,-0.008376
21/02/2013,-0.019033
22/02/2013,0.007478
25/02/2013,-0.001017
26/02/2013,-0.018463
27/02/2013,0.004381
28/02/2013,0.006514
01/03/2013,0.003893
04/03/2013,-0.002156
05/03/2013,0.008938
06/03/2013,0.006429
07/03/2013,-0.005106
08/03/2013,0.00632
11/03/2013,0.002927
12/03/2013,-0.002053
13/03/2013,-0.001166
14/03/2013,0.000901
15/03/2013,0.003526
18/03/2013,-0.002357
19/03/2013,-0.001202
20/03/2013,0.001027
21/03/2013,-0.005231
22/03/2013,-0.002803
25/03/2013,0.001215
26/03/2013,0.004829
27/03/2013,0.003605
28/03/2013,-0.001835
29/03/2013,-0.00081
01/04/2013,-0.004941
02/04/2013,0.008034
03/04/2013,-0.00515
04/04/2013,0.007183
05/04/2013,-0.003164
08/04/2013,0.004967
09/04/2013,-0.003778
10/04/2013,0.010654
11/04/2013,0.005471
12/04/2013,0.007817
15/04/2013,-0.002477
16/04/2013,-0.003345
17/04/2013,0.000571
18/04/2013,-0.002297
19/04/2013,0.004634
22/04/2013,0.00244
23/04/2013,0.00878
24/04/2013,0.000511
25/04/2013,-0.00935
26/04/2013,0.005261
29/04/2013,0.005182
30/04/2013,0.001178
01/05/2013,0.005109
02/05/2013,0.000184
03/05/2013,-0.009237
06/05/2013,-0.004373
07/05/2013,-0.001825
08/05/2013,0.006668
09/05/2013,-0.001165
10/05/2013,-0.006073
13/05/2013,-0.002222
14/05/2013,0.006426
15/05/2013,0.009509
16/05/2013,0.001957
17/05/2013,0.009868
20/05/2013,-0.003857
21/05/2013,0.00113
22/05/2013,0.002825
23/05/2013,-0.021672
24/05/2013,-0.005078
27/05/2013,-0.000766
28/05/2013,0.005179
29/05/2013,-0.018245
30/05/2013,-0.005648
31/05/2013,-0.005263
03/06/2013,-0.015338
04/06/2013,0.000595
05/06/2013,-0.013801
06/06/2013,-0.011331
07/06/2013,0.007924
10/06/2013,0.00528
11/06/2013,-0.006213
12/06/2013,-0.004991
13/06/2013,-0.000718
14/06/2013,-0.002609
17/06/2013,0.004982
18/06/2013,0.006425
19/06/2013,-0.004897
20/06/2013,0.002904
21/06/2013,-0.006024
24/06/2013,-0.002586
25/06/2013,-0.000162
26/06/2013,0.006418
27/06/2013,0.004699
28/06/2013,0.000796
01/07/2013,-0.005443
02/07/2013,0.001278
03/07/2013,0.001078
04/07/2013,-0.001711
05/07/2013,0.017474
08/07/2013,-0.005066
09/07/2013,0.000509
10/07/2013,-0.00101
11/07/2013,-0.010766
12/07/2013,0.006166
15/07/2013,0.00257
16/07/2013,-0.007082
17/07/2013,0.003708
18/07/2013,0.002867
19/07/2013,-0.002194
22/07/2013,-0.006885
23/07/2013,-0.00151
24/07/2013,0.004064
25/07/2013,-0.005331
26/07/2013,-0.002679
29/07/2013,-0.002953
30/07/2013,0.005526
31/07/2013,-0.000135
01/08/2013,0.019947
02/08/2013,-0.002327
05/08/2013,0.000147
06/08/2013,-0.004844
07/08/2013,-0.008131
08/08/2013,-0.008465
09/08/2013,-0.002056
12/08/2013,-0.003616
13/08/2013,0.012563
14/08/2013,-0.002307
15/08/2013,-0.010414
16/08/2013,0.003482
19/08/2013,-0.003021
20/08/2013,-0.002962
21/08/2013,-0.004301
22/08/2013,0.009424
23/08/2013,0.00477
26/08/2013,-0.008751
27/08/2013,-0.007591
28/08/2013,0.00391
29/08/2013,-0.002608
30/08/2013,-0.007842
02/09/2013,0.002938
03/09/2013,0.008138
04/09/2013,-0.000004
05/09/2013,0.009495
06/09/2013,-0.004763
09/09/2013,-0.001122
10/09/2013,0.003029
11/09/2013,-0.002092
12/09/2013,0.000727
13/09/2013,0.001889
16/09/2013,-0.002898
17/09/2013,-0.000451
18/09/2013,0.008687
19/09/2013,-0.004789
20/09/2013,-0.000667
23/09/2013,-0.009072
24/09/2013,-0.001097
25/09/2013,-0.005173
26/09/2013,0.001552
27/09/2013,-0.001523
30/09/2013,-0.008521
01/10/2013,0.007911
02/10/2013,-0.001505
03/10/2013,-0.003017
04/10/2013,0.000331
07/10/2013,-0.008295
08/10/2013,-0.007916
09/10/2013,-0.006009
10/10/2013,0.016535
11/10/2013,0.007968
14/10/2013,-0.000165
15/10/2013,0.000716
16/10/2013,0.005196
17/10/2013,0.007707
18/10/2013,0.006088
21/10/2013,0.000731
22/10/2013,0.010635
23/10/2013,-0.011568
24/10/2013,0.001991
25/10/2013,-0.003443
28/10/2013,0.005405
29/10/2013,0.000392
30/10/2013,0.000719
31/10/2013,-0.004736
01/11/2013,-0.0088
04/11/2013,0.008094
05/11/2013,-0.00631
06/11/2013,0.007523
07/11/2013,-0.007209
08/11/2013,-0.004753
11/11/2013,0.001283
12/11/2013,0.000246
13/11/2013,0.003153
14/11/2013,0.007765
15/11/2013,0.00215
18/11/2013,0.007722
19/11/2013,-0.005009
20/11/2013,-0.002799
21/11/2013,0.004518
22/11/2013,0.003903
25/11/2013,0.005185
26/11/2013,0.000859
27/11/2013,0.008233
28/11/2013,0.002216
29/11/2013,-0.000995
02/12/2013,0.00266
03/12/2013,-0.009089
04/12/2013,-0.013399
05/12/2013,-0.007771
06/12/2013,0.011323
09/12/2013,0.003396
10/12/2013,-0.009912
11/12/2013,-0.009979
12/12/2013,0.000313
13/12/2013,-0.003759
16/12/2013,0.004651
17/12/2013,0.001735
18/12/2013,0.012864
19/12/2013,0.005167
20/12/2013,0.000679
23/12/2013,0.004896
24/12/2013,0.002435
25/12/2013,0.000164
26/12/2013,0.002946
27/12/2013,0.006817
30/12/2013,0.002309
31/12/2013,-0.00151
01/01/2014,0.000113
02/01/2014,-0.02137
03/01/2014,-0.010238
06/01/2014,-0.00501
07/01/2014,0.007523
08/01/2014,0.009134
09/01/2014,-0.004023
10/01/2014,-0.005904
13/01/2014,-0.008636
14/01/2014,0.009435
15/01/2014,0.011868
16/01/2014,-0.002961
17/01/2014,0.001617
20/01/2014,0.00017
21/01/2014,0.002651
22/01/2014,0.003338
23/01/2014,-0.007642
24/01/2014,-0.019703
27/01/2014,-0.00905
28/01/2014,0.005965
29/01/2014,0.002786
30/01/2014,-0.001558
31/01/2014,-0.003777
03/02/2014,-0.017049
04/02/2014,-0.007251
05/02/2014,-0.005866
06/02/2014,0.001264
07/02/2014,0.011425
10/02/2014,-0.001782
11/02/2014,0.002262
12/02/2014,-0.006729
13/02/2014,0.012336
14/02/2014,-0.002347
17/02/2014,0.000382
18/02/2014,0.005502
19/02/2014,-0.000464
20/02/2014,-0.003908
21/02/2014,0.006307
24/02/2014,-0.000338
25/02/2014,0.002756
26/02/2014,0.003839
27/02/2014,0.004866
28/02/2014,0.001632
03/03/2014,-0.008691
04/03/2014,0.008383
05/03/2014,-0.005737
06/03/2014,0.001461
07/03/2014,-0.000981
10/03/2014,-0.006188
11/03/2014,-0.002675
12/03/2014,-0.004277
13/03/2014,-0.005604
14/03/2014,-0.001041
17/03/2014,0.002413
18/03/2014,0.008821
19/03/2014,-0.01204
20/03/2014,-0.007097
21/03/2014,-0.003664
24/03/2014,-0.000791
25/03/2014,0.004996
26/03/2014,0.001208
27/03/2014,0.005292
28/03/2014,0.001063
31/03/2014,0.004464
01/04/2014,0.001936
02/04/2014,-0.007406
03/04/2014,0.000672
04/04/2014,0.002721
07/04/2014,-0.005702
08/04/2014,0.002494
09/04/2014,0.011187
10/04/2014,-0.001922
11/04/2014,-0.008539
14/04/2014,0.001598
15/04/2014,0.00138
16/04/2014,0.00709
17/04/2014,-0.000826
18/04/2014,0.00004
21/04/2014,-0.000174
22/04/2014,0.001395
23/04/2014,-0.003008
24/04/2014,0.001588
25/04/2014,-0.006241
28/04/2014,0.000579
29/04/2014,0.008946
30/04/2014,0.003189
01/05/2014,-0.002128
02/05/2014,0.001023
05/05/2014,-0.004135
06/05/2014,0.003273
07/05/2014,0.002148
08/05/2014,0.004728
09/05/2014,-0.008219
12/05/2014,0.001055
13/05/2014,0.007694
14/05/2014,0.006081
15/05/2014,-0.004808
16/05/2014,0.001864
19/05/2014,0.002572
20/05/2014,-0.005883
21/05/2014,0.006603
22/05/2014,0.000784
23/05/2014,0.004599
26/05/2014,0.002166
27/05/2014,0.003218
28/05/2014,0.006771
29/05/2014,0.004417
30/05/2014,-0.004389
02/06/2014,-0.006439
03/06/2014,-0.01057
04/06/2014,-0.002853
05/06/2014,0.011161
06/06/2014,0.007706
09/06/2014,0.003952
10/06/2014,-0.003225
11/06/2014,-0.001906
12/06/2014,0.007079
13/06/2014,-0.001293
16/06/2014,-0.001697
17/06/2014,-0.004959
18/06/2014,0.008364
19/06/2014,0.008754
20/06/2014,-0.003682
23/06/2014,-0.004121
24/06/2014,0.000943
25/06/2014,0.00327
26/06/2014,0.003403
27/06/2014,-0.000936
30/06/2014,0.001205
01/07/2014,0.007737
02/07/2014,-0.004019
03/07/2014,0.003016
04/07/2014,-0.000443
07/07/2014,-0.004941
08/07/2014,-0.003036
09/07/2014,0.002339
10/07/2014,-0.001878
11/07/2014,0.00198
14/07/2014,-0.000143
15/07/2014,-0.00229
16/07/2014,0.005825
17/07/2014,-0.000083
18/07/2014,0.002101
21/07/2014,0.002658
22/07/2014,0.011262
23/07/2014,0.004609
24/07/2014,-0.006963
25/07/2014,-0.001257
28/07/2014,-0.000029
29/07/2014,0.002315
30/07/2014,-0.008699
31/07/2014,-0.02034
01/08/2014,-0.005636
04/08/2014,0.005863
05/08/2014,-0.006162
06/08/2014,-0.006399
07/08/2014,0.00184
08/08/2014,0.000751
11/08/2014,0.004951
12/08/2014,0.004553
13/08/2014,0.005955
14/08/2014,0.009199
15/08/2014,0.004097
18/08/2014,0.005555
19/08/2014,0.003625
20/08/2014,0.002731
21/08/2014,-0.00306
22/08/2014,0.004701
25/08/2014,0.007847
26/08/2014,0.004853
27/08/2014,0.004805
28/08/2014,-0.001326
29/08/2014,0.005128
01/09/2014,0.00127
02/09/2014,-0.000342
03/09/2014,-0.000653
04/09/2014,0.014694
05/09/2014,0.002446
08/09/2014,0.000776
09/09/2014,-0.01308
10/09/2014,0.000754
11/09/2014,-0.001424
12/09/2014,-0.007128
15/09/2014,-0.00331
16/09/2014,-0.00087
17/09/2014,0.00737
18/09/2014,0.0073
19/09/2014,0.016109
22/09/2014,-0.000656
23/09/2014,-0.004792
24/09/2014,0.006458
25/09/2014,-0.00324
26/09/2014,0.00604
29/09/2014,-0.004898
30/09/2014,0.010512
01/10/2014,-0.000951
02/10/2014,-0.011257
03/10/2014,0.016819
06/10/2014,-0.009204
07/10/2014,-0.005071
08/10/2014,0.007208
09/10/2014,0.000374
10/10/2014,0.003489
13/10/2014,-0.004331
14/10/2014,0.008315
15/10/2014,0.008761
16/10/2014,-0.013187
17/10/2014,-0.002994
20/10/2014,0.004811
21/10/2014,-0.002576
22/10/2014,0.004747
23/10/2014,-0.005215
24/10/2014,0.003179
27/10/2014,0.00101
28/10/2014,-0.004313
29/10/2014,-0.007811
30/10/2014,0.012106
31/10/2014,0.014318
03/11/2014,0.003154
04/11/2014,0.007532
05/11/2014,0.003713
06/11/2014,0.002853
07/11/2014,-0.005682
10/11/2014,0.003507
11/11/2014,-0.002474
12/11/2014,0.004155
13/11/2014,0.009949
14/11/2014,-0.003309
17/11/2014,0.003406
18/11/2014,-0.000712
19/11/2014,-0.001872
20/11/2014,0.002285
21/11/2014,0.007194
24/11/2014,0.002891
25/11/2014,0.005594
26/11/2014,0.003517
27/11/2014,0.005845
28/11/2014,0.019215
01/12/2014,-0.012988
02/12/2014,0.0036
03/12/2014,0.003424
04/12/2014,0.000128
05/12/2014,0.006527
08/12/2014,-0.000891
09/12/2014,-0.006708
10/12/2014,-0.003253
11/12/2014,0.004746
12/12/2014,-0.002267
15/12/2014,-0.004998
16/12/2014,0.000973
17/12/2014,0.006451
18/12/2014,0.00375
19/12/2014,0.003778
22/12/2014,0.008931
23/12/2014,-0.002103
24/12/2014,0.003056
25/12/2014,-0.000101
26/12/2014,0.001547
29/12/2014,0.009721
30/12/2014,-0.003298
31/12/2014,0.003515
01/01/2015,-0.000039
02/01/2015,0.011234
05/01/2015,0.002629
06/01/2015,0.000878
07/01/2015,0.004973
08/01/2015,0.004487
09/01/2015,-0.002576
12/01/2015,0.00694
13/01/2015,0.003358
14/01/2015,-0.001544
15/01/2015,-0.008328
16/01/2015,-0.002326
19/01/2015,0.001094
20/01/2015,0.006882
21/01/2015,-0.004314
22/01/2015,0.012048
23/01/2015,0.014625
26/01/2015,-0.000205
27/01/2015,-0.007127
28/01/2015,0.005014
29/01/2015,0.005808
30/01/2015,-0.003196
02/02/2015,-0.002959
03/02/2015,-0.013256
04/02/2015,0.005215
05/02/2015,-0.005013
06/02/2015,-0.005985
09/02/2015,-0.009624
10/02/2015,0.005992
11/02/2015,0.004494
12/02/2015,-0.00049
13/02/2015,-0.002014
16/02/2015,-0.001468
17/02/2015,-0.00448
18/02/2015,0.00571
19/02/2015,0.003318
20/02/2015,0.002616
23/02/2015,0.008664
24/02/2015,0.003837
25/02/2015,-0.001249
26/02/2015,0.009068
27/02/2015,-0.004084
02/03/2015,0.003336
03/03/2015,-0.008891
04/03/2015,-0.001037
05/03/2015,0.007276
06/03/2015,0.001845
09/03/2015,0.000729
10/03/2015,0.004833
11/03/2015,0.009973
12/03/2015,0.004444
13/03/2015,0.007057
16/03/2015,0.003276
17/03/2015,0.000208
18/03/2015,0.001913
19/03/2015,0.005011
20/03/2015,-0.007177
23/03/2015,-0.0097
24/03/2015,0.002683
25/03/2015,-0.008913
26/03/2015,-0.010207
27/03/2015,0.007158
30/03/2015,0.012973
31/03/2015,-0.000686
01/04/2015,-0.004395
02/04/2015,-0.001099
03/04/2015,0.000756
06/04/2015,-0.004609
07/04/2015,0.006202
08/04/2015,0.009051
09/04/2015,0.008297
10/04/2015,0.002855
13/04/2015,0.003479
14/04/2015,-0.002586
15/04/2015,-0.001877
16/04/2015,-0.00871
17/04/2015,-0.00951
20/04/2015,0.002364
21/04/2015,0.003993
22/04/2015,-0.003338
23/04/2015,-0.00322
24/04/2015,0.004197
27/04/2015,0.001783
28/04/2015,-0.008636
29/04/2015,-0.021531
30/04/2015,-0.012778
01/05/2015,0.000232
04/05/2015,0.000555
05/05/2015,-0.013768
06/05/2015,-0.012291
07/05/2015,0.000797
08/05/2015,0.008459
11/05/2015,-0.001766
12/05/2015,-0.00512
13/05/2015,-0.002636
14/05/2015,-0.00038
15/05/2015,0.002965
18/05/2015,-0.001037
19/05/2015,0.005962
20/05/2015,0.003485
21/05/2015,0.001767
22/05/2015,0.001839
25/05/2015,-0.000243
26/05/2015,0.001481
27/05/2015,0.006028
28/05/2015,-0.000866
29/05/2015,-0.004091
01/06/2015,-0.002364
02/06/2015,-0.011787
03/06/2015,0.001002
04/06/2015,-0.004597
05/06/2015,0.001172
08/06/2015,-0.010085
09/06/2015,-0.00773
10/06/2015,-0.000813
11/06/2015,0.009807
12/06/2015,-0.001194
15/06/2015,-0.00313
16/06/2015,-0.000324
17/06/2015,-0.000509
18/06/2015,-0.000357
19/06/2015,0.001624
22/06/2015,0.00393
23/06/2015,0.001558
24/06/2015,-0.003333
25/06/2015,-0.005378
26/06/2015,0.000274
29/06/2015,-0.014804
30/06/2015,-0.002458
01/07/2015,0.004497
02/07/2015,-0.000065
03/07/2015,0.000909
06/07/2015,0.003917
07/07/2015,0.010265
08/07/2015,-0.012375
09/07/2015,-0.003168
10/07/2015,-0.003216
13/07/2015,0.003164
14/07/2015,0.002503
15/07/2015,0.00982
16/07/2015,0.004616
17/07/2015,0.005167
20/07/2015,0.004128
21/07/2015,-0.003734
22/07/2015,0.00449
23/07/2015,0.001561
24/07/2015,0.002734
27/07/2015,-0.004857
28/07/2015,-0.002078
29/07/2015,-0.00068
30/07/2015,0.006956
31/07/2015,0.005048
03/08/2015,0.01059
04/08/2015,-0.004663
05/08/2015,0.003775
06/08/2015,-0.002099
07/08/2015,-0.001107
10/08/2015,-0.010665
11/08/2015,0.012794
12/08/2015,-0.011669
13/08/2015,0.001908
14/08/2015,-0.001513
17/08/2015,0.006504
18/08/2015,0.00202
19/08/2015,0.003192
20/08/2015,-0.004015
21/08/2015,0.004286
24/08/2015,0.009642
25/08/2015,-0.010573
26/08/2015,0.007717
27/08/2015,-0.018664
28/08/2015,-0.010263
31/08/2015,-0.008028
01/09/2015,0.01189
02/09/2015,-0.000078
03/09/2015,-0.002488
04/09/2015,0.012745
07/09/2015,0.001651
08/09/2015,-0.012953
09/09/2015,0.00201
10/09/2015,-0.002867
11/09/2015,0.004531
14/09/2015,-0.000991
15/09/2015,-0.006018
16/09/2015,-0.013108
17/09/2015,0.002508
18/09/2015,0.011484
21/09/2015,-0.001067
22/09/2015,0.013923
23/09/2015,0.002723
24/09/2015,-0.001592
25/09/2015,-0.007416
28/09/2015,0.010668
29/09/2015,0.001629
30/09/2015,-0.003929
01/10/2015,0.002142
02/10/2015,0.000403
05/10/2015,-0.013532
06/10/2015,-0.010873
07/10/2015,-0.007177
08/10/2015,-0.003616
09/10/2015,-0.009992
12/10/2015,0.004012
13/10/2015,0.004727
14/10/2015,0.006036
15/10/2015,-0.002656
16/10/2015,0.000693
19/10/2015,0.003612
20/10/2015,-0.006828
21/10/2015,0.007359
22/10/2015,0.008014
23/10/2015,-0.000087
26/10/2015,0.004669
27/10/2015,0.006717
28/10/2015,-0.004138
29/10/2015,-0.01078
30/10/2015,-0.004611
02/11/2015,0.000352
03/11/2015,-0.005989
04/11/2015,0.001407
05/11/2015,0.001412
06/11/2015,-0.001021
09/11/2015,0.00114
10/11/2015,0.008085
11/11/2015,0.000252
12/11/2015,-0.000172
13/11/2015,0.003836
16/11/2015,0.006734
17/11/2015,0.004953
18/11/2015,0.004249
19/11/2015,-0.003625
20/11/2015,0.005007
23/11/2015,-0.001022
24/11/2015,-0.006133
25/11/2015,0.004821
26/11/2015,0.000013
27/11/2015,0.011492
30/11/2015,-0.00201
01/12/2015,0.000838
02/12/2015,0.006281
03/12/2015,-0.036609
04/12/2015,-0.002201
07/12/2015,0.021187
08/12/2015,-0.002155
09/12/2015,-0.007881
10/12/2015,0.00313
11/12/2015,0.00522
14/12/2015,-0.000117
15/12/2015,-0.002708
16/12/2015,0.001447
17/12/2015,0.012261
18/12/2015,-0.00747
21/12/2015,-0.002523
22/12/2015,-0.000914
23/12/2015,-0.007216
24/12/2015,-0.002788
25/12/2015,-0.00014
28/12/2015,0.004591
29/12/2015,-0.007616
30/12/2015,0.007149
31/12/2015,-0.002524
01/01/2016,-0.000167
04/01/2016,0.003089
05/01/2016,0.002437
06/01/2016,0.008268
07/01/2016,-0.00206
08/01/2016,0.004896
11/01/2016,0.012151
12/01/2016,0.005554
13/01/2016,0.001029
14/01/2016,0.002403
15/01/2016,0.019773
18/01/2016,0.000054
19/01/2016,-0.004019
20/01/2016,0.016099
21/01/2016,-0.009752
22/01/2016,-0.019493
25/01/2016,0.006649
26/01/2016,-0.005302
27/01/2016,-0.004007
28/01/2016,-0.00157
29/01/2016,0.00162
01/02/2016,-0.000633
02/02/2016,0.015244
03/02/2016,-0.006017
04/02/2016,-0.005069
05/02/2016,0.005828
08/02/2016,0.014325
09/02/2016,0.007375
10/02/2016,0.001303
11/02/2016,0.017071
12/02/2016,-0.01935
15/02/2016,-0.005179
16/02/2016,-0.002742
17/02/2016,-0.01161
18/02/2016,0.005233
19/02/2016,0.005081
22/02/2016,-0.004243
23/02/2016,0.005459
24/02/2016,0.006649
25/02/2016,0.000471
26/02/2016,-0.00903
29/02/2016,0.004483
01/03/2016,-0.00969
02/03/2016,-0.008522
03/03/2016,-0.00186
04/03/2016,-0.008744
07/03/2016,-0.004546
08/03/2016,0.007915
09/03/2016,-0.008244
10/03/2016,-0.01255
11/03/2016,-0.001031
14/03/2016,-0.000491
15/03/2016,-0.003727
16/03/2016,0.004416
17/03/2016,0.009429
18/03/2016,0.000929
21/03/2016,-0.001482
22/03/2016,0.000632
23/03/2016,-0.001319
24/03/2016,-0.002803
25/03/2016,-0.000176
28/03/2016,-0.000326
29/03/2016,0.009163
30/03/2016,0.000781
31/03/2016,0.003053
01/04/2016,0.003136
04/04/2016,-0.001609
05/04/2016,0.004101
06/04/2016,-0.000219
07/04/2016,0.000122
08/04/2016,-0.004456
11/04/2016,0.001269
12/04/2016,-0.008356
13/04/2016,-0.003906
14/04/2016,-0.003726
15/04/2016,0.006012
18/04/2016,-0.002471
19/04/2016,-0.001953
20/04/2016,-0.004547
21/04/2016,-0.013099
22/04/2016,-0.009119
25/04/2016,-0.002536
26/04/2016,-0.000132
27/04/2016,0.000422
28/04/2016,0.007813
29/04/2016,-0.003806
02/05/2016,0.003905
03/05/2016,-0.005985
04/05/2016,-0.008531
05/05/2016,0.00058
06/05/2016,0.003699
09/05/2016,-0.005845
10/05/2016,0.006089
11/05/2016,0.002508
12/05/2016,-0.005921
13/05/2016,0.00119
16/05/2016,-0.000899
17/05/2016,-0.001986
18/05/2016,-0.012107
19/05/2016,-0.004265
20/05/2016,0.002281
23/05/2016,-0.000721
24/05/2016,-0.000723
25/05/2016,0.002004
26/05/2016,0.003177
27/05/2016,0.000242
30/05/2016,-0.002295
31/05/2016,-0.00348
01/06/2016,0.002664
02/06/2016,0.009566
03/06/2016,0.003845
06/06/2016,0.000596
07/06/2016,0.006196
08/06/2016,0.004906
09/06/2016,0.003974
10/06/2016,-0.001381
13/06/2016,-0.004725
14/06/2016,0.003277
15/06/2016,-0.000539
16/06/2016,0.006468
17/06/2016,-0.007028
20/06/2016,-0.013283
21/06/2016,-0.008592
22/06/2016,-0.003
23/06/2016,-0.005458
24/06/2016,0.028999
27/06/2016,0.007816
28/06/2016,0.007992
29/06/2016,0.007226
30/06/2016,0.003552
01/07/2016,0.009494
04/07/2016,0.00067
05/07/2016,0.006342
06/07/2016,0.001618
07/07/2016,-0.000898
08/07/2016,0.008739
11/07/2016,-0.005394
12/07/2016,-0.009695
13/07/2016,0.004799
14/07/2016,-0.00776
15/07/2016,-0.008876
18/07/2016,0.001247
19/07/2016,0.00044
20/07/2016,-0.002979
21/07/2016,-0.000106
22/07/2016,0.001043
25/07/2016,-0.001611
26/07/2016,0.004666
27/07/2016,0.007288
28/07/2016,0.003406
29/07/2016,0.004915
01/08/2016,0.001412
02/08/2016,-0.011099
03/08/2016,-0.006754
04/08/2016,0.011599
05/08/2016,0.001192
08/08/2016,-0.001306
09/08/2016,0.008347
10/08/2016,0.004494
11/08/2016,-0.005551
12/08/2016,-0.003981
15/08/2016,-0.000034
16/08/2016,-0.010013
17/08/2016,-0.006466
18/08/2016,0.005639
19/08/2016,-0.010286
22/08/2016,0.000268
23/08/2016,0.006122
24/08/2016,-0.009645
25/08/2016,-0.001749
26/08/2016,-0.001777
29/08/2016,0.003404
30/08/2016,-0.001929
31/08/2016,-0.005945
01/09/2016,-0.004396
02/09/2016,0.006095
05/09/2016,0.003845
06/09/2016,0.013393
07/09/2016,0.002514
08/09/2016,-0.016839
09/09/2016,-0.029651
12/09/2016,-0.006982
13/09/2016,-0.010583
14/09/2016,-0.00014
15/09/2016,0.005028
16/09/2016,0.003985
19/09/2016,0.007689
20/09/2016,0.00493
21/09/2016,0.004711
22/09/2016,0.007371
23/09/2016,-0.003308
26/09/2016,-0.002805
27/09/2016,0.008563
28/09/2016,-0.00181
29/09/2016,-0.007376
30/09/2016,-0.00227
03/10/2016,-0.000159
04/10/2016,-0.006209
05/10/2016,-0.00857
06/10/2016,0.00032
07/10/2016,-0.000902
10/10/2016,0.002349
11/10/2016,-0.008097
12/10/2016,-0.00148
13/10/2016,-0.006964
14/10/2016,0.0032
17/10/2016,-0.002758
18/10/2016,0.008066
19/10/2016,0.004735
20/10/2016,-0.000992
21/10/2016,0.000735
24/10/2016,0.004682
25/10/2016,-0.001807
26/10/2016,-0.012758
27/10/2016,-0.005242
28/10/2016,-0.005224
31/10/2016,-0.00212
01/11/2016,-0.009501
02/11/2016,-0.007885
03/11/2016,-0.000367
04/11/2016,-0.004235
07/11/2016,0.013514
08/11/2016,0.000889
09/11/2016,-0.00461
10/11/2016,-0.003821
11/11/2016,-0.008348
14/11/2016,0.006322
15/11/2016,-0.001556
16/11/2016,-0.004164
17/11/2016,0.00328
18/11/2016,0.000455
21/11/2016,-0.003083
22/11/2016,0.005489
23/11/2016,0.0071
24/11/2016,0.001874
25/11/2016,0.00542
28/11/2016,-0.003801
29/11/2016,-0.005474
30/11/2016,0.000256
01/12/2016,-0.003678
02/12/2016,-0.007019
05/12/2016,-0.000072
06/12/2016,0.004233
07/12/2016,0.001075
08/12/2016,0.010428
09/12/2016,0.010383
12/12/2016,-0.005323
13/12/2016,0.002627
14/12/2016,0.000574
15/12/2016,0.013459
16/12/2016,-0.004532
19/12/2016,-0.003518
20/12/2016,0.003809
21/12/2016,-0.002481
22/12/2016,-0.00041
23/12/2016,-0.00048
26/12/2016,-0.000151
27/12/2016,0.004664
28/12/2016,0.000399
29/12/2016,-0.0098
30/12/2016,-0.007303
02/01/2017,0.001915
03/01/2017,0.003505
04/01/2017,0.004568
05/01/2017,-0.012699
06/01/2017,0.004058
09/01/2017,-0.003951
10/01/2017,0.001379
11/01/2017,0.006135
12/01/2017,-0.003744
13/01/2017,0.003052
16/01/2017,-0.00181
17/01/2017,-0.012109
18/01/2017,0.003927
19/01/2017,0.00201
20/01/2017,-0.000153
23/01/2017,-0.006818
24/01/2017,0.010471
25/01/2017,0.003103
26/01/2017,0.001686
27/01/2017,-0.001067
30/01/2017,-0.011411
31/01/2017,-0.003376
01/02/2017,0.005587
02/02/2017,-0.000415
03/02/2017,0.004799
06/02/2017,-0.003522
07/02/2017,-0.004123
08/02/2017,0.002639
09/02/2017,0.003933
10/02/2017,0.014583
13/02/2017,0.003188
14/02/2017,0.004923
15/02/2017,0.009939
16/02/2017,-0.009281
17/02/2017,-0.003028
20/02/2017,0.004165
21/02/2017,0.007071
22/02/2017,-0.000043
23/02/2017,-0.003053
24/02/2017,-0.005448
27/02/2017,-0.000233
28/02/2017,-0.00322
01/03/2017,0.012714
02/03/2017,-0.011154
03/03/2017,-0.006354
06/03/2017,-0.001709
07/03/2017,0.001522
08/03/2017,-0.005091
09/03/2017,-0.005501
10/03/2017,-0.000254
13/03/2017,0.004529
14/03/2017,-0.001209
15/03/2017,-0.001263
16/03/2017,0.001897
17/03/2017,0.000452
20/03/2017,-0.000567
21/03/2017,-0.01457
22/03/2017,-0.003949
23/03/2017,0.002011
24/03/2017,0.003716
27/03/2017,-0.009233
28/03/2017,0.00827
29/03/2017,0.005399
30/03/2017,0.001457
31/03/2017,-0.005644
03/04/2017,-0.001321
04/04/2017,-0.001405
05/04/2017,-0.001846
06/04/2017,0.000268
07/04/2017,0.002308
10/04/2017,-0.005554
11/04/2017,-0.00235
12/04/2017,-0.001254
13/04/2017,0.001339
14/04/2017,-0.000439
17/04/2017,0.002935
18/04/2017,-0.012621
19/04/2017,-0.003585
20/04/2017,0.007926
21/04/2017,0.000916
24/04/2017,0.001675
25/04/2017,-0.003571
26/04/2017,0.002935
27/04/2017,0.00343
28/04/2017,0.000023
01/05/2017,-0.003303
02/05/2017,0.008432
03/05/2017,-0.003669
04/05/2017,0.004956
05/05/2017,-0.003779
08/05/2017,-0.001746
09/05/2017,0.001898
10/05/2017,-0.003515
11/05/2017,-0.000415
12/05/2017,0.003798
15/05/2017,0.000369
16/05/2017,-0.004206
17/05/2017,-0.019917
18/05/2017,-0.004583
19/05/2017,-0.000458
22/05/2017,-0.000113
23/05/2017,0.003958
24/05/2017,0.001805
25/05/2017,0.011841
26/05/2017,-0.001025
29/05/2017,0.000287
30/05/2017,0.001626
31/05/2017,0.00499
01/06/2017,0.008499
02/06/2017,0.009313
05/06/2017,-0.002382
06/06/2017,-0.002254
07/06/2017,-0.000947
08/06/2017,-0.000922
09/06/2017,-0.001279
12/06/2017,-0.005089
13/06/2017,-0.00125
14/06/2017,0.011426
15/06/2017,-0.018802
16/06/2017,0.00322
19/06/2017,0.008342
20/06/2017,0.002258
21/06/2017,0.004143
22/06/2017,0.005661
23/06/2017,-0.001657
26/06/2017,0.00593
27/06/2017,-0.021159
28/06/2017,-0.004457
29/06/2017,-0.019017
30/06/2017,-0.016297
03/07/2017,-0.004247
04/07/2017,-0.002108
05/07/2017,0.003363
06/07/2017,-0.009771
07/07/2017,0.005695
10/07/2017,0.00254
11/07/2017,0.000714
12/07/2017,0.007649
13/07/2017,0.003263
14/07/2017,0.000342
17/07/2017,0.001582
18/07/2017,-0.002564
19/07/2017,0.000485
20/07/2017,0.003969
21/07/2017,-0.004007
24/07/2017,-0.000837
25/07/2017,0.005016
26/07/2017,0.006752
27/07/2017,-0.004583
28/07/2017,-0.003173
31/07/2017,0.00282
01/08/2017,0.002615
02/08/2017,0.00134
03/08/2017,-0.001454
04/08/2017,-0.000245
07/08/2017,0.002492
08/08/2017,-0.000406
09/08/2017,-0.010472
10/08/2017,-0.012162
11/08/2017,-0.002933
14/08/2017,0.006324
15/08/2017,-0.000507
16/08/2017,0.01594
17/08/2017,-0.011617
18/08/2017,0.000271
21/08/2017,0.004689
22/08/2017,0.005174
23/08/2017,0.003841
24/08/2017,0.001837
25/08/2017,0.007828
28/08/2017,0.003946
29/08/2017,0.005641
30/08/2017,-0.002213
31/08/2017,0.006247
01/09/2017,0.004653
04/09/2017,-0.001738
05/09/2017,0.000611
06/09/2017,-0.001138
07/09/2017,0.016017
08/09/2017,-0.004592
11/09/2017,-0.000308
12/09/2017,-0.008174
13/09/2017,-0.013572
14/09/2017,-0.003922
15/09/2017,-0.00225
18/09/2017,-0.001564
19/09/2017,0.006008
20/09/2017,-0.001383
21/09/2017,-0.005616
22/09/2017,-0.001277
25/09/2017,-0.001612
26/09/2017,-0.007936
27/09/2017,-0.007363
28/09/2017,0.003221
29/09/2017,0.001338
02/10/2017,0.000426
03/10/2017,0.006858
04/10/2017,0.003065
05/10/2017,0.003408
06/10/2017,-0.006359
09/10/2017,0.001359
10/10/2017,0.008149
11/10/2017,0.005417
12/10/2017,0.001212
13/10/2017,0.005622
16/10/2017,0.009663
17/10/2017,-0.003637
18/10/2017,0.002359
19/10/2017,-0.003863
20/10/2017,0.001282
23/10/2017,-0.003447
24/10/2017,0.00068
25/10/2017,-0.000821
26/10/2017,0.005723
27/10/2017,0.007013
30/10/2017,0.000664
31/10/2017,0.009514
01/11/2017,0.009058
02/11/2017,-0.001404
03/11/2017,0.003322
06/11/2017,0.007096
07/11/2017,-0.004014
08/11/2017,-0.000498
09/11/2017,-0.009746
10/11/2017,-0.009385
13/11/2017,-0.000845
14/11/2017,-0.007098
15/11/2017,-0.006196
16/11/2017,0.007657
17/11/2017,0.005169
20/11/2017,0.002708
21/11/2017,0.014036
22/11/2017,-0.000873
23/11/2017,0.000123
24/11/2017,0.007773
27/11/2017,-0.006292
28/11/2017,0.002265
29/11/2017,-0.010939
30/11/2017,0.004438
01/12/2017,0.002563
04/12/2017,-0.002573
05/12/2017,-0.004727
06/12/2017,-0.010321
07/12/2017,0.014695
08/12/2017,0.00786
11/12/2017,0.008247
12/12/2017,-0.00329
13/12/2017,-0.007866
14/12/2017,-0.001927
15/12/2017,0.007822
18/12/2017,0.005485
19/12/2017,-0.005332
20/12/2017,-0.002299
21/12/2017,0.005158
22/12/2017,0.001325
25/12/2017,0.000166
26/12/2017,0.003496
27/12/2017,0.000337
28/12/2017,-0.001578
29/12/2017,-0.002589
01/01/2018,0.000105
02/01/2018,-0.000915
03/01/2018,0.011732
04/01/2018,0.016382
05/01/2018,0.004845
08/01/2018,0.000789
09/01/2018,-0.001027
10/01/2018,-0.002885
11/01/2018,0.004116
12/01/2018,0.015186
15/01/2018,0.00405
16/01/2018,-0.002513
17/01/2018,0.002105
18/01/2018,0.001543
19/01/2018,0.005487
22/01/2018,0.008534
23/01/2018,0.004304
24/01/2018,0.010188
25/01/2018,-0.005768
26/01/2018,0.006238
29/01/2018,-0.013762
30/01/2018,-0.017853
31/01/2018,0.006801
01/02/2018,0.011142
02/02/2018,-0.026774
05/02/2018,-0.041379
06/02/2018,-0.01792
07/02/2018,-0.014261
08/02/2018,-0.010594
09/02/2018,-0.015268
12/02/2018,0.008436
13/02/2018,0.003631
14/02/2018,0.021552
15/02/2018,0.007337
16/02/2018,0.000631
19/02/2018,-0.000191
20/02/2018,-0.005507
21/02/2018,0.002069
22/02/2018,-0.001228
23/02/2018,0.000713
26/02/2018,0.003047
27/02/2018,-0.003161
28/02/2018,-0.013939
01/03/2018,-0.013329
02/03/2018,0.004866
05/03/2018,0.004415
06/03/2018,0.004983
07/03/2018,-0.003431
08/03/2018,-0.004985
09/03/2018,0.008896
12/03/2018,-0.001186
13/03/2018,0.000561
14/03/2018,-0.003954
15/03/2018,-0.000101
16/03/2018,0.003057
19/03/2018,-0.005322
20/03/2018,0.00594
21/03/2018,0.009189
22/03/2018,-0.010036
23/03/2018,0.000691
26/03/2018,0.007806
27/03/2018,-0.00722
28/03/2018,-0.007395
29/03/2018,0.004198
30/03/2018,0.000213
02/04/2018,-0.005531
03/04/2018,0.001849
04/04/2018,0.000131
05/04/2018,-0.00355
06/04/2018,-0.00648
09/04/2018,0.003573
10/04/2018,0.008224
11/04/2018,0.006635
12/04/2018,0.00175
13/04/2018,0.002893
16/04/2018,-0.000556
17/04/2018,0.001314
18/04/2018,0.008305
19/04/2018,-0.004282
20/04/2018,-0.005985
23/04/2018,-0.00462
24/04/2018,-0.002453
25/04/2018,-0.000881
26/04/2018,0.005781
27/04/2018,-0.001615
30/04/2018,-0.000218
01/05/2018,-0.002121
02/05/2018,-0.0023
03/05/2018,-0.002065
04/05/2018,0.005182
07/05/2018,0.006601
08/05/2018,-0.00645
09/05/2018,0.013316
10/05/2018,-0.000798
11/05/2018,0.000223
14/05/2018,0.003543
15/05/2018,0.00573
16/05/2018,0.001632
17/05/2018,0.002928
18/05/2018,-0.005332
21/05/2018,0.001322
22/05/2018,-0.000139
23/05/2018,-0.009612
24/05/2018,-0.008338
25/05/2018,-0.010666
28/05/2018,-0.000212
29/05/2018,-0.021457
30/05/2018,0.005339
31/05/2018,-0.003841
01/06/2018,0.004889
04/06/2018,-0.000824
05/06/2018,0.001466
06/06/2018,-0.004212
07/06/2018,-0.001235
08/06/2018,-0.000976
11/06/2018,-0.000199
12/06/2018,0.001692
13/06/2018,0.004338
14/06/2018,0.012071
15/06/2018,-0.008302
18/06/2018,0.000738
19/06/2018,-0.005959
20/06/2018,0.004426
21/06/2018,-0.008219
22/06/2018,0.003995
25/06/2018,-0.011902
26/06/2018,0.007118
27/06/2018,0.009465
28/06/2018,0.004548
29/06/2018,-0.001993
02/07/2018,0.009155
03/07/2018,-0.008898
04/07/2018,-0.000947
05/07/2018,0.001782
06/07/2018,-0.006095
09/07/2018,0.008304
10/07/2018,0.005408
11/07/2018,-0.001098
12/07/2018,0.006782
13/07/2018,0.005708
16/07/2018,-0.014463
17/07/2018,0.008448
18/07/2018,0.004547
19/07/2018,0.003875
20/07/2018,-0.018526
23/07/2018,-0.000207
24/07/2018,-0.001271
25/07/2018,-0.004296
26/07/2018,0.009962
27/07/2018,-0.005574
30/07/2018,-0.011223
31/07/2018,0.001127
01/08/2018,-0.001741
02/08/2018,0.007618
03/08/2018,-0.00227
06/08/2018,0.007924
07/08/2018,0.002607
08/08/2018,-0.006977
09/08/2018,0.006032
10/08/2018,0.008301
13/08/2018,0.001733
14/08/2018,0.007253
15/08/2018,-0.000414
16/08/2018,0.000797
17/08/2018,0.000593
20/08/2018,-0.002975
21/08/2018,-0.009341
22/08/2018,0.001918
23/08/2018,0.012446
24/08/2018,-0.008056
27/08/2018,-0.001825
28/08/2018,0.002884
29/08/2018,0.005213
30/08/2018,0.00635
31/08/2018,0.000814
03/09/2018,0.001064
04/09/2018,0.004857
05/09/2018,-0.015691
06/09/2018,-0.0066
07/09/2018,0.00444
10/09/2018,-0.001006
11/09/2018,0.011434
12/09/2018,-0.009875
13/09/2018,-0.0069
14/09/2018,0.011162
17/09/2018,-0.005132
18/09/2018,0.00446
19/09/2018,-0.005523
20/09/2018,-0.011877
21/09/2018,-0.000551
24/09/2018,0.004332
25/09/2018,0.00339
26/09/2018,-0.004742
27/09/2018,0.011384
28/09/2018,0.002238
01/10/2018,0.010225
02/10/2018,-0.009553
03/10/2018,0.017793
04/10/2018,-0.009746
05/10/2018,-0.004274
08/10/2018,-0.002305
09/10/2018,-0.005809
10/10/2018,-0.014302
11/10/2018,-0.037498
12/10/2018,-0.002651
15/10/2018,-0.003727
16/10/2018,0.002695
17/10/2018,0.006247
18/10/2018,0.00173
19/10/2018,0.001085
22/10/2018,0.000453
23/10/2018,-0.006595
24/10/2018,0.005012
25/10/2018,0.003495
26/10/2018,-0.005322
29/10/2018,0.002255
30/10/2018,0.005596
31/10/2018,0.002575
01/11/2018,-0.03084
02/11/2018,-0.002028
05/11/2018,0.003061
06/11/2018,0.001449
07/11/2018,-0.006224
08/11/2018,0.006987
09/11/2018,0.007981
12/11/2018,0.008756
13/11/2018,-0.002931
14/11/2018,-0.000658
15/11/2018,-0.006881
16/11/2018,-0.011495
19/11/2018,0.000799
20/11/2018,0.010044
21/11/2018,-0.002788
