DATETIME,FX
1999-09-06,1.06283
1999-09-07,1.05771
1999-09-08,1.05889
1999-09-09,1.0597
1999-09-10,1.05491
1999-09-13,1.04257
1999-09-14,1.03646
1999-09-15,1.03594
1999-09-16,1.03826
1999-09-17,1.03959
1999-09-20,1.04075
1999-09-21,1.04185
1999-09-22,1.04755
1999-09-23,1.04671
1999-09-24,1.04648
1999-09-27,1.04572
1999-09-28,1.04694
1999-09-29,1.05254
1999-09-30,1.0617
1999-10-01,1.06967
1999-10-04,1.07213
1999-10-05,1.07021
1999-10-06,1.07138
1999-10-07,1.07195
1999-10-08,1.06852
1999-10-11,1.06449
1999-10-12,1.06539
1999-10-13,1.07305
1999-10-14,1.07784
1999-10-15,1.08325
1999-10-18,1.08663
1999-10-19,1.08386
1999-10-20,1.07959
1999-10-21,1.07814
1999-10-22,1.07804
1999-10-25,1.07165
1999-10-26,1.06515
1999-10-27,1.05964
1999-10-28,1.05385
1999-10-29,1.05141
1999-11-01,1.05345
1999-11-02,1.05283
1999-11-03,1.05068
1999-11-04,1.04896
1999-11-05,1.04293
1999-11-08,1.04021
1999-11-09,1.04051
1999-11-10,1.04064
1999-11-11,1.04123
1999-11-12,1.03815
1999-11-15,1.03318
1999-11-16,1.03285
1999-11-17,1.03799
1999-11-18,1.04029
1999-11-19,1.03442
1999-11-22,1.03128
1999-11-23,1.03154
1999-11-24,1.02648
1999-11-25,1.02079
1999-11-26,1.01602
1999-11-29,1.01237
1999-11-30,1.00968
1999-12-01,1.00932
1999-12-02,1.00746
1999-12-03,1.00324
1999-12-06,1.01029
1999-12-07,1.01984
1999-12-08,1.02416
1999-12-09,1.02287
1999-12-10,1.0175
1999-12-13,1.01359
1999-12-14,1.0087
1999-12-15,1.00474
1999-12-16,1.01081
1999-12-17,1.01915
1999-12-20,1.01337
1999-12-21,1.00929
1999-12-22,1.00884
1999-12-23,1.00904
1999-12-24,1.0119
1999-12-27,1.01325
1999-12-28,1.01325
1999-12-29,1.00908
1999-12-30,1.00534
1999-12-31,1.00534
2000-01-03,1.00507
2000-01-04,1.01799
2000-01-05,1.02891
2000-01-06,1.03169
2000-01-07,1.03195
2000-01-10,1.03019
2000-01-11,1.02693
2000-01-12,1.03041
2000-01-13,1.03173
2000-01-14,1.02772
2000-01-17,1.0188
2000-01-18,1.01247
2000-01-19,1.01264
2000-01-20,1.01276
2000-01-21,1.0155
2000-01-24,1.01221
2000-01-25,1.00751
2000-01-26,1.00321
2000-01-27,1.00171
2000-01-28,0.993113
2000-01-31,0.981571
2000-02-01,0.973031
2000-02-02,0.971452
2000-02-03,0.974671
2000-02-04,0.985417
2000-02-07,0.986526
2000-02-08,0.981693
2000-02-09,0.984113
2000-02-10,0.990904
2000-02-11,0.987722
2000-02-14,0.985807
2000-02-15,0.982472
2000-02-16,0.980891
2000-02-17,0.984534
2000-02-18,0.987336
2000-02-21,0.986145
2000-02-22,0.986562
2000-02-23,0.997588
2000-02-24,1.00317
2000-02-25,0.997027
2000-02-28,0.981977
2000-02-29,0.973053
2000-03-01,0.967545
2000-03-02,0.970006
2000-03-03,0.967955
2000-03-06,0.960869
2000-03-07,0.95877
2000-03-08,0.959183
2000-03-09,0.960511
2000-03-10,0.964389
2000-03-13,0.964004
2000-03-14,0.96369
2000-03-15,0.966559
2000-03-16,0.968108
2000-03-17,0.970434
2000-03-20,0.972304
2000-03-21,0.973139
2000-03-22,0.96773
2000-03-23,0.962031
2000-03-24,0.967438
2000-03-27,0.974947
2000-03-28,0.969942
2000-03-29,0.962999
2000-03-30,0.9546
2000-03-31,0.95739
2000-04-03,0.95789
2000-04-04,0.957102
2000-04-05,0.960597
2000-04-06,0.963158
2000-04-07,0.960382
2000-04-10,0.956422
2000-04-11,0.959708
2000-04-12,0.960309
2000-04-13,0.958654
2000-04-14,0.956118
2000-04-17,0.958877
2000-04-18,0.955986
2000-04-19,0.949132
2000-04-20,0.943189
2000-04-21,0.939434
2000-04-24,0.939681
2000-04-25,0.939141
2000-04-26,0.927806
2000-04-27,0.922687
2000-04-28,0.915144
2000-05-01,0.910697
2000-05-02,0.91416
2000-05-03,0.911481
2000-05-04,0.89995
2000-05-05,0.892052
2000-05-08,0.894502
2000-05-09,0.898051
2000-05-10,0.904308
2000-05-11,0.90713
2000-05-12,0.903521
2000-05-15,0.912846
2000-05-16,0.914248
2000-05-17,0.90576
2000-05-18,0.897349
2000-05-19,0.894062
2000-05-22,0.89536
2000-05-23,0.900469
2000-05-24,0.905187
2000-05-25,0.906052
2000-05-26,0.909573
2000-05-29,0.928211
2000-05-30,0.930658
2000-05-31,0.928731
2000-06-01,0.934647
2000-06-02,0.933779
2000-06-05,0.940386
2000-06-06,0.947395
2000-06-07,0.951773
2000-06-08,0.958963
2000-06-09,0.958709
2000-06-12,0.954709
2000-06-13,0.953182
2000-06-14,0.958003
2000-06-15,0.959029
2000-06-16,0.955462
2000-06-19,0.959903
2000-06-20,0.959942
2000-06-21,0.956997
2000-06-22,0.949793
2000-06-23,0.940212
2000-06-26,0.936655
2000-06-27,0.93672
2000-06-28,0.942858
2000-06-29,0.944032
2000-06-30,0.948263
2000-07-03,0.951954
2000-07-04,0.951356
2000-07-05,0.951391
2000-07-06,0.952326
2000-07-07,0.951584
2000-07-10,0.948828
2000-07-11,0.952363
2000-07-12,0.953848
2000-07-13,0.946051
2000-07-14,0.939116
2000-07-17,0.937871
2000-07-18,0.937049
2000-07-19,0.929905
2000-07-20,0.925083
2000-07-21,0.929747
2000-07-24,0.935555
2000-07-25,0.934316
2000-07-26,0.936265
2000-07-27,0.940593
2000-07-28,0.936392
2000-07-31,0.92747
2000-08-01,0.926125
2000-08-02,0.918926
2000-08-03,0.913776
2000-08-04,0.909287
2000-08-07,0.907141
2000-08-08,0.908191
2000-08-09,0.904443
2000-08-10,0.900482
2000-08-11,0.904997
2000-08-14,0.90543
2000-08-15,0.904874
2000-08-16,0.910179
2000-08-17,0.914383
2000-08-18,0.916362
2000-08-21,0.910977
2000-08-22,0.903767
2000-08-23,0.898845
2000-08-24,0.898686
2000-08-25,0.901689
2000-08-28,0.902615
2000-08-29,0.901387
2000-08-30,0.895753
2000-08-31,0.893055
2000-09-01,0.889956
2000-09-04,0.895188
2000-09-05,0.898898
2000-09-06,0.893609
2000-09-07,0.877813
2000-09-08,0.871855
2000-09-11,0.868936
2000-09-12,0.862249
2000-09-13,0.861347
2000-09-14,0.86021
2000-09-15,0.863291
2000-09-18,0.857589
2000-09-19,0.853426
2000-09-20,0.852284
2000-09-21,0.849568
2000-09-22,0.854599
2000-09-25,0.869289
2000-09-26,0.874968
2000-09-27,0.879711
2000-09-28,0.883174
2000-09-29,0.880823
2000-10-02,0.881616
2000-10-03,0.880452
2000-10-04,0.878872
2000-10-05,0.87626
2000-10-06,0.876594
2000-10-09,0.872422
2000-10-10,0.868723
2000-10-11,0.870374
2000-10-12,0.87039
2000-10-13,0.865086
2000-10-16,0.858761
2000-10-17,0.852999
2000-10-18,0.853211
2000-10-19,0.845124
2000-10-20,0.841961
2000-10-23,0.84275
2000-10-24,0.838101
2000-10-25,0.836593
2000-10-26,0.831517
2000-10-27,0.828923
2000-10-30,0.835776
2000-10-31,0.840688
2000-11-01,0.846055
2000-11-02,0.856363
2000-11-03,0.859914
2000-11-06,0.865024
2000-11-07,0.864099
2000-11-08,0.860851
2000-11-09,0.857534
2000-11-10,0.862662
2000-11-13,0.862898
2000-11-14,0.860195
2000-11-15,0.858634
2000-11-16,0.857694
2000-11-17,0.854332
2000-11-20,0.849322
2000-11-21,0.850286
2000-11-22,0.84671
2000-11-23,0.84671
2000-11-24,0.840703
2000-11-27,0.839085
2000-11-28,0.847132
2000-11-29,0.85458
2000-11-30,0.857259
2000-12-01,0.867122
2000-12-04,0.876665
2000-12-05,0.885566
2000-12-06,0.883577
2000-12-07,0.887157
2000-12-08,0.890632
2000-12-11,0.888102
2000-12-12,0.880412
2000-12-13,0.878129
2000-12-14,0.877512
2000-12-15,0.885557
2000-12-18,0.894516
2000-12-19,0.89481
2000-12-20,0.89461
2000-12-21,0.904491
2000-12-22,0.913551
2000-12-25,0.920583
2000-12-26,0.924695
2000-12-27,0.929631
2000-12-28,0.931123
2000-12-29,0.929988
2001-01-01,0.937233
2001-01-02,0.941962
2001-01-03,0.947469
2001-01-04,0.9372
2001-01-05,0.942466
2001-01-08,0.95442
2001-01-09,0.951875
2001-01-10,0.946403
2001-01-11,0.940097
2001-01-12,0.946616
2001-01-15,0.952049
2001-01-16,0.946103
2001-01-17,0.941812
2001-01-18,0.937238
2001-01-19,0.941096
2001-01-22,0.938816
2001-01-23,0.93772
2001-01-24,0.938115
2001-01-25,0.927381
2001-01-26,0.923552
2001-01-29,0.924
2001-01-30,0.919793
2001-01-31,0.92287
2001-02-01,0.93285
2001-02-02,0.93904
2001-02-05,0.937929
2001-02-06,0.93771
2001-02-07,0.933016
2001-02-08,0.929372
2001-02-09,0.922734
2001-02-12,0.922911
2001-02-13,0.929228
2001-02-14,0.925236
2001-02-15,0.919071
2001-02-16,0.909805
2001-02-19,0.91103
2001-02-20,0.919053
2001-02-21,0.915609
2001-02-22,0.910212
2001-02-23,0.907045
2001-02-26,0.914156
2001-02-27,0.914444
2001-02-28,0.915534
2001-03-01,0.921385
2001-03-02,0.927194
2001-03-05,0.933124
2001-03-06,0.931831
2001-03-07,0.932592
2001-03-08,0.93151
2001-03-09,0.931081
2001-03-12,0.931961
2001-03-13,0.930584
2001-03-14,0.920499
2001-03-15,0.912553
2001-03-16,0.90405
2001-03-19,0.898092
2001-03-20,0.898087
2001-03-21,0.904777
2001-03-22,0.900963
2001-03-23,0.890576
2001-03-26,0.890334
2001-03-27,0.894472
2001-03-28,0.894397
2001-03-29,0.889131
2001-03-30,0.884093
2001-04-02,0.877632
2001-04-03,0.877647
2001-04-04,0.890334
2001-04-05,0.899592
2001-04-06,0.897011
2001-04-09,0.899505
2001-04-10,0.89916
2001-04-11,0.891043
2001-04-12,0.887512
2001-04-13,0.890244
2001-04-16,0.889693
2001-04-17,0.887514
2001-04-18,0.883995
2001-04-19,0.88417
2001-04-20,0.892199
2001-04-23,0.89963
2001-04-24,0.899393
2001-04-25,0.895506
2001-04-26,0.895337
2001-04-27,0.90079
2001-04-30,0.89534
2001-05-01,0.888182
2001-05-02,0.890462
2001-05-03,0.893014
2001-05-04,0.891406
2001-05-07,0.892452
2001-05-08,0.8915
2001-05-09,0.886179
2001-05-10,0.884533
2001-05-11,0.882892
2001-05-14,0.878325
2001-05-15,0.875272
2001-05-16,0.876968
2001-05-17,0.881213
2001-05-18,0.882908
2001-05-21,0.882017
2001-05-22,0.878908
2001-05-23,0.870063
2001-05-24,0.859758
2001-05-25,0.85708
2001-05-28,0.858902
2001-05-29,0.859862
2001-05-30,0.856082
2001-05-31,0.85609
2001-06-01,0.850307
2001-06-04,0.847389
2001-06-05,0.846886
2001-06-06,0.851341
2001-06-07,0.851013
2001-06-08,0.84973
2001-06-11,0.850079
2001-06-12,0.845984
2001-06-13,0.848951
2001-06-14,0.853725
2001-06-15,0.858833
2001-06-18,0.862661
2001-06-19,0.862216
2001-06-20,0.856777
2001-06-21,0.854562
2001-06-22,0.855285
2001-06-25,0.856385
2001-06-26,0.8585
2001-06-27,0.862036
2001-06-28,0.861492
2001-06-29,0.850702
2001-07-02,0.847884
2001-07-03,0.848046
2001-07-04,0.848898
2001-07-05,0.847817
2001-07-06,0.841012
2001-07-09,0.843471
2001-07-10,0.847863
2001-07-11,0.85307
2001-07-12,0.857948
2001-07-13,0.855881
2001-07-16,0.854254
2001-07-17,0.854745
2001-07-18,0.857662
2001-07-19,0.867988
2001-07-20,0.871861
2001-07-23,0.871555
2001-07-24,0.870095
2001-07-25,0.874016
2001-07-26,0.878969
2001-07-27,0.878638
2001-07-30,0.877277
2001-07-31,0.875481
2001-08-01,0.875213
2001-08-02,0.878962
2001-08-03,0.882864
2001-08-06,0.882864
2001-08-07,0.882789
2001-08-08,0.879356
2001-08-09,0.879285
2001-08-10,0.887592
2001-08-13,0.893126
2001-08-14,0.896058
2001-08-15,0.900961
2001-08-16,0.909169
2001-08-17,0.912876
2001-08-20,0.914965
2001-08-21,0.914941
2001-08-22,0.915835
2001-08-23,0.915598
2001-08-24,0.914736
2001-08-27,0.91439
2001-08-28,0.912651
2001-08-29,0.911548
2001-08-30,0.910497
2001-08-31,0.914216
2001-09-03,0.912969
2001-09-04,0.908883
2001-09-05,0.896027
2001-09-06,0.887088
2001-09-07,0.892057
2001-09-10,0.902652
2001-09-11,0.901842
2001-09-12,0.908873
2001-09-13,0.909758
2001-09-14,0.909041
2001-09-17,0.916007
2001-09-18,0.923126
2001-09-19,0.926835
2001-09-20,0.92761
2001-09-21,0.92761
2001-09-24,0.918501
2001-09-25,0.915048
2001-09-26,0.920348
2001-09-27,0.923294
2001-09-28,0.919836
2001-10-01,0.912538
2001-10-02,0.914088
2001-10-03,0.918427
2001-10-04,0.915965
2001-10-05,0.916229
2001-10-08,0.918123
2001-10-09,0.919562
2001-10-10,0.91611
2001-10-11,0.911931
2001-10-12,0.905564
2001-10-15,0.907826
2001-10-16,0.90944
2001-10-17,0.90944
2001-10-18,0.905442
2001-10-19,0.90412
2001-10-22,0.90119
2001-10-23,0.894513
2001-10-24,0.891286
2001-10-25,0.892584
2001-10-26,0.893232
2001-10-29,0.892696
2001-10-30,0.89992
2001-10-31,0.904661
2001-11-01,0.901836
2001-11-02,0.901685
2001-11-05,0.902665
2001-11-06,0.899864
2001-11-07,0.896515
2001-11-08,0.896802
2001-11-09,0.894773
2001-11-12,0.893997
2001-11-13,0.894537
2001-11-14,0.885935
2001-11-15,0.882196
2001-11-16,0.882434
2001-11-19,0.883605
2001-11-20,0.880844
2001-11-21,0.881267
2001-11-22,0.880669
2001-11-23,0.878487
2001-11-26,0.878487
2001-11-27,0.879477
2001-11-28,0.882285
2001-11-29,0.886639
2001-11-30,0.888337
2001-12-03,0.892983
2001-12-04,0.893319
2001-12-05,0.890755
2001-12-06,0.889253
2001-12-07,0.892818
2001-12-10,0.892446
2001-12-11,0.89077
2001-12-12,0.891794
2001-12-13,0.896199
2001-12-14,0.894775
2001-12-17,0.899361
2001-12-18,0.90245
2001-12-19,0.902454
2001-12-20,0.901434
2001-12-21,0.900577
2001-12-24,0.89215
2001-12-25,0.881559
2001-12-26,0.878806
2001-12-27,0.879482
2001-12-28,0.881693
2001-12-31,0.88488
2002-01-01,0.889626
2002-01-02,0.890332
2002-01-03,0.898295
2002-01-04,0.901134
2002-01-07,0.897533
2002-01-08,0.894474
2002-01-09,0.893155
2002-01-10,0.892027
2002-01-11,0.891339
2002-01-14,0.892586
2002-01-15,0.893994
2002-01-16,0.887542
2002-01-17,0.883229
2002-01-18,0.88181
2002-01-21,0.882904
2002-01-22,0.883664
2002-01-23,0.885229
2002-01-24,0.881166
2002-01-25,0.877603
2002-01-28,0.869797
2002-01-29,0.863502
2002-01-30,0.864137
2002-01-31,0.862856
2002-02-01,0.859521
2002-02-04,0.860074
2002-02-05,0.867364
2002-02-06,0.868912
2002-02-07,0.867635
2002-02-08,0.86989
2002-02-11,0.8721
2002-02-12,0.874644
2002-02-13,0.876187
2002-02-14,0.873101
2002-02-15,0.873145
2002-02-18,0.873692
2002-02-19,0.871685
2002-02-20,0.874411
2002-02-21,0.872216
2002-02-22,0.869761
2002-02-25,0.873343
2002-02-26,0.871565
2002-02-27,0.865865
2002-02-28,0.865098
2002-03-01,0.867773
2002-03-04,0.866698
2002-03-05,0.867878
2002-03-06,0.871034
2002-03-07,0.875048
2002-03-08,0.88035
2002-03-11,0.877682
2002-03-12,0.875101
2002-03-13,0.875101
2002-03-14,0.87553
2002-03-15,0.88006
2002-03-18,0.882088
2002-03-19,0.88231
2002-03-20,0.882157
2002-03-21,0.884055
2002-03-22,0.883306
2002-03-25,0.878865
2002-03-26,0.877588
2002-03-27,0.8775
2002-03-28,0.874576
2002-03-29,0.871544
2002-04-01,0.87143
2002-04-02,0.877108
2002-04-03,0.879756
2002-04-04,0.880445
2002-04-05,0.878799
2002-04-08,0.878616
2002-04-09,0.87642
2002-04-10,0.878514
2002-04-11,0.880617
2002-04-12,0.882039
2002-04-15,0.880681
2002-04-16,0.879463
2002-04-17,0.881654
2002-04-18,0.887993
2002-04-19,0.890893
2002-04-22,0.890611
2002-04-23,0.88984
2002-04-24,0.889047
2002-04-25,0.89139
2002-04-26,0.896059
2002-04-29,0.900078
2002-04-30,0.902889
2002-05-01,0.901541
2002-05-02,0.90399
2002-05-03,0.904339
2002-05-06,0.911757
2002-05-07,0.917852
2002-05-08,0.916463
2002-05-09,0.90849
2002-05-10,0.907334
2002-05-13,0.911837
2002-05-14,0.912219
2002-05-15,0.905815
2002-05-16,0.908713
2002-05-17,0.912162
2002-05-20,0.917084
2002-05-21,0.920644
2002-05-22,0.920325
2002-05-23,0.923602
2002-05-24,0.923048
2002-05-27,0.920506
2002-05-28,0.920571
2002-05-29,0.92583
2002-05-30,0.933134
2002-05-31,0.936605
2002-06-03,0.934598
2002-06-04,0.938087
2002-06-05,0.939931
2002-06-06,0.939931
2002-06-07,0.944748
2002-06-10,0.944804
2002-06-11,0.944096
2002-06-12,0.946886
2002-06-13,0.945419
2002-06-14,0.945419
2002-06-17,0.944664
2002-06-18,0.944698
2002-06-19,0.949112
2002-06-20,0.955261
2002-06-21,0.962276
2002-06-24,0.967874
2002-06-25,0.970043
2002-06-26,0.976095
2002-06-27,0.980175
2002-06-28,0.985362
2002-07-01,0.990313
2002-07-02,0.990313
2002-07-03,0.98819
2002-07-04,0.982654
2002-07-05,0.979836
2002-07-08,0.976462
2002-07-09,0.984839
2002-07-10,0.992563
2002-07-11,0.990506
2002-07-12,0.988881
2002-07-15,0.99079
2002-07-16,0.999051
2002-07-17,1.00879
2002-07-18,1.00883
2002-07-19,1.00968
2002-07-22,1.01191
2002-07-23,1.0101
2002-07-24,0.996286
2002-07-25,0.992812
2002-07-26,1.00104
2002-07-29,0.993632
2002-07-30,0.983022
2002-07-31,0.98251
2002-08-01,0.979829
2002-08-02,0.982033
2002-08-05,0.985884
2002-08-06,0.982622
2002-08-07,0.971562
2002-08-08,0.971468
2002-08-09,0.969948
2002-08-12,0.968859
2002-08-13,0.975575
2002-08-14,0.981858
2002-08-15,0.98117
2002-08-16,0.981168
2002-08-19,0.983283
2002-08-20,0.979307
2002-08-21,0.978073
2002-08-22,0.980069
2002-08-23,0.973239
2002-08-26,0.971405
2002-08-27,0.972381
2002-08-28,0.978937
2002-08-29,0.980762
2002-08-30,0.982841
2002-09-02,0.983333
2002-09-03,0.983087
2002-09-04,0.991805
2002-09-05,0.994474
2002-09-06,0.992049
2002-09-09,0.985202
2002-09-10,0.98028
2002-09-11,0.976921
2002-09-12,0.975824
2002-09-13,0.97982
2002-09-16,0.975074
2002-09-17,0.969806
2002-09-18,0.972585
2002-09-19,0.976758
2002-09-20,0.983432
2002-09-23,0.983163
2002-09-24,0.979334
2002-09-25,0.98018
2002-09-26,0.978139
2002-09-27,0.97639
2002-09-30,0.979449
2002-10-01,0.985166
2002-10-02,0.984712
2002-10-03,0.985286
2002-10-04,0.98747
2002-10-07,0.982641
2002-10-08,0.982083
2002-10-09,0.980601
2002-10-10,0.985916
2002-10-11,0.987615
2002-10-14,0.986976
2002-10-15,0.987214
2002-10-16,0.98361
2002-10-17,0.981518
2002-10-18,0.975036
2002-10-21,0.971871
2002-10-22,0.973223
2002-10-23,0.976207
2002-10-24,0.97694
2002-10-25,0.977252
2002-10-28,0.977031
2002-10-29,0.981576
2002-10-30,0.983994
2002-10-31,0.98405
2002-11-01,0.987858
2002-11-04,0.994209
2002-11-05,0.997439
2002-11-06,0.999277
2002-11-07,1.00183
2002-11-08,1.00712
2002-11-11,1.01164
2002-11-12,1.01141
2002-11-13,1.01172
2002-11-14,1.00887
2002-11-15,1.00523
2002-11-18,1.00761
2002-11-19,1.00855
2002-11-20,1.00501
2002-11-21,1.0022
2002-11-22,1.00144
2002-11-25,0.998625
2002-11-26,0.993412
2002-11-27,0.992655
2002-11-28,0.991566
2002-11-29,0.993081
2002-12-02,0.993081
2002-12-03,0.995772
2002-12-04,0.995772
2002-12-05,0.999043
2002-12-06,1.00083
2002-12-09,1.00746
2002-12-10,1.01084
2002-12-11,1.00916
2002-12-12,1.00833
2002-12-13,1.01444
2002-12-16,1.02176
2002-12-17,1.02314
2002-12-18,1.02645
2002-12-19,1.02718
2002-12-20,1.02708
2002-12-23,1.02756
2002-12-24,1.02677
2002-12-25,1.02849
2002-12-26,1.03123
2002-12-27,1.03553
2002-12-30,1.04062
2002-12-31,1.04624
2003-01-01,1.04928
2003-01-02,1.04951
2003-01-03,1.0413
2003-01-06,1.03995
2003-01-07,1.04514
2003-01-08,1.04373
2003-01-09,1.04635
2003-01-10,1.04898
2003-01-13,1.05446
2003-01-14,1.05584
2003-01-15,1.05499
2003-01-16,1.05517
2003-01-17,1.05937
2003-01-20,1.06413
2003-01-21,1.06721
2003-01-22,1.07073
2003-01-23,1.07282
2003-01-24,1.07439
2003-01-27,1.08091
2003-01-28,1.08523
2003-01-29,1.08348
2003-01-30,1.08285
2003-01-31,1.08211
2003-02-03,1.07985
2003-02-04,1.0784
2003-02-05,1.08424
2003-02-06,1.08271
2003-02-07,1.08209
2003-02-10,1.0819
2003-02-11,1.07642
2003-02-12,1.07342
2003-02-13,1.07242
2003-02-14,1.07928
2003-02-17,1.07887
2003-02-18,1.07439
2003-02-19,1.07074
2003-02-20,1.07276
2003-02-21,1.0792
2003-02-24,1.07657
2003-02-25,1.07737
2003-02-26,1.07757
2003-02-27,1.07773
2003-02-28,1.07678
2003-03-03,1.07747
2003-03-04,1.08517
2003-03-05,1.08893
2003-03-06,1.09324
2003-03-07,1.0968
2003-03-10,1.09938
2003-03-11,1.10379
2003-03-12,1.10445
2003-03-13,1.10164
2003-03-14,1.08797
2003-03-17,1.07792
2003-03-18,1.06848
2003-03-19,1.06356
2003-03-20,1.05873
2003-03-21,1.05966
2003-03-24,1.05987
2003-03-25,1.06165
2003-03-26,1.06469
2003-03-27,1.06742
2003-03-28,1.06931
2003-03-31,1.07582
2003-04-01,1.08791
2003-04-02,1.09156
2003-04-03,1.08169
2003-04-04,1.07589
2003-04-07,1.07443
2003-04-08,1.07116
2003-04-09,1.07034
2003-04-10,1.07492
2003-04-11,1.07837
2003-04-14,1.07609
2003-04-15,1.07459
2003-04-16,1.07779
2003-04-17,1.08714
2003-04-18,1.08912
2003-04-21,1.08839
2003-04-22,1.08778
2003-04-23,1.09303
2003-04-24,1.09731
2003-04-25,1.10106
2003-04-28,1.10352
2003-04-29,1.10048
2003-04-30,1.10469
2003-05-01,1.11387
2003-05-02,1.12144
2003-05-05,1.12361
2003-05-06,1.12689
2003-05-07,1.13757
2003-05-08,1.1385
2003-05-09,1.14471
2003-05-12,1.15185
2003-05-13,1.1549
2003-05-14,1.15405
2003-05-15,1.15057
2003-05-16,1.14267
2003-05-19,1.15082
2003-05-20,1.16245
2003-05-21,1.16882
2003-05-22,1.16632
2003-05-23,1.16778
2003-05-26,1.1784
2003-05-27,1.18579
2003-05-28,1.18358
2003-05-29,1.17851
2003-05-30,1.18516
2003-06-02,1.17879
2003-06-03,1.17386
2003-06-04,1.1741
2003-06-05,1.16743
2003-06-06,1.17633
2003-06-09,1.17524
2003-06-10,1.17083
2003-06-11,1.16875
2003-06-12,1.17269
2003-06-13,1.17663
2003-06-16,1.18401
2003-06-17,1.18463
2003-06-18,1.17993
2003-06-19,1.17251
2003-06-20,1.17133
2003-06-23,1.16327
2003-06-24,1.15647
2003-06-25,1.15274
2003-06-26,1.15307
2003-06-27,1.14702
2003-06-30,1.14325
2003-07-01,1.14806
2003-07-02,1.15396
2003-07-03,1.15505
2003-07-04,1.15144
2003-07-07,1.14876
2003-07-08,1.13794
2003-07-09,1.13201
2003-07-10,1.13365
2003-07-11,1.13676
2003-07-14,1.13256
2003-07-15,1.12814
2003-07-16,1.12144
2003-07-17,1.12005
2003-07-18,1.12087
2003-07-21,1.12404
2003-07-22,1.13186
2003-07-23,1.13373
2003-07-24,1.14256
2003-07-25,1.14815
2003-07-28,1.14904
2003-07-29,1.14955
2003-07-30,1.1462
2003-07-31,1.13809
2003-08-01,1.12778
2003-08-04,1.12616
2003-08-05,1.13277
2003-08-06,1.13781
2003-08-07,1.1354
2003-08-08,1.13594
2003-08-11,1.13291
2003-08-12,1.13365
2003-08-13,1.13127
2003-08-14,1.13079
2003-08-15,1.12872
2003-08-18,1.12469
2003-08-19,1.11829
2003-08-20,1.11432
2003-08-21,1.11257
2003-08-22,1.09912
2003-08-25,1.08873
2003-08-26,1.08714
2003-08-27,1.08724
2003-08-28,1.08762
2003-08-29,1.08753
2003-09-01,1.09414
2003-09-02,1.09748
2003-09-03,1.08709
2003-09-04,1.08328
2003-09-05,1.09018
2003-09-08,1.10394
2003-09-09,1.10845
2003-09-10,1.11739
2003-09-11,1.12197
2003-09-12,1.12086
2003-09-15,1.12615
2003-09-16,1.12897
2003-09-17,1.12215
2003-09-18,1.12448
2003-09-19,1.1265
2003-09-22,1.13574
2003-09-23,1.14542
2003-09-24,1.14574
2003-09-25,1.14785
2003-09-26,1.14972
2003-09-29,1.14772
2003-09-30,1.15472
2003-10-01,1.16391
2003-10-02,1.17035
2003-10-03,1.17044
2003-10-06,1.16174
2003-10-07,1.1662
2003-10-08,1.17527
2003-10-09,1.17994
2003-10-10,1.17684
2003-10-13,1.17705
2003-10-14,1.17352
2003-10-15,1.17171
2003-10-16,1.16676
2003-10-17,1.16097
2003-10-20,1.16459
2003-10-21,1.16535
2003-10-22,1.16486
2003-10-23,1.17508
2003-10-24,1.179
2003-10-27,1.17719
2003-10-28,1.17538
2003-10-29,1.16985
2003-10-30,1.16658
2003-10-31,1.16459
2003-11-03,1.16081
2003-11-04,1.15
2003-11-05,1.14744
2003-11-06,1.14568
2003-11-07,1.14199
2003-11-10,1.14756
2003-11-11,1.14998
2003-11-12,1.15024
2003-11-13,1.15926
2003-11-14,1.16972
2003-11-17,1.17661
2003-11-18,1.17678
2003-11-19,1.18797
2003-11-20,1.19078
2003-11-21,1.19027
2003-11-24,1.18968
2003-11-25,1.18116
2003-11-26,1.17774
2003-11-27,1.18803
2003-11-28,1.19214
2003-12-01,1.19523
2003-12-02,1.19776
2003-12-03,1.2041
2003-12-04,1.21008
2003-12-05,1.20896
2003-12-08,1.21333
2003-12-09,1.22061
2003-12-10,1.2245
2003-12-11,1.22303
2003-12-12,1.22118
2003-12-15,1.22479
2003-12-16,1.22954
2003-12-17,1.2318
2003-12-18,1.23743
2003-12-19,1.2423
2003-12-22,1.24187
2003-12-23,1.24048
2003-12-24,1.23961
2003-12-25,1.24289
2003-12-26,1.24514
2003-12-29,1.24431
2003-12-30,1.24673
2003-12-31,1.25277
2004-01-01,1.25695
2004-01-02,1.25575
2004-01-05,1.25706
2004-01-06,1.26311
2004-01-07,1.27097
2004-01-08,1.26772
2004-01-09,1.27186
2004-01-12,1.2807
2004-01-13,1.27764
2004-01-14,1.27581
2004-01-15,1.26953
2004-01-16,1.25973
2004-01-19,1.23223
2004-01-20,1.22818
2004-01-21,1.24984
2004-01-22,1.2612
2004-01-23,1.26797
2004-01-26,1.26311
2004-01-27,1.25124
2004-01-28,1.25751
2004-01-29,1.25446
2004-01-30,1.24435
2004-02-02,1.24447
2004-02-03,1.24429
2004-02-04,1.24964
2004-02-05,1.25318
2004-02-06,1.2538
2004-02-09,1.25976
2004-02-10,1.26628
2004-02-11,1.26938
2004-02-12,1.27798
2004-02-13,1.28131
2004-02-16,1.27696
2004-02-17,1.27626
2004-02-18,1.28111
2004-02-19,1.27286
2004-02-20,1.26916
2004-02-23,1.25796
2004-02-24,1.25364
2004-02-25,1.26344
2004-02-26,1.2564
2004-02-27,1.24576
2004-03-01,1.24704
2004-03-02,1.24619
2004-03-03,1.23062
2004-03-04,1.22059
2004-03-05,1.21942
2004-03-08,1.23094
2004-03-09,1.23993
2004-03-10,1.2349
2004-03-11,1.22709
2004-03-12,1.23057
2004-03-15,1.22726
2004-03-16,1.2259
2004-03-17,1.22668
2004-03-18,1.22475
2004-03-19,1.23329
2004-03-22,1.23261
2004-03-23,1.23148
2004-03-24,1.23305
2004-03-25,1.22087
2004-03-26,1.21352
2004-03-29,1.2127
2004-03-30,1.21351
2004-03-31,1.21635
2004-04-01,1.22579
2004-04-02,1.23348
2004-04-05,1.22125
2004-04-06,1.20561
2004-04-07,1.20634
2004-04-08,1.21391
2004-04-09,1.21135
2004-04-12,1.20868
2004-04-13,1.20782
2004-04-14,1.19919
2004-04-15,1.19589
2004-04-16,1.19725
2004-04-19,1.20012
2004-04-20,1.20179
2004-04-21,1.19186
2004-04-22,1.18448
2004-04-23,1.18815
2004-04-26,1.18537
2004-04-27,1.18555
2004-04-28,1.1914
2004-04-29,1.1874
2004-04-30,1.19289
2004-05-03,1.19984
2004-05-04,1.19663
2004-05-05,1.2034
2004-05-06,1.21402
2004-05-07,1.21102
2004-05-10,1.19484
2004-05-11,1.1861
2004-05-12,1.18619
2004-05-13,1.18871
2004-05-14,1.18522
2004-05-17,1.18632
2004-05-18,1.19701
2004-05-19,1.19765
2004-05-20,1.19893
2004-05-21,1.19663
2004-05-24,1.19613
2004-05-25,1.19998
2004-05-26,1.20666
2004-05-27,1.21021
2004-05-28,1.22102
2004-05-31,1.22508
2004-06-01,1.22082
2004-06-02,1.2223
2004-06-03,1.22258
2004-06-04,1.22193
2004-06-07,1.22604
2004-06-08,1.23045
2004-06-09,1.22842
2004-06-10,1.21306
2004-06-11,1.20895
2004-06-14,1.20615
2004-06-15,1.20543
2004-06-16,1.213
2004-06-17,1.20686
2004-06-18,1.20375
2004-06-21,1.21092
2004-06-22,1.21235
2004-06-23,1.21058
2004-06-24,1.20934
2004-06-25,1.21368
2004-06-28,1.21722
2004-06-29,1.21833
2004-06-30,1.21204
2004-07-01,1.21549
2004-07-02,1.21791
2004-07-05,1.22659
2004-07-06,1.22974
2004-07-07,1.2288
2004-07-08,1.23384
2004-07-09,1.23821
2004-07-12,1.24028
2004-07-13,1.24102
2004-07-14,1.23568
2004-07-15,1.23648
2004-07-16,1.2363
2004-07-19,1.24057
2004-07-20,1.24384
2004-07-21,1.23718
2004-07-22,1.22817
2004-07-23,1.22536
2004-07-26,1.21623
2004-07-27,1.21351
2004-07-28,1.20866
2004-07-29,1.20468
2004-07-30,1.20357
2004-08-02,1.20538
2004-08-03,1.20439
2004-08-04,1.20451
2004-08-05,1.20482
2004-08-06,1.20547
2004-08-09,1.21941
2004-08-10,1.22747
2004-08-11,1.225
2004-08-12,1.22247
2004-08-13,1.22437
2004-08-16,1.23254
2004-08-17,1.23628
2004-08-18,1.23547
2004-08-19,1.23429
2004-08-20,1.23571
2004-08-23,1.23348
2004-08-24,1.22002
2004-08-25,1.2103
2004-08-26,1.20859
2004-08-27,1.20974
2004-08-30,1.20482
2004-08-31,1.20392
2004-09-01,1.21326
2004-09-02,1.21831
2004-09-03,1.21736
2004-09-06,1.20968
2004-09-07,1.20645
2004-09-08,1.20898
2004-09-09,1.21559
2004-09-10,1.2192
2004-09-13,1.22346
2004-09-14,1.22536
2004-09-15,1.22558
2004-09-16,1.21922
2004-09-17,1.21779
2004-09-20,1.21848
2004-09-21,1.21729
2004-09-22,1.22739
2004-09-23,1.22868
2004-09-24,1.22673
2004-09-27,1.22782
2004-09-28,1.22878
2004-09-29,1.23072
2004-09-30,1.23236
2004-10-01,1.23962
2004-10-04,1.24116
2004-10-05,1.23262
2004-10-06,1.23078
2004-10-07,1.22937
2004-10-08,1.22853
2004-10-11,1.23702
2004-10-12,1.2394
2004-10-13,1.23469
2004-10-14,1.23389
2004-10-15,1.2374
2004-10-18,1.24433
2004-10-19,1.24901
2004-10-20,1.2513
2004-10-21,1.25588
2004-10-22,1.26048
2004-10-25,1.26589
2004-10-26,1.27578
2004-10-27,1.27783
2004-10-28,1.27272
2004-10-29,1.27265
2004-11-01,1.27816
2004-11-02,1.27756
2004-11-03,1.27382
2004-11-04,1.27861
2004-11-05,1.2854
2004-11-08,1.29364
2004-11-09,1.29391
2004-11-10,1.29052
2004-11-11,1.28961
2004-11-12,1.29011
2004-11-15,1.29565
2004-11-16,1.29602
2004-11-17,1.29531
2004-11-18,1.3007
2004-11-19,1.29912
2004-11-22,1.30096
2004-11-23,1.30424
2004-11-24,1.30664
2004-11-25,1.314
2004-11-26,1.32214
2004-11-29,1.32671
2004-11-30,1.32746
2004-12-01,1.32862
2004-12-02,1.33126
2004-12-03,1.32908
2004-12-06,1.33835
2004-12-07,1.3419
2004-12-08,1.34186
2004-12-09,1.33686
2004-12-10,1.33227
2004-12-13,1.32507
2004-12-14,1.32721
2004-12-15,1.33056
2004-12-16,1.3368
2004-12-17,1.33082
2004-12-20,1.33002
2004-12-21,1.33664
2004-12-22,1.33785
2004-12-23,1.33822
2004-12-24,1.34624
2004-12-27,1.35257
2004-12-28,1.35836
2004-12-29,1.36099
2004-12-30,1.36032
2004-12-31,1.36269
2005-01-03,1.35779
2005-01-04,1.34982
2005-01-05,1.33431
2005-01-06,1.32626
2005-01-07,1.32069
2005-01-10,1.31006
2005-01-11,1.3073
2005-01-12,1.31037
2005-01-13,1.32073
2005-01-14,1.32378
2005-01-17,1.31446
2005-01-18,1.30812
2005-01-19,1.30389
2005-01-20,1.30126
2005-01-21,1.29845
2005-01-24,1.30183
2005-01-25,1.30553
2005-01-26,1.30035
2005-01-27,1.3035
2005-01-28,1.30505
2005-01-31,1.30344
2005-02-01,1.30344
2005-02-02,1.30408
2005-02-03,1.30396
2005-02-04,1.29994
2005-02-07,1.2902
2005-02-08,1.2799
2005-02-09,1.27662
2005-02-10,1.27903
2005-02-11,1.28467
2005-02-14,1.28653
2005-02-15,1.29229
2005-02-16,1.29978
2005-02-17,1.30238
2005-02-18,1.30599
2005-02-21,1.30654
2005-02-22,1.30625
2005-02-23,1.31838
2005-02-24,1.32298
2005-02-25,1.32077
2005-02-28,1.32287
2005-03-01,1.32426
2005-03-02,1.32047
2005-03-03,1.31531
2005-03-04,1.31207
2005-03-07,1.31956
2005-03-08,1.32229
2005-03-09,1.32906
2005-03-10,1.33716
2005-03-11,1.34159
2005-03-14,1.34498
2005-03-15,1.34049
2005-03-16,1.33324
2005-03-17,1.33778
2005-03-18,1.33906
2005-03-21,1.33351
2005-03-22,1.32271
2005-03-23,1.31184
2005-03-24,1.30193
2005-03-25,1.29541
2005-03-28,1.29543
2005-03-29,1.29156
2005-03-30,1.29081
2005-03-31,1.29168
2005-04-01,1.29464
2005-04-04,1.29159
2005-04-05,1.28627
2005-04-06,1.28603
2005-04-07,1.28693
2005-04-08,1.28613
2005-04-11,1.29011
2005-04-12,1.29591
2005-04-13,1.29409
2005-04-14,1.29134
2005-04-15,1.28545
2005-04-18,1.28775
2005-04-19,1.29733
2005-04-20,1.30526
2005-04-21,1.30869
2005-04-22,1.30698
2005-04-25,1.30618
2005-04-26,1.30226
2005-04-27,1.29864
2005-04-28,1.29507
2005-04-29,1.29095
2005-05-02,1.28703
2005-05-03,1.28589
2005-05-04,1.28786
2005-05-05,1.29243
2005-05-06,1.29522
2005-05-09,1.28702
2005-05-10,1.28333
2005-05-11,1.28616
2005-05-12,1.28309
2005-05-13,1.27408
2005-05-16,1.26502
2005-05-17,1.26286
2005-05-18,1.26126
2005-05-19,1.26523
2005-05-20,1.26534
2005-05-23,1.25784
2005-05-24,1.25717
2005-05-25,1.25856
2005-05-26,1.25976
2005-05-27,1.25463
2005-05-30,1.25403
2005-05-31,1.25028
2005-06-01,1.23669
2005-06-02,1.22434
2005-06-03,1.22476
2005-06-06,1.22476
2005-06-07,1.22531
2005-06-08,1.22776
2005-06-09,1.22458
2005-06-10,1.2219
2005-06-13,1.21515
2005-06-14,1.21106
2005-06-15,1.20619
2005-06-16,1.20814
2005-06-17,1.21047
2005-06-20,1.22197
2005-06-21,1.2201
2005-06-22,1.21646
2005-06-23,1.21451
2005-06-24,1.20736
2005-06-27,1.20683
2005-06-28,1.21317
2005-06-29,1.20959
2005-06-30,1.20616
2005-07-01,1.20869
2005-07-04,1.20079
2005-07-05,1.19195
2005-07-06,1.19121
2005-07-07,1.19244
2005-07-08,1.19377
2005-07-11,1.19632
2005-07-12,1.20346
2005-07-13,1.21803
2005-07-14,1.21459
2005-07-15,1.20858
2005-07-18,1.20546
2005-07-19,1.2046
2005-07-20,1.20453
2005-07-21,1.21112
2005-07-22,1.21678
2005-07-25,1.21087
2005-07-26,1.20679
2005-07-27,1.2036
2005-07-28,1.20524
2005-07-29,1.21158
2005-08-01,1.21287
2005-08-02,1.21619
2005-08-03,1.21927
2005-08-04,1.22862
2005-08-05,1.23626
2005-08-08,1.23617
2005-08-09,1.23516
2005-08-10,1.23625
2005-08-11,1.23703
2005-08-12,1.24276
2005-08-15,1.24542
2005-08-16,1.23982
2005-08-17,1.23621
2005-08-18,1.23005
2005-08-19,1.22136
2005-08-22,1.21697
2005-08-23,1.22049
2005-08-24,1.22329
2005-08-25,1.22582
2005-08-26,1.22901
2005-08-29,1.22898
2005-08-30,1.22492
2005-08-31,1.22258
2005-09-01,1.22948
2005-09-02,1.24364
2005-09-05,1.25189
2005-09-06,1.25348
2005-09-07,1.24978
2005-09-08,1.24426
2005-09-09,1.24088
2005-09-12,1.24104
2005-09-13,1.23337
2005-09-14,1.22759
2005-09-15,1.22775
2005-09-16,1.22444
2005-09-19,1.22317
2005-09-20,1.21817
2005-09-21,1.21356
2005-09-22,1.21768
2005-09-23,1.21729
2005-09-26,1.20835
2005-09-27,1.20609
2005-09-28,1.20366
2005-09-29,1.20296
2005-09-30,1.20429
2005-10-03,1.20351
2005-10-04,1.19585
2005-10-05,1.19207
2005-10-06,1.19485
2005-10-07,1.2102
2005-10-10,1.2141
2005-10-11,1.20835
2005-10-12,1.20204
2005-10-13,1.20143
2005-10-14,1.20314
2005-10-17,1.20628
2005-10-18,1.20468
2005-10-19,1.19863
2005-10-20,1.19876
2005-10-21,1.20103
2005-10-24,1.19691
2005-10-25,1.19667
2005-10-26,1.20557
2005-10-27,1.20787
2005-10-28,1.21137
2005-10-31,1.20881
2005-11-01,1.20654
2005-11-02,1.20347
2005-11-03,1.20504
2005-11-04,1.19943
2005-11-07,1.18605
2005-11-08,1.18108
2005-11-09,1.17914
2005-11-10,1.17735
2005-11-11,1.1717
2005-11-14,1.17054
2005-11-15,1.17024
2005-11-16,1.1714
2005-11-17,1.16922
2005-11-18,1.17266
2005-11-21,1.17701
2005-11-22,1.17455
2005-11-23,1.17804
2005-11-24,1.18164
2005-11-25,1.18
2005-11-28,1.1748
2005-11-29,1.17234
2005-11-30,1.17218
2005-12-01,1.17829
2005-12-02,1.17955
2005-12-05,1.17402
2005-12-06,1.17176
2005-12-07,1.17224
2005-12-08,1.17617
2005-12-09,1.1767
2005-12-12,1.17909
2005-12-13,1.18124
2005-12-14,1.18448
2005-12-15,1.19119
2005-12-16,1.19781
2005-12-19,1.20081
2005-12-20,1.20124
2005-12-21,1.20124
2005-12-22,1.19833
2005-12-23,1.19014
2005-12-26,1.18664
2005-12-27,1.18684
2005-12-28,1.18606
2005-12-29,1.18529
2005-12-30,1.18641
2006-01-02,1.18569
2006-01-03,1.18476
2006-01-04,1.18407
2006-01-05,1.1864
2006-01-06,1.2019
2006-01-09,1.21336
2006-01-10,1.21267
2006-01-11,1.20881
2006-01-12,1.20782
2006-01-13,1.21018
2006-01-16,1.21313
2006-01-17,1.21351
2006-01-18,1.21117
2006-01-19,1.21044
2006-01-20,1.20992
2006-01-23,1.2119
2006-01-24,1.22018
2006-01-25,1.22697
2006-01-26,1.22809
2006-01-27,1.22606
2006-01-30,1.21495
2006-01-31,1.20944
2006-02-01,1.21045
2006-02-02,1.21204
2006-02-03,1.20897
2006-02-06,1.20423
2006-02-07,1.20097
2006-02-08,1.19839
2006-02-09,1.19697
2006-02-10,1.19688
2006-02-13,1.19287
2006-02-14,1.19009
2006-02-15,1.19006
2006-02-16,1.19081
2006-02-17,1.18918
2006-02-20,1.19119
2006-02-21,1.19403
2006-02-22,1.19305
2006-02-23,1.1911
2006-02-24,1.19151
2006-02-27,1.18925
2006-02-28,1.1864
2006-03-01,1.1867
2006-03-02,1.19106
2006-03-03,1.194
2006-03-06,1.20051
2006-03-07,1.20462
2006-03-08,1.19882
2006-03-09,1.19227
2006-03-10,1.19184
2006-03-13,1.19149
2006-03-14,1.19236
2006-03-15,1.19593
2006-03-16,1.20076
2006-03-17,1.20668
2006-03-20,1.21509
2006-03-21,1.21806
2006-03-22,1.21498
2006-03-23,1.21056
2006-03-24,1.20632
2006-03-27,1.20401
2006-03-28,1.20335
2006-03-29,1.20362
2006-03-30,1.20216
2006-03-31,1.20501
2006-04-03,1.21012
2006-04-04,1.21
2006-04-05,1.21482
2006-04-06,1.22381
2006-04-07,1.22713
2006-04-10,1.21616
2006-04-11,1.2102
2006-04-12,1.21146
2006-04-13,1.21306
2006-04-14,1.21175
2006-04-17,1.21093
2006-04-18,1.21655
2006-04-19,1.2241
2006-04-20,1.23201
2006-04-21,1.23466
2006-04-24,1.23428
2006-04-25,1.23603
2006-04-26,1.23852
2006-04-27,1.24158
2006-04-28,1.24518
2006-05-01,1.25651
2006-05-02,1.26268
2006-05-03,1.26128
2006-05-04,1.26201
2006-05-05,1.26339
2006-05-08,1.26912
2006-05-09,1.2732
2006-05-10,1.27214
2006-05-11,1.2752
2006-05-12,1.27708
2006-05-15,1.28683
2006-05-16,1.28964
2006-05-17,1.28405
2006-05-18,1.28329
2006-05-19,1.27994
2006-05-22,1.27766
2006-05-23,1.27758
2006-05-24,1.28234
2006-05-25,1.28226
2006-05-26,1.27826
2006-05-29,1.27495
2006-05-30,1.27435
2006-05-31,1.27969
2006-06-01,1.28473
2006-06-02,1.28143
2006-06-05,1.28687
2006-06-06,1.29345
2006-06-07,1.29031
2006-06-08,1.28353
2006-06-09,1.27647
2006-06-12,1.26772
2006-06-13,1.26208
2006-06-14,1.25888
2006-06-15,1.25766
2006-06-16,1.26009
2006-06-19,1.26327
2006-06-20,1.26122
2006-06-21,1.25817
2006-06-22,1.26061
2006-06-23,1.26273
2006-06-26,1.25546
2006-06-27,1.25293
2006-06-28,1.25734
2006-06-29,1.25739
2006-06-30,1.25548
2006-07-03,1.27028
2006-07-04,1.27892
2006-07-05,1.27975
2006-07-06,1.27806
2006-07-07,1.27519
2006-07-10,1.27856
2006-07-11,1.2791
2006-07-12,1.27563
2006-07-13,1.27407
2006-07-14,1.27157
2006-07-17,1.26686
2006-07-18,1.26094
2006-07-19,1.2545
2006-07-20,1.25179
2006-07-21,1.25808
2006-07-24,1.26673
2006-07-25,1.26665
2006-07-26,1.26337
2006-07-27,1.26093
2006-07-28,1.26766
2006-07-31,1.27458
2006-08-01,1.27602
2006-08-02,1.27616
2006-08-03,1.27929
2006-08-04,1.27916
2006-08-07,1.28398
2006-08-08,1.28706
2006-08-09,1.28469
2006-08-10,1.2838
2006-08-11,1.28436
2006-08-14,1.27648
2006-08-15,1.27293
2006-08-16,1.2741
2006-08-17,1.27844
2006-08-18,1.28357
2006-08-21,1.28356
2006-08-22,1.28591
2006-08-23,1.28597
2006-08-24,1.28203
2006-08-25,1.27943
2006-08-28,1.27656
2006-08-29,1.27743
2006-08-30,1.27975
2006-08-31,1.28196
2006-09-01,1.28306
2006-09-04,1.28341
2006-09-05,1.28494
2006-09-06,1.28429
2006-09-07,1.28184
2006-09-08,1.27923
2006-09-11,1.27157
2006-09-12,1.26832
2006-09-13,1.26993
2006-09-14,1.26945
2006-09-15,1.26997
2006-09-18,1.26794
2006-09-19,1.26633
2006-09-20,1.26814
2006-09-21,1.26859
2006-09-22,1.27105
2006-09-25,1.27629
2006-09-26,1.27815
2006-09-27,1.27436
2006-09-28,1.27045
2006-09-29,1.27039
2006-10-02,1.26893
2006-10-03,1.26895
2006-10-04,1.27252
2006-10-05,1.27197
2006-10-06,1.27042
2006-10-09,1.26376
2006-10-10,1.25998
2006-10-11,1.25802
2006-10-12,1.25515
2006-10-13,1.25375
2006-10-16,1.25206
2006-10-17,1.25206
2006-10-18,1.25283
2006-10-19,1.25374
2006-10-20,1.25536
2006-10-23,1.25982
2006-10-24,1.25957
2006-10-25,1.25608
2006-10-26,1.25655
2006-10-27,1.26223
2006-10-30,1.27039
2006-10-31,1.2731
2006-11-01,1.27224
2006-11-02,1.27464
2006-11-03,1.27614
2006-11-06,1.27334
2006-11-07,1.27123
2006-11-08,1.27417
2006-11-09,1.27711
2006-11-10,1.27789
2006-11-13,1.28185
2006-11-14,1.28423
2006-11-15,1.28288
2006-11-16,1.28137
2006-11-17,1.28134
2006-11-20,1.28236
2006-11-21,1.28292
2006-11-22,1.28231
2006-11-23,1.28576
2006-11-24,1.29216
2006-11-27,1.30413
2006-11-28,1.31176
2006-11-29,1.31401
2006-11-30,1.31643
2006-12-01,1.31849
2006-12-04,1.32805
2006-12-05,1.33286
2006-12-06,1.33248
2006-12-07,1.33132
2006-12-08,1.32992
2006-12-11,1.32388
2006-12-12,1.31947
2006-12-13,1.32269
2006-12-14,1.32547
2006-12-15,1.32232
2006-12-18,1.31255
2006-12-19,1.30857
2006-12-20,1.31181
2006-12-21,1.31824
2006-12-22,1.31916
2006-12-25,1.31481
2006-12-26,1.31312
2006-12-27,1.31318
2006-12-28,1.31323
2006-12-29,1.31361
2007-01-01,1.31758
2007-01-02,1.31758
2007-01-03,1.32324
2007-01-04,1.32484
2007-01-05,1.31749
2007-01-08,1.30539
2007-01-09,1.30067
2007-01-10,1.30197
2007-01-11,1.29948
2007-01-12,1.29548
2007-01-15,1.29302
2007-01-16,1.29307
2007-01-17,1.294
2007-01-18,1.29328
2007-01-19,1.29399
2007-01-22,1.29534
2007-01-23,1.29583
2007-01-24,1.29726
2007-01-25,1.29959
2007-01-26,1.29828
2007-01-29,1.29357
2007-01-30,1.29196
2007-01-31,1.29452
2007-02-01,1.29632
2007-02-02,1.30033
2007-02-05,1.29863
2007-02-06,1.2949
2007-02-07,1.29407
2007-02-08,1.29716
2007-02-09,1.30043
2007-02-12,1.30105
2007-02-13,1.29988
2007-02-14,1.29907
2007-02-15,1.30417
2007-02-16,1.31139
2007-02-19,1.31376
2007-02-20,1.31436
2007-02-21,1.31512
2007-02-22,1.31448
2007-02-23,1.31274
2007-02-26,1.31508
2007-02-27,1.31713
2007-02-28,1.3193
2007-03-01,1.32123
2007-03-02,1.32164
2007-03-05,1.31976
2007-03-06,1.31544
2007-03-07,1.31169
2007-03-08,1.31209
2007-03-09,1.31487
2007-03-12,1.31329
2007-03-13,1.31346
2007-03-14,1.31731
2007-03-15,1.3197
2007-03-16,1.32156
2007-03-19,1.32844
2007-03-20,1.33094
2007-03-21,1.33001
2007-03-22,1.33083
2007-03-23,1.33473
2007-03-26,1.33141
2007-03-27,1.32859
2007-03-28,1.33182
2007-03-29,1.33429
2007-03-30,1.33341
2007-04-02,1.33441
2007-04-03,1.33588
2007-04-04,1.33616
2007-04-05,1.33533
2007-04-06,1.33713
2007-04-09,1.33822
2007-04-10,1.33709
2007-04-11,1.33919
2007-04-12,1.34193
2007-04-13,1.34471
2007-04-16,1.35015
2007-04-17,1.35437
2007-04-18,1.35501
2007-04-19,1.35717
2007-04-20,1.3593
2007-04-23,1.35931
2007-04-24,1.35837
2007-04-25,1.35826
2007-04-26,1.36206
2007-04-27,1.36319
2007-04-30,1.36433
2007-05-01,1.36398
2007-05-02,1.36357
2007-05-03,1.36085
2007-05-04,1.36085
2007-05-07,1.35912
2007-05-08,1.36015
2007-05-09,1.3589
2007-05-10,1.35557
2007-05-11,1.35312
2007-05-14,1.35246
2007-05-15,1.35367
2007-05-16,1.35509
2007-05-17,1.35694
2007-05-18,1.35367
2007-05-21,1.3511
2007-05-22,1.34979
2007-05-23,1.34717
2007-05-24,1.34717
2007-05-25,1.34507
2007-05-28,1.34428
2007-05-29,1.34487
2007-05-30,1.34588
2007-05-31,1.34474
2007-06-01,1.34405
2007-06-04,1.34478
2007-06-05,1.3458
2007-06-06,1.34917
2007-06-07,1.35132
2007-06-08,1.34955
2007-06-11,1.34131
2007-06-12,1.33597
2007-06-13,1.33476
2007-06-14,1.33142
2007-06-15,1.33032
2007-06-18,1.33567
2007-06-19,1.33972
2007-06-20,1.34102
2007-06-21,1.34217
2007-06-22,1.34053
2007-06-25,1.34402
2007-06-26,1.34642
2007-06-27,1.34642
2007-06-28,1.34492
2007-06-29,1.34534
2007-07-02,1.35129
2007-07-03,1.35596
2007-07-04,1.35977
2007-07-05,1.36156
2007-07-06,1.36154
2007-07-09,1.36233
2007-07-10,1.36261
2007-07-11,1.36429
2007-07-12,1.37161
2007-07-13,1.37619
2007-07-16,1.37778
2007-07-17,1.37778
2007-07-18,1.37815
2007-07-19,1.37914
2007-07-20,1.38044
2007-07-23,1.38195
2007-07-24,1.38252
2007-07-25,1.38234
2007-07-26,1.37892
2007-07-27,1.37411
2007-07-30,1.36664
2007-07-31,1.36476
2007-08-01,1.36864
2007-08-02,1.36801
2007-08-03,1.36688
2007-08-06,1.37372
2007-08-07,1.37964
2007-08-08,1.37964
2007-08-09,1.37757
2007-08-10,1.37603
2007-08-13,1.37178
2007-08-14,1.36765
2007-08-15,1.36195
2007-08-16,1.35328
2007-08-17,1.3449
2007-08-20,1.34541
2007-08-21,1.34827
2007-08-22,1.3482
2007-08-23,1.34841
2007-08-24,1.35291
2007-08-27,1.36323
2007-08-28,1.36677
2007-08-29,1.36491
2007-08-30,1.36236
2007-08-31,1.36337
2007-09-03,1.36357
2007-09-04,1.36313
2007-09-05,1.36151
2007-09-06,1.36103
2007-09-07,1.36432
2007-09-10,1.3727
2007-09-11,1.37795
2007-09-12,1.38003
2007-09-13,1.38443
2007-09-14,1.38838
2007-09-17,1.38825
2007-09-18,1.38718
2007-09-19,1.38712
2007-09-20,1.39311
2007-09-21,1.40011
2007-09-24,1.40629
2007-09-25,1.40968
2007-09-26,1.40994
2007-09-27,1.41196
2007-09-28,1.41403
2007-10-01,1.42197
2007-10-02,1.42553
2007-10-03,1.42133
2007-10-04,1.4173
2007-10-05,1.41277
2007-10-08,1.41242
2007-10-09,1.41151
2007-10-10,1.40699
2007-10-11,1.40973
2007-10-12,1.41591
2007-10-15,1.41784
2007-10-16,1.41891
2007-10-17,1.41886
2007-10-18,1.41834
2007-10-19,1.42259
2007-10-22,1.42831
2007-10-23,1.42765
2007-10-24,1.42307
2007-10-25,1.42329
2007-10-26,1.42694
2007-10-29,1.43514
2007-10-30,1.4406
2007-10-31,1.44118
2007-11-01,1.44333
2007-11-02,1.44508
2007-11-05,1.44914
2007-11-06,1.44962
2007-11-07,1.45036
2007-11-08,1.45875
2007-11-09,1.46475
2007-11-12,1.46698
2007-11-13,1.46326
2007-11-14,1.45908
2007-11-15,1.46296
2007-11-16,1.46533
2007-11-19,1.46581
2007-11-20,1.46618
2007-11-21,1.47
2007-11-22,1.47873
2007-11-23,1.48387
2007-11-26,1.48395
2007-11-27,1.48377
2007-11-28,1.4851
2007-11-29,1.48174
2007-11-30,1.48174
2007-12-03,1.46943
2007-12-04,1.46496
2007-12-05,1.4681
2007-12-06,1.4712
2007-12-07,1.4648
2007-12-10,1.46371
2007-12-11,1.46677
2007-12-12,1.46958
2007-12-13,1.46901
2007-12-14,1.46836
2007-12-17,1.45268
2007-12-18,1.44108
2007-12-19,1.44006
2007-12-20,1.43992
2007-12-21,1.43751
2007-12-24,1.43737
2007-12-25,1.43877
2007-12-26,1.43946
2007-12-27,1.44207
2007-12-28,1.44906
2007-12-31,1.46471
2008-01-01,1.47098
2008-01-02,1.46306
2008-01-03,1.46334
2008-01-04,1.47005
2008-01-07,1.47367
2008-01-08,1.47259
2008-01-09,1.47088
2008-01-10,1.47025
2008-01-11,1.46973
2008-01-14,1.4747
2008-01-15,1.48204
2008-01-16,1.48605
2008-01-17,1.48138
2008-01-18,1.47081
2008-01-21,1.46357
2008-01-22,1.45557
2008-01-23,1.44986
2008-01-24,1.45621
2008-01-25,1.4636
2008-01-28,1.46705
2008-01-29,1.47015
2008-01-30,1.47509
2008-01-31,1.47793
2008-02-01,1.48273
2008-02-04,1.48223
2008-02-05,1.48114
2008-02-06,1.47746
2008-02-07,1.46807
2008-02-08,1.4605
2008-02-11,1.45374
2008-02-12,1.45219
2008-02-13,1.45352
2008-02-14,1.45602
2008-02-15,1.45876
2008-02-18,1.465
2008-02-19,1.4669
2008-02-20,1.46857
2008-02-21,1.46857
2008-02-22,1.47261
2008-02-25,1.47959
2008-02-26,1.48231
2008-02-27,1.484
2008-02-28,1.49693
2008-02-29,1.50918
2008-03-03,1.51583
2008-03-04,1.51911
2008-03-05,1.52006
2008-03-06,1.52091
2008-03-07,1.52721
2008-03-10,1.534
2008-03-11,1.53635
2008-03-12,1.53644
2008-03-13,1.53917
2008-03-14,1.55125
2008-03-17,1.56354
2008-03-18,1.57371
2008-03-19,1.57669
2008-03-20,1.57095
2008-03-21,1.55895
2008-03-24,1.54677
2008-03-25,1.54137
2008-03-26,1.54808
2008-03-27,1.56233
2008-03-28,1.5757
2008-03-31,1.57972
2008-04-01,1.57982
2008-04-02,1.5734
2008-04-03,1.56483
2008-04-04,1.56294
2008-04-07,1.57014
2008-04-08,1.57167
2008-04-09,1.57213
2008-04-10,1.57364
2008-04-11,1.57935
2008-04-14,1.58095
2008-04-15,1.57811
2008-04-16,1.58018
2008-04-17,1.58503
2008-04-18,1.59072
2008-04-21,1.586
2008-04-22,1.58428
2008-04-23,1.59013
2008-04-24,1.59434
2008-04-25,1.58479
2008-04-28,1.56859
2008-04-29,1.56331
2008-04-30,1.56185
2008-05-01,1.55839
2008-05-02,1.55611
2008-05-05,1.54734
2008-05-06,1.54493
2008-05-07,1.54995
2008-05-08,1.54847
2008-05-09,1.54032
2008-05-12,1.54407
2008-05-13,1.54699
2008-05-14,1.54908
2008-05-15,1.54742
2008-05-16,1.54705
2008-05-19,1.55384
2008-05-20,1.5569
2008-05-21,1.55811
2008-05-22,1.56643
2008-05-23,1.57411
2008-05-26,1.57609
2008-05-27,1.57646
2008-05-28,1.57609
2008-05-29,1.57085
2008-05-30,1.56206
2008-06-02,1.5567
2008-06-03,1.55464
2008-06-04,1.55334
2008-06-05,1.548
2008-06-06,1.5455
2008-06-09,1.56603
2008-06-10,1.57658
2008-06-11,1.56346
2008-06-12,1.55195
2008-06-13,1.54771
2008-06-16,1.54129
2008-06-17,1.54126
2008-06-18,1.54761
2008-06-19,1.54761
2008-06-20,1.55177
2008-06-23,1.55786
2008-06-24,1.55766
2008-06-25,1.55527
2008-06-26,1.55701
2008-06-27,1.56555
2008-06-30,1.5758
2008-07-01,1.57843
2008-07-02,1.5772
2008-07-03,1.58039
2008-07-04,1.58259
2008-07-07,1.57537
2008-07-08,1.56823
2008-07-09,1.56862
2008-07-10,1.56862
2008-07-11,1.57229
2008-07-14,1.58657
2008-07-15,1.5913
2008-07-16,1.5923
2008-07-17,1.591
2008-07-18,1.58632
2008-07-21,1.58466
2008-07-22,1.58586
2008-07-23,1.58789
2008-07-24,1.58026
2008-07-25,1.57055
2008-07-28,1.56976
2008-07-29,1.57185
2008-07-30,1.57087
2008-07-31,1.56243
2008-08-01,1.55933
2008-08-04,1.55777
2008-08-05,1.55746
2008-08-06,1.55412
2008-08-07,1.54808
2008-08-08,1.54323
2008-08-11,1.51513
2008-08-12,1.49878
2008-08-13,1.49287
2008-08-14,1.49085
2008-08-15,1.4896
2008-08-18,1.47644
2008-08-19,1.4707
2008-08-20,1.47051
2008-08-21,1.47278
2008-08-22,1.47815
2008-08-25,1.47962
2008-08-26,1.47717
2008-08-27,1.47053
2008-08-28,1.46923
2008-08-29,1.47323
2008-09-01,1.47018
2008-09-02,1.46529
2008-09-03,1.45791
2008-09-04,1.44973
2008-09-05,1.44652
2008-09-08,1.43408
2008-09-09,1.42752
2008-09-10,1.41902
2008-09-11,1.41191
2008-09-12,1.40102
2008-09-15,1.41272
2008-09-16,1.4258
2008-09-17,1.42383
2008-09-18,1.42027
2008-09-19,1.43116
2008-09-22,1.44341
2008-09-23,1.45358
2008-09-24,1.46921
2008-09-25,1.47032
2008-09-26,1.46738
2008-09-29,1.4634
2008-09-30,1.45099
2008-10-01,1.43532
2008-10-02,1.41693
2008-10-03,1.39758
2008-10-06,1.38218
2008-10-07,1.36582
2008-10-08,1.35791
2008-10-09,1.36103
2008-10-10,1.36538
2008-10-13,1.35132
2008-10-14,1.35191
2008-10-15,1.36319
2008-10-16,1.36166
2008-10-17,1.3498
2008-10-20,1.34257
2008-10-21,1.34151
2008-10-22,1.33068
2008-10-23,1.3036
2008-10-24,1.28551
2008-10-27,1.26944
2008-10-28,1.25553
2008-10-29,1.24992
2008-10-30,1.2675
2008-10-31,1.29553
2008-11-03,1.28564
2008-11-04,1.27646
2008-11-05,1.27493
2008-11-06,1.28548
2008-11-07,1.28866
2008-11-10,1.27695
2008-11-11,1.27966
2008-11-12,1.2752
2008-11-13,1.26
2008-11-14,1.25147
2008-11-17,1.25634
2008-11-18,1.26111
2008-11-19,1.26249
2008-11-20,1.26287
2008-11-21,1.25619
2008-11-24,1.25628
2008-11-25,1.26502
2008-11-26,1.28301
2008-11-27,1.29494
2008-11-28,1.2931
2008-12-01,1.27774
2008-12-02,1.26743
2008-12-03,1.26551
2008-12-04,1.26666
2008-12-05,1.26866
2008-12-08,1.27095
2008-12-09,1.27873
2008-12-10,1.28674
2008-12-11,1.29338
2008-12-12,1.30713
2008-12-15,1.32983
2008-12-16,1.34594
2008-12-17,1.36389
2008-12-18,1.39833
2008-12-19,1.43287
2008-12-22,1.40993
2008-12-23,1.39553
2008-12-24,1.39775
2008-12-25,1.39731
2008-12-26,1.39963
2008-12-29,1.40244
2008-12-30,1.41304
2008-12-31,1.41313
2009-01-01,1.40624
2009-01-02,1.39987
2009-01-05,1.39381
2009-01-06,1.38174
2009-01-07,1.3594
2009-01-08,1.35453
2009-01-09,1.36167
2009-01-12,1.35338
2009-01-13,1.34297
2009-01-14,1.33254
2009-01-15,1.32359
2009-01-16,1.31754
2009-01-19,1.32285
2009-01-20,1.32662
2009-01-21,1.30801
2009-01-22,1.29397
2009-01-23,1.29708
2009-01-26,1.29925
2009-01-27,1.29924
2009-01-28,1.31284
2009-01-29,1.32213
2009-01-30,1.31415
2009-02-02,1.29118
2009-02-03,1.27835
2009-02-04,1.28432
2009-02-05,1.29219
2009-02-06,1.28793
2009-02-09,1.29024
2009-02-10,1.29616
2009-02-11,1.29451
2009-02-12,1.29161
2009-02-13,1.28801
2009-02-16,1.28598
2009-02-17,1.28035
2009-02-18,1.26989
2009-02-19,1.26084
2009-02-20,1.26138
2009-02-23,1.27487
2009-02-24,1.28282
2009-02-25,1.27792
2009-02-26,1.27899
2009-02-27,1.27699
2009-03-02,1.26966
2009-03-03,1.26195
2009-03-04,1.25974
2009-03-05,1.25661
2009-03-06,1.25693
2009-03-09,1.2627
2009-03-10,1.26492
2009-03-11,1.26701
2009-03-12,1.2707
2009-03-13,1.27786
2009-03-16,1.28848
2009-03-17,1.29438
2009-03-18,1.2974
2009-03-19,1.30447
2009-03-20,1.33792
2009-03-23,1.35661
2009-03-24,1.3613
2009-03-25,1.36088
2009-03-26,1.35348
2009-03-27,1.35459
2009-03-30,1.33946
2009-03-31,1.32383
2009-04-01,1.32505
2009-04-02,1.32456
2009-04-03,1.32932
2009-04-06,1.34318
2009-04-07,1.34934
2009-04-08,1.33876
2009-04-09,1.32676
2009-04-10,1.32399
2009-04-13,1.32075
2009-04-14,1.32136
2009-04-15,1.32791
2009-04-16,1.3257
2009-04-17,1.32095
2009-04-20,1.31037
2009-04-21,1.30019
2009-04-22,1.29542
2009-04-23,1.29498
2009-04-24,1.30056
2009-04-27,1.31671
2009-04-28,1.31863
2009-04-29,1.3082
2009-04-30,1.31533
2009-05-01,1.32545
2009-05-04,1.32735
2009-05-05,1.3297
2009-05-06,1.33552
2009-05-07,1.33332
2009-05-08,1.33295
2009-05-11,1.35317
2009-05-12,1.36229
2009-05-13,1.36195
2009-05-14,1.36386
2009-05-15,1.36122
2009-05-18,1.35297
2009-05-19,1.34851
2009-05-20,1.35476
2009-05-21,1.36444
2009-05-22,1.37539
2009-05-25,1.39216
2009-05-26,1.40016
2009-05-27,1.39784
2009-05-28,1.39539
2009-05-29,1.39033
2009-06-01,1.40512
2009-06-02,1.41641
2009-06-03,1.4193
2009-06-04,1.42236
2009-06-05,1.41956
2009-06-08,1.40466
2009-06-09,1.39358
2009-06-10,1.39375
2009-06-11,1.40131
2009-06-12,1.4044
2009-06-15,1.40239
2009-06-16,1.39326
2009-06-17,1.38578
2009-06-18,1.386
2009-06-19,1.39174
2009-06-22,1.39407
2009-06-23,1.39022
2009-06-24,1.39199
2009-06-25,1.40101
2009-06-26,1.39891
2009-06-29,1.40178
2009-06-30,1.40516
2009-07-01,1.40712
2009-07-02,1.40847
2009-07-03,1.40803
2009-07-06,1.40172
2009-07-07,1.39586
2009-07-08,1.39593
2009-07-09,1.39211
2009-07-10,1.39301
2009-07-13,1.39428
2009-07-14,1.39438
2009-07-15,1.39653
2009-07-16,1.40169
2009-07-17,1.40787
2009-07-20,1.41016
2009-07-21,1.4156
2009-07-22,1.4204
2009-07-23,1.42071
2009-07-24,1.42168
2009-07-27,1.42122
2009-07-28,1.42234
2009-07-29,1.42296
2009-07-30,1.41606
2009-07-31,1.40834
2009-08-03,1.418
2009-08-04,1.42892
2009-08-05,1.4365
2009-08-06,1.44032
2009-08-07,1.43934
2009-08-10,1.42624
2009-08-11,1.41809
2009-08-12,1.41598
2009-08-13,1.4159
2009-08-14,1.42204
2009-08-17,1.42213
2009-08-18,1.41499
2009-08-19,1.41135
2009-08-20,1.4139
2009-08-21,1.4205
2009-08-24,1.42933
2009-08-25,1.43239
2009-08-26,1.4311
2009-08-27,1.42888
2009-08-28,1.42697
2009-08-31,1.42877
2009-09-01,1.42877
2009-09-02,1.43056
2009-09-03,1.42568
2009-09-04,1.42606
2009-09-07,1.42864
2009-09-08,1.43181
2009-09-09,1.43872
2009-09-10,1.44846
2009-09-11,1.45484
2009-09-14,1.45695
2009-09-15,1.45736
2009-09-16,1.46035
2009-09-17,1.46605
2009-09-18,1.47115
2009-09-21,1.47171
2009-09-22,1.46877
2009-09-23,1.47261
2009-09-24,1.47764
2009-09-25,1.47488
2009-09-28,1.47026
2009-09-29,1.46559
2009-09-30,1.46065
2009-10-01,1.46117
2009-10-02,1.45992
2009-10-05,1.4582
2009-10-06,1.46108
2009-10-07,1.46805
2009-10-08,1.47032
2009-10-09,1.47333
2009-10-12,1.47402
2009-10-13,1.47382
2009-10-14,1.47824
2009-10-15,1.48567
2009-10-16,1.49152
2009-10-19,1.49157
2009-10-20,1.49107
2009-10-21,1.49402
2009-10-22,1.49574
2009-10-23,1.49825
2009-10-26,1.50038
2009-10-27,1.49971
2009-10-28,1.49046
2009-10-29,1.48117
2009-10-30,1.47693
2009-11-02,1.4731
2009-11-03,1.47446
2009-11-04,1.47404
2009-11-05,1.47548
2009-11-06,1.48224
2009-11-09,1.48535
2009-11-10,1.49142
2009-11-11,1.49724
2009-11-12,1.49923
2009-11-13,1.49649
2009-11-16,1.49224
2009-11-17,1.49397
2009-11-18,1.49361
2009-11-19,1.49184
2009-11-20,1.49096
2009-11-23,1.48794
2009-11-24,1.49154
2009-11-25,1.49482
2009-11-26,1.5001
2009-11-27,1.50579
2009-11-30,1.50223
2009-12-01,1.50145
2009-12-02,1.50425
2009-12-03,1.50679
2009-12-04,1.50865
2009-12-07,1.49401
2009-12-08,1.48492
2009-12-09,1.4815
2009-12-10,1.47494
2009-12-11,1.47254
2009-12-14,1.46567
2009-12-15,1.46358
2009-12-16,1.46101
2009-12-17,1.45638
2009-12-18,1.44588
2009-12-21,1.43613
2009-12-22,1.43297
2009-12-23,1.43002
2009-12-24,1.42805
2009-12-25,1.43287
2009-12-28,1.43783
2009-12-29,1.43886
2009-12-30,1.43886
2009-12-31,1.43529
2010-01-01,1.43556
2010-01-04,1.43332
2010-01-05,1.4339
2010-01-06,1.43934
2010-01-07,1.43857
2010-01-08,1.43857
2010-01-11,1.4394
2010-01-12,1.44694
2010-01-13,1.44995
2010-01-14,1.45008
2010-01-15,1.45092
2010-01-18,1.44312
2010-01-19,1.43772
2010-01-20,1.43575
2010-01-21,1.42473
2010-01-22,1.41272
2010-01-25,1.41222
2010-01-26,1.41506
2010-01-27,1.41251
2010-01-28,1.40781
2010-01-29,1.40238
2010-02-01,1.39169
2010-02-02,1.38818
2010-02-03,1.39203
2010-02-04,1.39494
2010-02-05,1.38878
2010-02-08,1.37398
2010-02-09,1.36727
2010-02-10,1.36989
2010-02-11,1.37457
2010-02-12,1.37416
2010-02-15,1.36667
2010-02-16,1.36147
2010-02-17,1.36599
2010-02-18,1.36941
2010-02-19,1.36239
2010-02-22,1.36028
2010-02-23,1.36107
2010-02-24,1.35899
2010-02-25,1.35587
2010-02-26,1.35178
2010-03-01,1.35835
2010-03-02,1.35895
2010-03-03,1.35578
2010-03-04,1.36199
2010-03-05,1.36424
2010-03-08,1.36272
2010-03-09,1.3643
2010-03-10,1.36142
2010-03-11,1.36056
2010-03-12,1.36422
2010-03-15,1.37271
2010-03-16,1.37257
2010-03-17,1.37153
2010-03-18,1.37502
2010-03-19,1.3695
2010-03-22,1.35737
2010-03-23,1.35275
2010-03-24,1.35195
2010-03-25,1.34208
2010-03-26,1.33393
2010-03-29,1.33861
2010-03-30,1.34472
2010-03-31,1.34587
2010-04-01,1.34747
2010-04-02,1.3512
2010-04-05,1.35098
2010-04-06,1.34922
2010-04-07,1.34321
2010-04-08,1.33783
2010-04-09,1.33425
2010-04-12,1.34362
2010-04-13,1.35651
2010-04-14,1.35951
2010-04-15,1.36221
2010-04-16,1.36005
2010-04-19,1.3526
2010-04-20,1.34708
2010-04-21,1.34632
2010-04-22,1.34301
2010-04-23,1.3368
2010-04-26,1.33674
2010-04-27,1.33564
2010-04-28,1.33148
2010-04-29,1.32314
2010-04-30,1.32197
2010-05-03,1.32767
2010-05-04,1.3249
2010-05-05,1.314
2010-05-06,1.29732
2010-05-07,1.27997
2010-05-10,1.27609
2010-05-11,1.28591
2010-05-12,1.27863
2010-05-13,1.26761
2010-05-14,1.26197
2010-05-17,1.24468
2010-05-18,1.23389
2010-05-19,1.23436
2010-05-20,1.22983
2010-05-21,1.23473
2010-05-24,1.25125
2010-05-25,1.24753
2010-05-26,1.23166
2010-05-27,1.22626
2010-05-28,1.22868
2010-05-31,1.2282
2010-06-01,1.22911
2010-06-02,1.22535
2010-06-03,1.22239
2010-06-04,1.2233
2010-06-07,1.20662
2010-06-08,1.19514
2010-06-09,1.19454
2010-06-10,1.19749
2010-06-11,1.20419
2010-06-14,1.20975
2010-06-15,1.21853
2010-06-16,1.2255
2010-06-17,1.22931
2010-06-18,1.23314
2010-06-21,1.23748
2010-06-22,1.23891
2010-06-23,1.23261
2010-06-24,1.22798
2010-06-25,1.23021
2010-06-28,1.23496
2010-06-29,1.23476
2010-06-30,1.22543
2010-07-01,1.22332
2010-07-02,1.23214
2010-07-05,1.24882
2010-07-06,1.2546
2010-07-07,1.25735
2010-07-08,1.25999
2010-07-09,1.26416
2010-07-12,1.26489
2010-07-13,1.26037
2010-07-14,1.2611
2010-07-15,1.26893
2010-07-16,1.27908
2010-07-19,1.28937
2010-07-20,1.29403
2010-07-21,1.29317
2010-07-22,1.28629
2010-07-23,1.28433
2010-07-26,1.2887
2010-07-27,1.29325
2010-07-28,1.29774
2010-07-29,1.29995
2010-07-30,1.304
2010-08-02,1.30562
2010-08-03,1.30928
2010-08-04,1.31799
2010-08-05,1.31979
2010-08-06,1.31784
2010-08-09,1.32389
2010-08-10,1.32649
2010-08-11,1.3189
2010-08-12,1.30439
2010-08-13,1.2899
2010-08-16,1.27921
2010-08-17,1.2793
2010-08-18,1.28512
2010-08-19,1.28691
2010-08-20,1.28423
2010-08-23,1.2755
2010-08-24,1.26985
2010-08-25,1.26639
2010-08-26,1.26512
2010-08-27,1.26886
2010-08-30,1.27443
2010-08-31,1.27239
2010-09-01,1.26891
2010-09-02,1.27434
2010-09-03,1.28016
2010-09-06,1.28649
2010-09-07,1.28885
2010-09-08,1.27989
2010-09-09,1.27269
2010-09-10,1.27119
2010-09-13,1.26947
2010-09-14,1.27777
2010-09-15,1.28903
2010-09-16,1.29636
2010-09-17,1.30348
2010-09-20,1.30537
2010-09-21,1.30672
2010-09-22,1.31143
2010-09-23,1.32739
2010-09-24,1.33538
2010-09-27,1.34374
2010-09-28,1.34774
2010-09-29,1.3488
2010-09-30,1.35699
2010-10-01,1.36194
2010-10-04,1.37317
2010-10-05,1.37377
2010-10-06,1.37535
2010-10-07,1.38445
2010-10-08,1.39188
2010-10-11,1.39188
2010-10-12,1.39303
2010-10-13,1.38763
2010-10-14,1.39207
2010-10-15,1.40323
2010-10-18,1.40161
2010-10-19,1.39445
2010-10-20,1.38778
2010-10-21,1.38628
2010-10-22,1.39342
2010-10-25,1.39625
2010-10-26,1.39926
2010-10-27,1.39478
2010-10-28,1.38373
2010-10-29,1.38433
2010-11-01,1.39205
2010-11-02,1.39465
2010-11-03,1.39576
2010-11-04,1.4009
2010-11-05,1.41291
2010-11-08,1.409
2010-11-09,1.39852
2010-11-10,1.39115
2010-11-11,1.38117
2010-11-12,1.37491
2010-11-15,1.37074
2010-11-16,1.36679
2010-11-17,1.36051
2010-11-18,1.35321
2010-11-19,1.35654
2010-11-22,1.36472
2010-11-23,1.36915
2010-11-24,1.35935
2010-11-25,1.34275
2010-11-26,1.33508
2010-11-29,1.32817
2010-11-30,1.32136
2010-12-01,1.31128
2010-12-02,1.30591
2010-12-03,1.31154
2010-12-06,1.33146
2010-12-07,1.33607
2010-12-08,1.33302
2010-12-09,1.32721
2010-12-10,1.32481
2010-12-13,1.32374
2010-12-14,1.3248
2010-12-15,1.33514
2010-12-16,1.3358
2010-12-17,1.32629
2010-12-20,1.32
2010-12-21,1.31635
2010-12-22,1.31465
2010-12-23,1.31279
2010-12-24,1.31093
2010-12-27,1.31153
2010-12-28,1.31307
2010-12-29,1.31746
2010-12-30,1.31603
2010-12-31,1.32085
2011-01-03,1.33311
2011-01-04,1.33457
2011-01-05,1.33425
2011-01-06,1.32824
2011-01-07,1.31572
2011-01-10,1.29838
2011-01-11,1.29109
2011-01-12,1.29349
2011-01-13,1.29948
2011-01-14,1.31257
2011-01-17,1.33193
2011-01-18,1.33427
2011-01-19,1.33366
2011-01-20,1.34148
2011-01-21,1.34586
2011-01-24,1.35587
2011-01-25,1.36103
2011-01-26,1.36291
2011-01-27,1.367
2011-01-28,1.36999
2011-01-31,1.3647
2011-02-01,1.36298
2011-02-02,1.37063
2011-02-03,1.37947
2011-02-04,1.3777
2011-02-07,1.36457
2011-02-08,1.36457
2011-02-09,1.36075
2011-02-10,1.3647
2011-02-11,1.36612
2011-02-14,1.35886
2011-02-15,1.3517
2011-02-16,1.35034
2011-02-17,1.35184
2011-02-18,1.35601
2011-02-21,1.36525
2011-02-22,1.36862
2011-02-23,1.36498
2011-02-24,1.36839
2011-02-25,1.37498
2011-02-28,1.37603
2011-03-01,1.37723
2011-03-02,1.38034
2011-03-03,1.38091
2011-03-04,1.38572
2011-03-07,1.39481
2011-03-08,1.39892
2011-03-09,1.39575
2011-03-10,1.39138
2011-03-11,1.38682
2011-03-14,1.38895
2011-03-15,1.3937
2011-03-16,1.39503
2011-03-17,1.39505
2011-03-18,1.39624
2011-03-21,1.41064
2011-03-22,1.41824
2011-03-23,1.42051
2011-03-24,1.41817
2011-03-25,1.41362
2011-03-28,1.4096
2011-03-29,1.40711
2011-03-30,1.40809
2011-03-31,1.40959
2011-04-01,1.41419
2011-04-04,1.42113
2011-04-05,1.42297
2011-04-06,1.42092
2011-04-07,1.42535
2011-04-08,1.42939
2011-04-11,1.44062
2011-04-12,1.44598
2011-04-13,1.44483
2011-04-14,1.44664
2011-04-15,1.44653
2011-04-18,1.44397
2011-04-19,1.4362
2011-04-20,1.42887
2011-04-21,1.43859
2011-04-22,1.4525
2011-04-25,1.45666
2011-04-26,1.45705
2011-04-27,1.45856
2011-04-28,1.46488
2011-04-29,1.47736
2011-05-02,1.4814
2011-05-03,1.48213
2011-05-04,1.48204
2011-05-05,1.48314
2011-05-06,1.47888
2011-05-09,1.44772
2011-05-10,1.4351
2011-05-11,1.43577
2011-05-12,1.43476
2011-05-13,1.42616
2011-05-16,1.41516
2011-05-17,1.41259
2011-05-18,1.41582
2011-05-19,1.4222
2011-05-20,1.42642
2011-05-23,1.41957
2011-05-24,1.40932
2011-05-25,1.40683
2011-05-26,1.40728
2011-05-27,1.41155
2011-05-30,1.42549
2011-05-31,1.42968
2011-06-01,1.43432
2011-06-02,1.43977
2011-06-03,1.44094
2011-06-06,1.45476
2011-06-07,1.46258
2011-06-08,1.46319
2011-06-09,1.46386
2011-06-10,1.46011
2011-06-13,1.44315
2011-06-14,1.43553
2011-06-15,1.44114
2011-06-16,1.43738
2011-06-17,1.42177
2011-06-20,1.42518
2011-06-21,1.42811
2011-06-22,1.43233
2011-06-23,1.43769
2011-06-24,1.43026
2011-06-27,1.42133
2011-06-28,1.4192
2011-06-29,1.4269
2011-06-30,1.43621
2011-07-01,1.44502
2011-07-04,1.45118
2011-07-05,1.45318
2011-07-06,1.45029
2011-07-07,1.44147
2011-07-08,1.4343
2011-07-11,1.42813
2011-07-12,1.41769
2011-07-13,1.4035
2011-07-14,1.40306
2011-07-15,1.41476
2011-07-18,1.41733
2011-07-19,1.41036
2011-07-20,1.41153
2011-07-21,1.41702
2011-07-22,1.42448
2011-07-25,1.43309
2011-07-26,1.43686
2011-07-27,1.44294
2011-07-28,1.44611
2011-07-29,1.43777
2011-08-01,1.43739
2011-08-02,1.4367
2011-08-03,1.4275
2011-08-04,1.42448
2011-08-05,1.42483
2011-08-08,1.42849
2011-08-09,1.42883
2011-08-10,1.42484
2011-08-11,1.42792
2011-08-12,1.42454
2011-08-15,1.42322
2011-08-16,1.43114
2011-08-17,1.43849
2011-08-18,1.44164
2011-08-19,1.43928
2011-08-22,1.43884
2011-08-23,1.43884
2011-08-24,1.44006
2011-08-25,1.442
2011-08-26,1.4415
2011-08-29,1.44657
2011-08-30,1.4504
2011-08-31,1.44835
2011-09-01,1.44419
2011-09-02,1.43561
2011-09-05,1.42458
2011-09-06,1.4158
2011-09-07,1.40928
2011-09-08,1.40586
2011-09-09,1.40336
2011-09-12,1.3791
2011-09-13,1.36172
2011-09-14,1.3644
2011-09-15,1.36811
2011-09-16,1.37518
2011-09-19,1.37918
2011-09-20,1.37119
2011-09-21,1.36621
2011-09-22,1.36803
2011-09-23,1.35818
2011-09-26,1.35075
2011-09-27,1.34792
2011-09-28,1.35224
2011-09-29,1.35822
2011-09-30,1.35972
2011-10-03,1.34619
2011-10-04,1.33419
2011-10-05,1.32527
2011-10-06,1.32799
2011-10-07,1.33437
2011-10-10,1.33695
2011-10-11,1.34762
2011-10-12,1.35982
2011-10-13,1.36833
2011-10-14,1.37473
2011-10-17,1.38356
2011-10-18,1.38423
2011-10-19,1.37674
2011-10-20,1.37679
2011-10-21,1.37607
2011-10-24,1.38321
2011-10-25,1.38858
2011-10-26,1.39045
2011-10-27,1.39096
2011-10-28,1.39898
2011-10-31,1.41047
2011-11-01,1.40632
2011-11-02,1.38528
2011-11-03,1.37477
2011-11-04,1.37477
2011-11-07,1.37712
2011-11-08,1.37719
2011-11-09,1.37716
2011-11-10,1.37401
2011-11-11,1.36247
2011-11-14,1.36877
2011-11-15,1.3725
2011-11-16,1.3625
2011-11-17,1.35282
2011-11-18,1.34835
2011-11-21,1.35058
2011-11-22,1.35075
2011-11-23,1.35043
2011-11-24,1.346
2011-11-25,1.33879
2011-11-28,1.32912
2011-11-29,1.32959
2011-11-30,1.33338
2011-12-01,1.33524
2011-12-02,1.34256
2011-12-05,1.34207
2011-12-06,1.34167
2011-12-07,1.34011
2011-12-08,1.33978
2011-12-09,1.33911
2011-12-12,1.33843
2011-12-13,1.33248
2011-12-14,1.32115
2011-12-15,1.30735
2011-12-16,1.30049
2011-12-19,1.30263
2011-12-20,1.30271
2011-12-21,1.3035
2011-12-22,1.30741
2011-12-23,1.30682
2011-12-26,1.30467
2011-12-27,1.30546
2011-12-28,1.30657
2011-12-29,1.30486
2011-12-30,1.29648
2012-01-02,1.29453
2012-01-03,1.2946
2012-01-04,1.29781
2012-01-05,1.30034
2012-01-06,1.29191
2012-01-09,1.27714
2012-01-10,1.27226
2012-01-11,1.27602
2012-01-12,1.27518
2012-01-13,1.27455
2012-01-16,1.27058
2012-01-17,1.26644
2012-01-18,1.27038
2012-01-19,1.27686
2012-01-20,1.28524
2012-01-23,1.29097
2012-01-24,1.29409
2012-01-25,1.29858
2012-01-26,1.30134
2012-01-27,1.30823
2012-01-30,1.31823
2012-01-31,1.31776
2012-02-01,1.31508
2012-02-02,1.31298
2012-02-03,1.31414
2012-02-06,1.3153
2012-02-07,1.31131
2012-02-08,1.31316
2012-02-09,1.3222
2012-02-10,1.3269
2012-02-13,1.32262
2012-02-14,1.32226
2012-02-15,1.31859
2012-02-16,1.31381
2012-02-17,1.30722
2012-02-20,1.31095
2012-02-21,1.32003
2012-02-22,1.32376
2012-02-23,1.32392
2012-02-24,1.32659
2012-02-27,1.33874
2012-02-28,1.34378
2012-02-29,1.34306
2012-03-01,1.34352
2012-03-02,1.33682
2012-03-05,1.32433
2012-03-06,1.32013
2012-03-07,1.31833
2012-03-08,1.31483
2012-03-09,1.31782
2012-03-12,1.31525
2012-03-13,1.31195
2012-03-14,1.3126
2012-03-15,1.30839
2012-03-16,1.30526
2012-03-19,1.3127
2012-03-20,1.31816
2012-03-21,1.32091
2012-03-22,1.32346
2012-03-23,1.3215
2012-03-26,1.32422
2012-03-27,1.3279
2012-03-28,1.33217
2012-03-29,1.33327
2012-03-30,1.33103
2012-04-02,1.33274
2012-04-03,1.33403
2012-04-04,1.3328
2012-04-05,1.32309
2012-04-06,1.31327
2012-04-09,1.30996
2012-04-10,1.3086
2012-04-11,1.30923
2012-04-12,1.31037
2012-04-13,1.31302
2012-04-16,1.31031
2012-04-17,1.30626
2012-04-18,1.30996
2012-04-19,1.3117
2012-04-20,1.31174
2012-04-23,1.31776
2012-04-24,1.31807
2012-04-25,1.31677
2012-04-26,1.31918
2012-04-27,1.32196
2012-04-30,1.32436
2012-05-01,1.32416
2012-05-02,1.32414
2012-05-03,1.32089
2012-05-04,1.31618
2012-05-07,1.31038
2012-05-08,1.30394
2012-05-09,1.3023
2012-05-10,1.29909
2012-05-11,1.29561
2012-05-14,1.29297
2012-05-15,1.2887
2012-05-16,1.28327
2012-05-17,1.27573
2012-05-18,1.27212
2012-05-21,1.27522
2012-05-22,1.27756
2012-05-23,1.27722
2012-05-24,1.26887
2012-05-25,1.2595
2012-05-28,1.25457
2012-05-29,1.25556
2012-05-30,1.25405
2012-05-31,1.24713
2012-06-01,1.24036
2012-06-04,1.24062
2012-06-05,1.2433
2012-06-06,1.24605
2012-06-07,1.24913
2012-06-08,1.25493
2012-06-11,1.25542
2012-06-12,1.25658
2012-06-13,1.25232
2012-06-14,1.25159
2012-06-15,1.25616
2012-06-18,1.26178
2012-06-19,1.26467
2012-06-20,1.26375
2012-06-21,1.26663
2012-06-22,1.26614
2012-06-25,1.25972
2012-06-26,1.25321
2012-06-27,1.25033
2012-06-28,1.24894
2012-06-29,1.24693
2012-07-02,1.25902
2012-07-03,1.26359
2012-07-04,1.26018
2012-07-05,1.25791
2012-07-06,1.25083
2012-07-09,1.23583
2012-07-10,1.22891
2012-07-11,1.22892
2012-07-12,1.22684
2012-07-13,1.22316
2012-07-16,1.22369
2012-07-17,1.22433
2012-07-18,1.22621
2012-07-19,1.22738
2012-07-20,1.22778
2012-07-23,1.22009
2012-07-24,1.21296
2012-07-25,1.21058
2012-07-26,1.21048
2012-07-27,1.21646
2012-07-30,1.22779
2012-07-31,1.22911
2012-08-01,1.22794
2012-08-02,1.22904
2012-08-03,1.22511
2012-08-06,1.23235
2012-08-07,1.23891
2012-08-08,1.24012
2012-08-09,1.23852
2012-08-10,1.23492
2012-08-13,1.23064
2012-08-14,1.23043
2012-08-15,1.23326
2012-08-16,1.23199
2012-08-17,1.23073
2012-08-20,1.23248
2012-08-21,1.23356
2012-08-22,1.23795
2012-08-23,1.24461
2012-08-24,1.25215
2012-08-27,1.25268
2012-08-28,1.25136
2012-08-29,1.25211
2012-08-30,1.25407
2012-08-31,1.25391
2012-09-03,1.25599
2012-09-04,1.25774
2012-09-05,1.25865
2012-09-06,1.25726
2012-09-07,1.25941
2012-09-10,1.27412
2012-09-11,1.27975
2012-09-12,1.27968
2012-09-13,1.28505
2012-09-14,1.29066
2012-09-17,1.30534
2012-09-18,1.31222
2012-09-19,1.30929
2012-09-20,1.30585
2012-09-21,1.30061
2012-09-24,1.29814
2012-09-25,1.2951
2012-09-26,1.29324
2012-09-27,1.28948
2012-09-28,1.28783
2012-10-01,1.28654
2012-10-02,1.28626
2012-10-03,1.28951
2012-10-04,1.29095
2012-10-05,1.29376
2012-10-08,1.30073
2012-10-09,1.3002
2012-10-10,1.29547
2012-10-11,1.28997
2012-10-12,1.28852
2012-10-15,1.29292
2012-10-16,1.29441
2012-10-17,1.29785
2012-10-18,1.30707
2012-10-19,1.31038
2012-10-22,1.30516
2012-10-23,1.30392
2012-10-24,1.30307
2012-10-25,1.2986
2012-10-26,1.29734
2012-10-29,1.29528
2012-10-30,1.29234
2012-10-31,1.29285
2012-11-01,1.29604
2012-11-02,1.29611
2012-11-05,1.28829
2012-11-06,1.28174
2012-11-07,1.28008
2012-11-08,1.28023
2012-11-09,1.27715
2012-11-12,1.27272
2012-11-13,1.27159
2012-11-14,1.27041
2012-11-15,1.27173
2012-11-16,1.27441
2012-11-19,1.27468
2012-11-20,1.2762
2012-11-21,1.27902
2012-11-22,1.27902
2012-11-23,1.28383
2012-11-26,1.29307
2012-11-27,1.29682
2012-11-28,1.29643
2012-11-29,1.29404
2012-11-30,1.2952
2012-12-03,1.29791
2012-12-04,1.30156
2012-12-05,1.30583
2012-12-06,1.30848
2012-12-07,1.30589
2012-12-10,1.29675
2012-12-11,1.29192
2012-12-12,1.29484
2012-12-13,1.30041
2012-12-14,1.30554
2012-12-17,1.31279
2012-12-18,1.31628
2012-12-19,1.31763
2012-12-20,1.32275
2012-12-21,1.32407
2012-12-24,1.32043
2012-12-25,1.31911
2012-12-26,1.31898
2012-12-27,1.31948
2012-12-28,1.32266
2012-12-31,1.32269
2013-01-01,1.32091
2013-01-02,1.31995
2013-01-03,1.32214
2013-01-04,1.31698
2013-01-07,1.30925
2013-01-08,1.30657
2013-01-09,1.30893
2013-01-10,1.30828
2013-01-11,1.30997
2013-01-14,1.32537
2013-01-15,1.33591
2013-01-16,1.33582
2013-01-17,1.33142
2013-01-18,1.33135
2013-01-21,1.33226
2013-01-22,1.33176
2013-01-23,1.33204
2013-01-24,1.33192
2013-01-25,1.33268
2013-01-28,1.34143
2013-01-29,1.34565
2013-01-30,1.34556
2013-01-31,1.34987
2013-02-01,1.35508
2013-02-04,1.36125
2013-02-05,1.36114
2013-02-06,1.35509
2013-02-07,1.35406
2013-02-08,1.35167
2013-02-11,1.34165
2013-02-12,1.33773
2013-02-13,1.34041
2013-02-14,1.34422
2013-02-15,1.34162
2013-02-18,1.33714
2013-02-19,1.33525
2013-02-20,1.33532
2013-02-21,1.33748
2013-02-22,1.32929
2013-02-25,1.3206
2013-02-26,1.32019
2013-02-27,1.31192
2013-02-28,1.30781
2013-03-01,1.31075
2013-03-04,1.30574
2013-03-05,1.30133
2013-03-06,1.30247
2013-03-07,1.30356
2013-03-08,1.30317
2013-03-11,1.30141
2013-03-12,1.30063
2013-03-13,1.30203
2013-03-14,1.30137
2013-03-15,1.29792
2013-03-18,1.30336
2013-03-19,1.29829
2013-03-20,1.29316
2013-03-21,1.2917
2013-03-22,1.29176
2013-03-25,1.29639
2013-03-26,1.29731
2013-03-27,1.29027
2013-03-28,1.28335
2013-03-29,1.28052
2013-04-01,1.28116
2013-04-02,1.28171
2013-04-03,1.28329
2013-04-04,1.28312
2013-04-05,1.28386
2013-04-08,1.29401
2013-04-09,1.29984
2013-04-10,1.3033
2013-04-11,1.30705
2013-04-12,1.30864
2013-04-15,1.31033
2013-04-16,1.30909
2013-04-17,1.30914
2013-04-18,1.31174
2013-04-19,1.30813
2013-04-22,1.30516
2013-04-23,1.30539
2013-04-24,1.30342
2013-04-25,1.30099
2013-04-26,1.30226
2013-04-29,1.30321
2013-04-30,1.30577
2013-05-01,1.30968
2013-05-02,1.3158
2013-05-03,1.31559
2013-05-06,1.31238
2013-05-07,1.31073
2013-05-08,1.30924
2013-05-09,1.31087
2013-05-10,1.31279
2013-05-13,1.30419
2013-05-14,1.29808
2013-05-15,1.29795
2013-05-16,1.2928
2013-05-17,1.28877
2013-05-20,1.28543
2013-05-21,1.28487
2013-05-22,1.28744
2013-05-23,1.28994
2013-05-24,1.28916
2013-05-27,1.29119
2013-05-28,1.29333
2013-05-29,1.2915
2013-05-30,1.2899
2013-05-31,1.29534
2013-06-03,1.29944
2013-06-04,1.30156
2013-06-05,1.3055
2013-06-06,1.30778
2013-06-07,1.31197
2013-06-10,1.31893
2013-06-11,1.32164
2013-06-12,1.32511
2013-06-13,1.32966
2013-06-14,1.33297
2013-06-17,1.3344
2013-06-18,1.33421
2013-06-19,1.33615
2013-06-20,1.33798
2013-06-21,1.32916
2013-06-24,1.31658
2013-06-25,1.3111
2013-06-26,1.3109
2013-06-27,1.30707
2013-06-28,1.30342
2013-07-01,1.30164
2013-07-02,1.30257
2013-07-03,1.30354
2013-07-04,1.29983
2013-07-05,1.29736
2013-07-08,1.28842
2013-07-09,1.28381
2013-07-10,1.28381
2013-07-11,1.28269
2013-07-12,1.29806
2013-07-15,1.30684
2013-07-16,1.30591
2013-07-17,1.30824
2013-07-18,1.31232
2013-07-19,1.31173
2013-07-22,1.31284
2013-07-23,1.31596
2013-07-24,1.3187
2013-07-25,1.32091
2013-07-26,1.32164
2013-07-29,1.32549
2013-07-30,1.32759
2013-07-31,1.32673
2013-08-01,1.3266
2013-08-02,1.3259
2013-08-05,1.32701
2013-08-06,1.32734
2013-08-07,1.32746
2013-08-08,1.32969
2013-08-09,1.33385
2013-08-12,1.33477
2013-08-13,1.33227
2013-08-14,1.32939
2013-08-15,1.3268
2013-08-16,1.32752
2013-08-19,1.33109
2013-08-20,1.33337
2013-08-21,1.33635
2013-08-22,1.33891
2013-08-23,1.3364
2013-08-26,1.3369
2013-08-27,1.33792
2013-08-28,1.33732
2013-08-29,1.3366
2013-08-30,1.33139
2013-09-02,1.3244
2013-09-03,1.32112
2013-09-04,1.31876
2013-09-05,1.31788
2013-09-06,1.31743
2013-09-09,1.31773
2013-09-10,1.3195
2013-09-11,1.32368
2013-09-12,1.32691
2013-09-13,1.32952
2013-09-16,1.32992
2013-09-17,1.33339
2013-09-18,1.33513
2013-09-19,1.33634
2013-09-20,1.34749
2013-09-23,1.35279
2013-09-24,1.35192
2013-09-25,1.34986
2013-09-26,1.34926
2013-09-27,1.35011
2013-09-30,1.35159
2013-10-01,1.35145
2013-10-02,1.35262
2013-10-03,1.35413
2013-10-04,1.35822
2013-10-07,1.35758
2013-10-08,1.35661
2013-10-09,1.35735
2013-10-10,1.35529
2013-10-11,1.35261
2013-10-14,1.35342
2013-10-15,1.35573
2013-10-16,1.35433
2013-10-17,1.35272
2013-10-18,1.35727
2013-10-21,1.36561
2013-10-22,1.36798
2013-10-23,1.36967
2013-10-24,1.37506
2013-10-25,1.37874
2013-10-28,1.37999
2013-10-29,1.38017
2013-10-30,1.37815
2013-10-31,1.37571
2013-11-01,1.37009
2013-11-04,1.35533
2013-11-05,1.34954
2013-11-06,1.34957
2013-11-07,1.35003
2013-11-08,1.34857
2013-11-11,1.34105
2013-11-12,1.33771
2013-11-13,1.33985
2013-11-14,1.34259
2013-11-15,1.34529
2013-11-18,1.34835
2013-11-19,1.35004
2013-11-20,1.351
2013-11-21,1.3517
2013-11-22,1.34713
2013-11-25,1.35141
2013-11-26,1.35405
2013-11-27,1.35374
2013-11-28,1.35656
2013-11-29,1.35861
2013-12-02,1.35908
2013-12-03,1.3579
2013-12-04,1.3566
2013-12-05,1.3575
2013-12-06,1.36024
2013-12-09,1.36737
2013-12-10,1.37126
2013-12-11,1.37393
2013-12-12,1.37642
2013-12-13,1.37732
2013-12-16,1.37547
2013-12-17,1.37527
2013-12-18,1.37609
2013-12-19,1.37609
2013-12-20,1.37055
2013-12-23,1.36729
2013-12-24,1.3682
2013-12-25,1.3684
2013-12-26,1.3684
2013-12-27,1.36839
2013-12-30,1.37271
2013-12-31,1.37606
2014-01-01,1.37791
2014-01-02,1.37876
2014-01-03,1.37434
2014-01-06,1.36346
2014-01-07,1.3599
2014-01-08,1.36183
2014-01-09,1.36127
2014-01-10,1.35943
2014-01-13,1.36373
2014-01-14,1.3667
2014-01-15,1.36693
2014-01-16,1.36441
2014-01-17,1.36172
2014-01-20,1.35662
2014-01-21,1.35446
2014-01-22,1.35446
2014-01-23,1.35521
2014-01-24,1.35884
2014-01-27,1.36503
2014-01-28,1.36786
2014-01-29,1.36705
2014-01-30,1.36612
2014-01-31,1.36286
2014-02-03,1.353
2014-02-04,1.34942
2014-02-05,1.351
2014-02-06,1.35184
2014-02-07,1.3538
2014-02-10,1.36039
2014-02-11,1.36331
2014-02-12,1.36491
2014-02-13,1.36323
2014-02-14,1.36294
2014-02-17,1.36731
2014-02-18,1.37009
2014-02-19,1.37188
2014-02-20,1.37452
2014-02-21,1.37367
2014-02-24,1.37342
2014-02-25,1.37388
2014-02-26,1.37412
2014-02-27,1.37305
2014-02-28,1.36972
2014-03-03,1.37561
2014-03-04,1.37822
2014-03-05,1.37544
2014-03-06,1.37372
2014-03-07,1.37554
2014-03-10,1.38399
2014-03-11,1.38796
2014-03-12,1.38705
2014-03-13,1.38705
2014-03-14,1.3902
2014-03-17,1.39135
2014-03-18,1.39104
2014-03-19,1.39162
2014-03-20,1.39142
2014-03-21,1.38435
2014-03-24,1.37963
2014-03-25,1.37945
2014-03-26,1.38129
2014-03-27,1.38114
2014-03-28,1.37826
2014-03-31,1.37589
2014-04-01,1.37623
2014-04-02,1.37795
2014-04-03,1.37876
2014-04-04,1.37639
2014-04-07,1.37209
2014-04-08,1.37136
2014-04-09,1.37492
2014-04-10,1.37907
2014-04-11,1.38419
2014-04-14,1.38781
2014-04-15,1.38554
2014-04-16,1.38209
2014-04-17,1.38184
2014-04-18,1.38299
2014-04-21,1.38201
2014-04-22,1.38104
2014-04-23,1.38043
2014-04-24,1.38146
2014-04-25,1.38226
2014-04-28,1.38287
2014-04-29,1.38406
2014-04-30,1.38448
2014-05-01,1.38364
2014-05-02,1.38566
2014-05-05,1.38726
2014-05-06,1.38748
2014-05-07,1.38967
2014-05-08,1.39184
2014-05-09,1.39104
2014-05-12,1.3811
2014-05-13,1.37606
2014-05-14,1.37444
2014-05-15,1.3721
2014-05-16,1.37053
2014-05-19,1.36967
2014-05-20,1.3704
2014-05-21,1.37055
2014-05-22,1.36953
2014-05-23,1.36771
2014-05-26,1.36438
2014-05-27,1.36325
2014-05-28,1.36396
2014-05-29,1.36268
2014-05-30,1.36095
2014-06-02,1.3623
2014-06-03,1.36225
2014-06-04,1.36138
2014-06-05,1.36142
2014-06-06,1.36112
2014-06-09,1.36298
2014-06-10,1.36301
2014-06-11,1.35881
2014-06-12,1.35474
2014-06-13,1.35389
2014-06-16,1.35423
2014-06-17,1.35462
2014-06-18,1.35546
2014-06-19,1.35596
2014-06-20,1.35908
2014-06-23,1.36033
2014-06-24,1.35974
2014-06-25,1.36016
2014-06-26,1.36125
2014-06-27,1.36188
2014-06-30,1.36476
2014-07-01,1.36561
2014-07-02,1.36775
2014-07-03,1.36742
2014-07-04,1.36489
2014-07-07,1.36114
2014-07-08,1.36114
2014-07-09,1.36009
2014-07-10,1.36141
2014-07-11,1.36231
2014-07-14,1.36135
2014-07-15,1.36119
2014-07-16,1.36067
2014-07-17,1.35671
2014-07-18,1.35347
2014-07-21,1.35251
2014-07-22,1.35258
2014-07-23,1.3509
2014-07-24,1.34773
2014-07-25,1.34773
2014-07-28,1.34433
2014-07-29,1.34326
2014-07-30,1.34297
2014-07-31,1.34093
2014-08-01,1.33947
2014-08-04,1.34176
2014-08-05,1.3426
2014-08-06,1.34075
2014-08-07,1.33783
2014-08-08,1.33701
2014-08-11,1.33971
2014-08-12,1.34007
2014-08-13,1.33764
2014-08-14,1.33663
2014-08-15,1.33682
2014-08-18,1.33885
2014-08-19,1.33891
2014-08-20,1.33585
2014-08-21,1.33149
2014-08-22,1.32765
2014-08-25,1.32506
2014-08-26,1.32157
2014-08-27,1.3196
2014-08-28,1.31844
2014-08-29,1.3187
2014-09-01,1.31543
2014-09-02,1.31318
2014-09-03,1.31265
2014-09-04,1.31332
2014-09-05,1.31006
2014-09-08,1.30011
2014-09-09,1.29441
2014-09-10,1.29126
2014-09-11,1.29161
2014-09-12,1.29244
2014-09-15,1.29471
2014-09-16,1.29517
2014-09-17,1.29468
2014-09-18,1.2948600000000001
2014-09-19,1.2907600000000001
2014-09-22,1.28496
2014-09-23,1.28396
2014-09-24,1.28558
2014-09-25,1.28405
2014-09-26,1.27777
2014-09-29,1.2710299999999999
2014-09-30,1.2685600000000001
2014-10-01,1.26652
2014-10-02,1.26275
2014-10-03,1.2632700000000001
2014-10-06,1.2561
2014-10-07,1.25386
2014-10-08,1.2602200000000001
2014-10-09,1.26537
2014-10-10,1.27067
2014-10-13,1.26667
2014-10-14,1.26579
2014-10-15,1.26836
2014-10-16,1.26929
2014-10-17,1.2762
2014-10-20,1.27744
2014-10-21,1.27655
2014-10-22,1.2772700000000001
2014-10-23,1.27234
2014-10-24,1.26642
2014-10-27,1.26619
2014-10-28,1.2686600000000001
2014-10-29,1.27086
2014-10-30,1.27233
2014-10-31,1.26539
2014-11-03,1.25545
2014-11-04,1.25044
2014-11-05,1.25092
2014-11-06,1.25171
2014-11-07,1.24881
2014-11-10,1.24616
2014-11-11,1.24605
2014-11-12,1.24434
2014-11-13,1.2451299999999998
2014-11-14,1.2458200000000001
2014-11-17,1.2500799999999999
2014-11-18,1.2513100000000001
2014-11-19,1.24996
2014-11-20,1.2521
2014-11-21,1.2538
2014-11-24,1.24472
2014-11-25,1.2399
2014-11-26,1.2427700000000002
2014-11-27,1.24651
2014-11-28,1.24874
2014-12-01,1.24654
2014-12-02,1.24574
2014-12-03,1.2447
2014-12-04,1.23809
2014-12-05,1.2341
2014-12-08,1.23046
2014-12-09,1.23046
2014-12-10,1.23262
2014-12-11,1.23777
2014-12-12,1.2418200000000001
2014-12-15,1.24508
2014-12-16,1.24505
2014-12-17,1.2466899999999999
2014-12-18,1.2470299999999999
2014-12-19,1.23698
2014-12-22,1.2262
2014-12-23,1.22391
2014-12-24,1.22258
2014-12-25,1.2197200000000001
2014-12-26,1.2191299999999998
2014-12-29,1.2186
2014-12-30,1.21828
2014-12-31,1.21655
2015-01-01,1.21469
2015-01-02,1.21163
2015-01-05,1.2036799999999999
2015-01-06,1.1964299999999999
2015-01-07,1.19336
2015-01-08,1.18838
2015-01-09,1.18261
2015-01-12,1.18284
2015-01-13,1.1838899999999999
2015-01-14,1.18201
2015-01-15,1.1791399999999999
2015-01-16,1.17398
2015-01-19,1.16224
2015-01-20,1.15804
2015-01-21,1.1584299999999998
2015-01-22,1.15782
2015-01-23,1.156
2015-01-26,1.13415
2015-01-27,1.1214899999999999
2015-01-28,1.12658
2015-01-29,1.1326200000000002
2015-01-30,1.13161
2015-02-02,1.12907
2015-02-03,1.1309200000000001
2015-02-04,1.13572
2015-02-05,1.14221
2015-02-06,1.1413
2015-02-09,1.13446
2015-02-10,1.13227
2015-02-11,1.13216
2015-02-12,1.1314
2015-02-13,1.13316
2015-02-16,1.13735
2015-02-17,1.1395899999999999
2015-02-18,1.13856
2015-02-19,1.1384
2015-02-20,1.13944
2015-02-23,1.13863
2015-02-24,1.13621
2015-02-25,1.13382
2015-02-26,1.1344100000000001
2015-02-27,1.13284
2015-03-02,1.12397
2015-03-03,1.11933
2015-03-04,1.11878
2015-03-05,1.11544
2015-03-06,1.10828
2015-03-09,1.09212
2015-03-10,1.08509
2015-03-11,1.08059
2015-03-12,1.06847
2015-03-13,1.05997
2015-03-16,1.05297
2015-03-17,1.05231
2015-03-18,1.0569600000000001
2015-03-19,1.0569600000000001
2015-03-20,1.06781
2015-03-23,1.0785
2015-03-24,1.0847
2015-03-25,1.09095
2015-03-26,1.09446
2015-03-27,1.09564
2015-03-30,1.09166
2015-03-31,1.08657
2015-04-01,1.08007
2015-04-02,1.07661
2015-04-03,1.07984
2015-04-06,1.0918
2015-04-07,1.09818
2015-04-08,1.09267
2015-04-09,1.08542
2015-04-10,1.07711
2015-04-13,1.0650700000000002
2015-04-14,1.05887
2015-04-15,1.05925
2015-04-16,1.0620100000000001
2015-04-17,1.06808
2015-04-20,1.0769799999999998
2015-04-21,1.07827
2015-04-22,1.07379
2015-04-23,1.07334
2015-04-24,1.0745200000000001
2015-04-27,1.08257
2015-04-28,1.08689
2015-04-29,1.08985
2015-04-30,1.09863
2015-05-01,1.11106
2015-05-04,1.1182299999999998
2015-05-05,1.11788
2015-05-06,1.1154899999999999
2015-05-07,1.12155
2015-05-08,1.12964
2015-05-11,1.12494
2015-05-12,1.1177
2015-05-13,1.11874
2015-05-14,1.12479
2015-05-15,1.1340700000000001
2015-05-18,1.14232
2015-05-19,1.14149
2015-05-20,1.12871
2015-05-21,1.11575
2015-05-22,1.11215
2015-05-25,1.1054700000000002
2015-05-26,1.09933
2015-05-27,1.09419
2015-05-28,1.08979
2015-05-29,1.0906
2015-06-01,1.0962
2015-06-02,1.09582
2015-06-03,1.09895
2015-06-04,1.11242
2015-06-05,1.12411
2015-06-08,1.11785
2015-06-09,1.11445
2015-06-10,1.12389
2015-06-11,1.12952
2015-06-12,1.12855
2015-06-15,1.1270799999999999
2015-06-16,1.12477
2015-06-17,1.12496
2015-06-18,1.12638
2015-06-19,1.13345
2015-06-22,1.13589
2015-06-23,1.13585
2015-06-24,1.12887
2015-06-25,1.12106
2015-06-26,1.11975
2015-06-29,1.11839
2015-06-30,1.11255
2015-07-01,1.11515
2015-07-02,1.11333
2015-07-03,1.1085
2015-07-06,1.10979
2015-07-07,1.10701
2015-07-08,1.10161
2015-07-09,1.10165
2015-07-10,1.1043100000000001
2015-07-13,1.11178
2015-07-14,1.11111
2015-07-15,1.1037700000000001
2015-07-16,1.09972
2015-07-17,1.09389
2015-07-20,1.08609
2015-07-21,1.08351
2015-07-22,1.08571
2015-07-23,1.0903100000000001
2015-07-24,1.0951
2015-07-27,1.0977
2015-07-28,1.1024100000000001
2015-07-29,1.1058700000000001
2015-07-30,1.1053600000000001
2015-07-31,1.09865
2015-08-03,1.09725
2015-08-04,1.0975
2015-08-05,1.09566
2015-08-06,1.09039
2015-08-07,1.08965
2015-08-10,1.0945200000000002
2015-08-11,1.09711
2015-08-12,1.10041
2015-08-13,1.10816
2015-08-14,1.11276
2015-08-17,1.1119700000000001
2015-08-18,1.1098700000000001
2015-08-19,1.10714
2015-08-20,1.10561
2015-08-21,1.11201
2015-08-24,1.13016
2015-08-25,1.14533
2015-08-26,1.15072
2015-08-27,1.14755
2015-08-28,1.13516
2015-08-31,1.12247
2015-09-01,1.12058
2015-09-02,1.12484
2015-09-03,1.12648
2015-09-04,1.12179
2015-09-07,1.1163
2015-09-08,1.11538
2015-09-09,1.11725
2015-09-10,1.11779
2015-09-11,1.12069
2015-09-14,1.12939
2015-09-15,1.13323
2015-09-16,1.1311799999999999
2015-09-17,1.12848
2015-09-18,1.13029
2015-09-21,1.13087
2015-09-22,1.12791
2015-09-23,1.12034
2015-09-24,1.11547
2015-09-25,1.11885
2015-09-28,1.12043
2015-09-29,1.11974
2015-09-30,1.12255
2015-10-01,1.12271
2015-10-02,1.11853
2015-10-05,1.11964
2015-10-06,1.12184
2015-10-07,1.12188
2015-10-08,1.12411
2015-10-09,1.12626
2015-10-12,1.13232
2015-10-13,1.13663
2015-10-14,1.13723
2015-10-15,1.14002
2015-10-16,1.143
2015-10-19,1.13842
2015-10-20,1.13459
2015-10-21,1.13446
2015-10-22,1.13493
2015-10-23,1.12982
2015-10-26,1.11089
2015-10-27,1.10282
2015-10-28,1.10451
2015-10-29,1.10417
2015-10-30,1.09774
2015-11-02,1.09827
2015-11-03,1.10033
2015-11-04,1.0945200000000002
2015-11-05,1.08869
2015-11-06,1.0847
2015-11-09,1.07853
2015-11-10,1.07402
2015-11-11,1.07359
2015-11-12,1.07485
2015-11-13,1.07649
2015-11-16,1.07394
2015-11-17,1.06856
2015-11-18,1.0655700000000001
2015-11-19,1.06829
2015-11-20,1.0697299999999998
2015-11-23,1.0649600000000001
2015-11-24,1.06356
2015-11-25,1.06362
2015-11-26,1.06227
2015-11-27,1.0606799999999998
2015-11-30,1.05873
2015-12-01,1.0589899999999999
2015-12-02,1.06034
2015-12-03,1.06562
2015-12-04,1.08246
2015-12-07,1.08703
2015-12-08,1.08571
2015-12-09,1.09085
2015-12-10,1.09641
2015-12-11,1.09665
2015-12-14,1.09734
2015-12-15,1.0985
2015-12-16,1.09541
2015-12-17,1.08837
2015-12-18,1.08423
2015-12-21,1.08643
2015-12-22,1.09144
2015-12-23,1.09285
2015-12-24,1.09344
2015-12-25,1.09552
2015-12-28,1.09696
2015-12-29,1.09648
2015-12-30,1.09385
2015-12-31,1.09143
2016-01-01,1.08841
2016-01-04,1.08675
2016-01-05,1.08162
2016-01-06,1.07638
2016-01-07,1.0802
2016-01-08,1.08676
2016-01-11,1.0897700000000001
2016-01-12,1.08765
2016-01-13,1.0846
2016-01-14,1.0866799999999999
2016-01-15,1.08962
2016-01-18,1.08998
2016-01-19,1.0893
2016-01-20,1.0910799999999998
2016-01-21,1.08942
2016-01-22,1.0848
2016-01-25,1.08231
2016-01-26,1.08358
2016-01-27,1.0861
2016-01-28,1.0896700000000001
2016-01-29,1.09007
2016-02-01,1.08728
2016-02-02,1.08904
2016-02-03,1.09436
2016-02-04,1.10771
2016-02-05,1.1165
2016-02-08,1.11601
2016-02-09,1.12009
2016-02-10,1.1256
2016-02-11,1.12963
2016-02-12,1.1294
2016-02-15,1.12281
2016-02-16,1.11731
2016-02-17,1.115
2016-02-18,1.11281
2016-02-19,1.1116
2016-02-22,1.10875
2016-02-23,1.10427
2016-02-24,1.10144
2016-02-25,1.10176
2016-02-26,1.10132
2016-02-29,1.0945200000000002
2016-03-01,1.08866
2016-03-02,1.08645
2016-03-03,1.08794
2016-03-04,1.09385
2016-03-07,1.0977700000000001
2016-03-08,1.0977700000000001
2016-03-09,1.10065
2016-03-10,1.1174499988556001
2016-03-11,1.11067
2016-03-13,1.1156499385834
2016-03-14,1.1103999614716
2016-03-15,1.110799908638
2016-03-16,1.1216999292374
2016-03-17,1.1318500041961999
2016-03-20,1.1267999410629
2016-03-21,1.12399995327
2016-03-22,1.1235954761505
2016-03-23,1.1222966909408998
2016-03-24,1.1181054115295
2016-03-25,1.1167943477631002
2016-03-27,1.1164499521255
2016-03-28,1.1201000213623
2016-03-29,1.1288499832153
2016-03-30,1.1333000659943
2016-03-31,1.1378999948502
2016-04-03,1.1392999887466
2016-04-04,1.1390500068665
2016-04-05,1.1386499404907
2016-04-06,1.1398500204086
2016-04-07,1.1371499300003
2016-04-08,1.137397646904
2016-04-11,1.1428499221802
2016-04-12,1.1405000686646
2016-04-13,1.1279499530792
2016-04-14,1.1265000104904
2016-04-17,1.1291000843048
2016-04-18,1.1309499740601
2016-04-19,1.1355999708176
2016-04-20,1.1359634399414
2016-04-21,1.1305055618286
2016-04-22,1.1292034387589
2016-04-25,1.126699924469
2016-04-26,1.1298500299454
2016-04-27,1.1327999830246
2016-04-28,1.1351499557495
2016-04-29,1.1446999311447
2016-05-02,1.1528500318527
2016-05-03,1.1500499248505
2016-05-04,1.1490499973297
2016-05-05,1.1403000354767
2016-05-06,1.1404500007629
2016-05-09,1.1383000612259
2016-05-10,1.1372998952866
2016-05-11,1.1423999071121
2016-05-12,1.1377999782562
2016-05-13,1.1307998895645
2016-05-16,1.131500005722
2016-05-17,1.1311999559402
2016-05-18,1.1225999593735
2016-05-19,1.1202499866486
2016-05-20,1.1221498250961
2016-05-23,1.1216999292374
2016-05-24,1.114149928093
2016-05-25,1.1155999898911
2016-05-26,1.1193499565125
2016-05-27,1.1115499734879
2016-05-30,1.1140999794006
2016-05-31,1.1131999492645
2016-06-01,1.1185998916626
2016-06-02,1.1151000261307
2016-06-03,1.1366000175476
2016-06-06,1.1354500055313
2016-06-07,1.1356499195099
2016-06-08,1.1398500204086
2016-06-09,1.1315499544144
2016-06-10,1.1253498792648
2016-06-13,1.1290999650955
2016-06-14,1.1208499670029
2016-06-15,1.1262499094009
2016-06-16,1.1233999729156
2016-06-17,1.1275999546051
2016-06-20,1.1315999031067
2016-06-21,1.1259499788284
2016-06-22,1.1332498788834
2016-06-23,1.1369999647141
2016-06-24,1.1117997169495
2016-06-27,1.1015499830246
2016-06-28,1.1074500083923
2016-06-29,1.1123999357224
2016-06-30,1.110617518425
2016-07-01,1.1139578819275
2016-07-04,1.1149514913559
2016-07-05,1.1065618991852
2016-07-06,1.1098779439926
2016-07-07,1.1061947345734
2016-07-08,1.105705499649
2016-07-11,1.1064394712448
2016-07-12,1.1066844463348
2016-07-13,1.1101243495941
2016-07-14,1.1118524074554
2016-07-15,1.1037527322769
2016-07-18,1.1077877283096
2016-07-19,1.1021713018417
2016-07-20,1.1013215780258
2016-07-21,1.1030223369598
2016-07-22,1.098056435585
2016-07-25,1.0997470617294
2016-07-26,1.099263548851
2016-07-27,1.106072306633
2016-07-28,1.1080332994461
2016-07-29,1.1178179979324
2016-08-01,1.1170687675476
2016-08-02,1.1222084760666
2016-08-03,1.1153244972229
2016-08-04,1.1130899190903
2016-08-05,1.1086474657059
2016-08-08,1.1087703704834
2016-08-09,1.1119760274887
2016-08-10,1.1188185214996
2016-08-11,1.114330291748
2016-08-12,1.1164453029633001
2016-08-15,1.1189436912536999
2016-08-16,1.1280316114426001
2016-08-17,1.1298158168793
2016-08-18,1.1349449157715
2016-08-19,1.1331444978714
2016-08-22,1.1323746442795
2016-08-23,1.1307101249695
2016-08-24,1.1268875598907
2016-08-25,1.12879550457
2016-08-26,1.1200717687607
2016-08-29,1.119068980217
2016-08-30,1.1152001619339
2016-08-31,1.1163206100463998
2016-09-01,1.1198208332062
2016-09-02,1.1158223152161
2016-09-05,1.1152001619339
2016-09-06,1.1247328519821003
2016-09-07,1.1244798898697
2016-09-08,1.1267606019974
2016-09-09,1.1230907440186002
2016-09-12,1.1242270469666
2016-09-13,1.1218308210373
2016-09-14,1.1247328519821003
2016-09-15,1.1251125335693
2016-09-16,1.1160713434219
2016-09-19,1.1181930303574
2016-09-20,1.1155734062195
2016-09-21,1.1191942691803
2016-09-22,1.1213276386261002
2016-09-23,1.1232168674468999
2016-09-26,1.1254924535751
2016-09-27,1.1220825910568
2016-09-28,1.1220825910568
2016-09-29,1.1225864887238
2016-09-30,1.1244798898697
2016-10-03,1.1217050552368
2016-10-04,1.1208249330521
2016-10-05,1.1209505796432
2016-10-06,1.1149514913558998
2016-10-07,1.1205737590790001
2016-10-10,1.114330291748
2016-10-11,1.1064394712448
2016-10-12,1.1015641689301001
2016-10-13,1.1057054996490001
2016-10-14,1.0972130298615
2016-10-17,1.1007153987884999
2016-10-18,1.098177075386
2016-10-19,1.098177075386
2016-10-20,1.0931351184845
2016-10-21,1.0887316465378
2016-10-24,1.0882576704025
2016-10-25,1.0892059803009
2016-10-26,1.0911074876785
2016-10-27,1.0897995233536
2016-10-28,1.0986596345901
2016-10-31,1.0973334312439
2016-11-01,1.0973334312439
2016-11-02,1.1058276891708
2016-11-03,1.1097548007965
2016-11-04,1.1101243495941002
2016-11-07,1.1112345457077
2016-11-08,1.1048502922058
2016-11-09,1.1035091876983998
2016-11-10,1.0920606851578
2016-11-11,1.0892059803009
